audio_id,filename,path,class_label,duration,sampling_rate,channels,recording_environment,recording_device,source_distance,is_original,dataset_split
gunshot_0136,gunshot_0136.wav,C:\Users\Afzal Compters\Desktop\Sonic-sentinal-AI\audio_dataset\originals\gunshot\gunshot_0136.wav,gunshot,3.0,16000,1,,,,1,train
aggression_0290,aggression_0290.wav,C:\Users\Afzal Compters\Desktop\Sonic-sentinal-AI\audio_dataset\originals\aggression\aggression_0290.wav,aggression,3.0,16000,1,,,,1,train
panic_scream_0106,panic_scream_0106.wav,C:\Users\Afzal Compters\Desktop\Sonic-sentinal-AI\audio_dataset\originals\panic_scream\panic_scream_0106.wav,panic_scream,3.0,16000,1,,,,1,train
gunshot_0164,gunshot_0164.wav,C:\Users\Afzal Compters\Desktop\Sonic-sentinal-AI\audio_dataset\originals\gunshot\gunshot_0164.wav,gunshot,3.0,16000,1,,,,1,train
gunshot_0176,gunshot_0176.wav,C:\Users\Afzal Compters\Desktop\Sonic-sentinal-AI\audio_dataset\originals\gunshot\gunshot_0176.wav,gunshot,3.0,16000,1,,,,1,train
alarm_siren_0267,alarm_siren_0267.wav,C:\Users\Afzal Compters\Desktop\Sonic-sentinal-AI\audio_dataset\originals\alarm_siren\alarm_siren_0267.wav,alarm_siren,3.0,16000,1,,,,1,train
machinery_fault_0211,machinery_fault_0211.wav,C:\Users\Afzal Compters\Desktop\Sonic-sentinal-AI\audio_dataset\originals\machinery_fault\machinery_fault_0211.wav,machinery_fault,3.0,16000,1,,,,1,train
panic_scream_0096,panic_scream_0096.wav,C:\Users\Afzal Compters\Desktop\Sonic-sentinal-AI\audio_dataset\originals\panic_scream\panic_scream_0096.wav,panic_scream,3.0,16000,1,,,,1,train
vehicle_horn_0108,vehicle_horn_0108.wav,C:\Users\Afzal Compters\Desktop\Sonic-sentinal-AI\audio_dataset\originals\vehicle_horn\vehicle_horn_0108.wav,vehicle_horn,3.0,16000,1,,,,1,train
machinery_fault_0119,machinery_fault_0119.wav,C:\Users\Afzal Compters\Desktop\Sonic-sentinal-AI\audio_dataset\originals\machinery_fault\machinery_fault_0119.wav,machinery_fault,3.0,16000,1,,,,1,train
glass_breaking_0216,glass_breaking_0216.wav,C:\Users\Afzal Compters\Desktop\Sonic-sentinal-AI\audio_dataset\originals\glass_breaking\glass_breaking_0216.wav,glass_breaking,3.0,16000,1,,,,1,train
animal_sound_0288,animal_sound_0288.wav,C:\Users\Afzal Compters\Desktop\Sonic-sentinal-AI\audio_dataset\originals\animal_sound\animal_sound_0288.wav,animal_sound,3.0,16000,1,,,,1,train
animal_sound_0299,animal_sound_0299.wav,C:\Users\Afzal Compters\Desktop\Sonic-sentinal-AI\audio_dataset\originals\animal_sound\animal_sound_0299.wav,animal_sound,3.0,16000,1,,,,1,train
alarm_siren_0017,alarm_siren_0017.wav,C:\Users\Afzal Compters\Desktop\Sonic-sentinal-AI\audio_dataset\originals\alarm_siren\alarm_siren_0017.wav,alarm_siren,3.0,16000,1,,,,1,train
vehicle_horn_0277,vehicle_horn_0277.wav,C:\Users\Afzal Compters\Desktop\Sonic-sentinal-AI\audio_dataset\originals\vehicle_horn\vehicle_horn_0277.wav,vehicle_horn,3.0,16000,1,,,,1,train
panic_scream_0214,panic_scream_0214.wav,C:\Users\Afzal Compters\Desktop\Sonic-sentinal-AI\audio_dataset\originals\panic_scream\panic_scream_0214.wav,panic_scream,3.0,16000,1,,,,1,train
gunshot_0248,gunshot_0248.wav,C:\Users\Afzal Compters\Desktop\Sonic-sentinal-AI\audio_dataset\originals\gunshot\gunshot_0248.wav,gunshot,3.0,16000,1,,,,1,train
aggression_0137,aggression_0137.wav,C:\Users\Afzal Compters\Desktop\Sonic-sentinal-AI\audio_dataset\originals\aggression\aggression_0137.wav,aggression,3.0,16000,1,,,,1,train
vehicle_horn_0237,vehicle_horn_0237.wav,C:\Users\Afzal Compters\Desktop\Sonic-sentinal-AI\audio_dataset\originals\vehicle_horn\vehicle_horn_0237.wav,vehicle_horn,3.0,16000,1,,,,1,train
panic_scream_0111,panic_scream_0111.wav,C:\Users\Afzal Compters\Desktop\Sonic-sentinal-AI\audio_dataset\originals\panic_scream\panic_scream_0111.wav,panic_scream,3.0,16000,1,,,,1,train
animal_sound_0149,animal_sound_0149.wav,C:\Users\Afzal Compters\Desktop\Sonic-sentinal-AI\audio_dataset\originals\animal_sound\animal_sound_0149.wav,animal_sound,3.0,16000,1,,,,1,train
gunshot_0186,gunshot_0186.wav,C:\Users\Afzal Compters\Desktop\Sonic-sentinal-AI\audio_dataset\originals\gunshot\gunshot_0186.wav,gunshot,3.0,16000,1,,,,1,train
alarm_siren_0022,alarm_siren_0022.wav,C:\Users\Afzal Compters\Desktop\Sonic-sentinal-AI\audio_dataset\originals\alarm_siren\alarm_siren_0022.wav,alarm_siren,3.0,16000,1,,,,1,train
gunshot_0282,gunshot_0282.wav,C:\Users\Afzal Compters\Desktop\Sonic-sentinal-AI\audio_dataset\originals\gunshot\gunshot_0282.wav,gunshot,3.0,16000,1,,,,1,train
background_noise_0291,background_noise_0291.wav,C:\Users\Afzal Compters\Desktop\Sonic-sentinal-AI\audio_dataset\originals\background_noise\background_noise_0291.wav,background_noise,3.0,16000,1,,,,1,train
animal_sound_0287,animal_sound_0287.wav,C:\Users\Afzal Compters\Desktop\Sonic-sentinal-AI\audio_dataset\originals\animal_sound\animal_sound_0287.wav,animal_sound,3.0,16000,1,,,,1,train
alarm_siren_0184,alarm_siren_0184.wav,C:\Users\Afzal Compters\Desktop\Sonic-sentinal-AI\audio_dataset\originals\alarm_siren\alarm_siren_0184.wav,alarm_siren,3.0,16000,1,,,,1,train
gunshot_0106,gunshot_0106.wav,C:\Users\Afzal Compters\Desktop\Sonic-sentinal-AI\audio_dataset\originals\gunshot\gunshot_0106.wav,gunshot,3.0,16000,1,,,,1,train
glass_breaking_0281,glass_breaking_0281.wav,C:\Users\Afzal Compters\Desktop\Sonic-sentinal-AI\audio_dataset\originals\glass_breaking\glass_breaking_0281.wav,glass_breaking,3.0,16000,1,,,,1,train
animal_sound_0070,animal_sound_0070.wav,C:\Users\Afzal Compters\Desktop\Sonic-sentinal-AI\audio_dataset\originals\animal_sound\animal_sound_0070.wav,animal_sound,3.0,16000,1,,,,1,train
machinery_fault_0253,machinery_fault_0253.wav,C:\Users\Afzal Compters\Desktop\Sonic-sentinal-AI\audio_dataset\originals\machinery_fault\machinery_fault_0253.wav,machinery_fault,3.0,16000,1,,,,1,train
aggression_0271,aggression_0271.wav,C:\Users\Afzal Compters\Desktop\Sonic-sentinal-AI\audio_dataset\originals\aggression\aggression_0271.wav,aggression,3.0,16000,1,,,,1,train
vehicle_horn_0178,vehicle_horn_0178.wav,C:\Users\Afzal Compters\Desktop\Sonic-sentinal-AI\audio_dataset\originals\vehicle_horn\vehicle_horn_0178.wav,vehicle_horn,3.0,16000,1,,,,1,train
background_noise_0088,background_noise_0088.wav,C:\Users\Afzal Compters\Desktop\Sonic-sentinal-AI\audio_dataset\originals\background_noise\background_noise_0088.wav,background_noise,3.0,16000,1,,,,1,train
vehicle_horn_0294,vehicle_horn_0294.wav,C:\Users\Afzal Compters\Desktop\Sonic-sentinal-AI\audio_dataset\originals\vehicle_horn\vehicle_horn_0294.wav,vehicle_horn,3.0,16000,1,,,,1,train
vehicle_horn_0293,vehicle_horn_0293.wav,C:\Users\Afzal Compters\Desktop\Sonic-sentinal-AI\audio_dataset\originals\vehicle_horn\vehicle_horn_0293.wav,vehicle_horn,3.0,16000,1,,,,1,train
machinery_fault_0215,machinery_fault_0215.wav,C:\Users\Afzal Compters\Desktop\Sonic-sentinal-AI\audio_dataset\originals\machinery_fault\machinery_fault_0215.wav,machinery_fault,3.0,16000,1,,,,1,train
panic_scream_0164,panic_scream_0164.wav,C:\Users\Afzal Compters\Desktop\Sonic-sentinal-AI\audio_dataset\originals\panic_scream\panic_scream_0164.wav,panic_scream,3.0,16000,1,,,,1,train
aggression_0086,aggression_0086.wav,C:\Users\Afzal Compters\Desktop\Sonic-sentinal-AI\audio_dataset\originals\aggression\aggression_0086.wav,aggression,3.0,16000,1,,,,1,train
aggression_0173,aggression_0173.wav,C:\Users\Afzal Compters\Desktop\Sonic-sentinal-AI\audio_dataset\originals\aggression\aggression_0173.wav,aggression,3.0,16000,1,,,,1,train
machinery_fault_0062,machinery_fault_0062.wav,C:\Users\Afzal Compters\Desktop\Sonic-sentinal-AI\audio_dataset\originals\machinery_fault\machinery_fault_0062.wav,machinery_fault,3.0,16000,1,,,,1,train
panic_scream_0064,panic_scream_0064.wav,C:\Users\Afzal Compters\Desktop\Sonic-sentinal-AI\audio_dataset\originals\panic_scream\panic_scream_0064.wav,panic_scream,3.0,16000,1,,,,1,train
alarm_siren_0133,alarm_siren_0133.wav,C:\Users\Afzal Compters\Desktop\Sonic-sentinal-AI\audio_dataset\originals\alarm_siren\alarm_siren_0133.wav,alarm_siren,3.0,16000,1,,,,1,train
background_noise_0024,background_noise_0024.wav,C:\Users\Afzal Compters\Desktop\Sonic-sentinal-AI\audio_dataset\originals\background_noise\background_noise_0024.wav,background_noise,3.0,16000,1,,,,1,train
vehicle_horn_0295,vehicle_horn_0295.wav,C:\Users\Afzal Compters\Desktop\Sonic-sentinal-AI\audio_dataset\originals\vehicle_horn\vehicle_horn_0295.wav,vehicle_horn,3.0,16000,1,,,,1,train
machinery_fault_0083,machinery_fault_0083.wav,C:\Users\Afzal Compters\Desktop\Sonic-sentinal-AI\audio_dataset\originals\machinery_fault\machinery_fault_0083.wav,machinery_fault,3.0,16000,1,,,,1,train
animal_sound_0015,animal_sound_0015.wav,C:\Users\Afzal Compters\Desktop\Sonic-sentinal-AI\audio_dataset\originals\animal_sound\animal_sound_0015.wav,animal_sound,3.0,16000,1,,,,1,train
alarm_siren_0183,alarm_siren_0183.wav,C:\Users\Afzal Compters\Desktop\Sonic-sentinal-AI\audio_dataset\originals\alarm_siren\alarm_siren_0183.wav,alarm_siren,3.0,16000,1,,,,1,train
background_noise_0193,background_noise_0193.wav,C:\Users\Afzal Compters\Desktop\Sonic-sentinal-AI\audio_dataset\originals\background_noise\background_noise_0193.wav,background_noise,3.0,16000,1,,,,1,train
aggression_0133,aggression_0133.wav,C:\Users\Afzal Compters\Desktop\Sonic-sentinal-AI\audio_dataset\originals\aggression\aggression_0133.wav,aggression,3.0,16000,1,,,,1,train
machinery_fault_0027,machinery_fault_0027.wav,C:\Users\Afzal Compters\Desktop\Sonic-sentinal-AI\audio_dataset\originals\machinery_fault\machinery_fault_0027.wav,machinery_fault,3.0,16000,1,,,,1,train
gunshot_0257,gunshot_0257.wav,C:\Users\Afzal Compters\Desktop\Sonic-sentinal-AI\audio_dataset\originals\gunshot\gunshot_0257.wav,gunshot,3.0,16000,1,,,,1,train
panic_scream_0105,panic_scream_0105.wav,C:\Users\Afzal Compters\Desktop\Sonic-sentinal-AI\audio_dataset\originals\panic_scream\panic_scream_0105.wav,panic_scream,3.0,16000,1,,,,1,train
gunshot_0215,gunshot_0215.wav,C:\Users\Afzal Compters\Desktop\Sonic-sentinal-AI\audio_dataset\originals\gunshot\gunshot_0215.wav,gunshot,3.0,16000,1,,,,1,train
gunshot_0101,gunshot_0101.wav,C:\Users\Afzal Compters\Desktop\Sonic-sentinal-AI\audio_dataset\originals\gunshot\gunshot_0101.wav,gunshot,3.0,16000,1,,,,1,train
glass_breaking_0027,glass_breaking_0027.wav,C:\Users\Afzal Compters\Desktop\Sonic-sentinal-AI\audio_dataset\originals\glass_breaking\glass_breaking_0027.wav,glass_breaking,3.0,16000,1,,,,1,train
gunshot_0122,gunshot_0122.wav,C:\Users\Afzal Compters\Desktop\Sonic-sentinal-AI\audio_dataset\originals\gunshot\gunshot_0122.wav,gunshot,3.0,16000,1,,,,1,train
machinery_fault_0237,machinery_fault_0237.wav,C:\Users\Afzal Compters\Desktop\Sonic-sentinal-AI\audio_dataset\originals\machinery_fault\machinery_fault_0237.wav,machinery_fault,3.0,16000,1,,,,1,train
animal_sound_0197,animal_sound_0197.wav,C:\Users\Afzal Compters\Desktop\Sonic-sentinal-AI\audio_dataset\originals\animal_sound\animal_sound_0197.wav,animal_sound,3.0,16000,1,,,,1,train
aggression_0282,aggression_0282.wav,C:\Users\Afzal Compters\Desktop\Sonic-sentinal-AI\audio_dataset\originals\aggression\aggression_0282.wav,aggression,3.0,16000,1,,,,1,train
machinery_fault_0265,machinery_fault_0265.wav,C:\Users\Afzal Compters\Desktop\Sonic-sentinal-AI\audio_dataset\originals\machinery_fault\machinery_fault_0265.wav,machinery_fault,3.0,16000,1,,,,1,train
alarm_siren_0062,alarm_siren_0062.wav,C:\Users\Afzal Compters\Desktop\Sonic-sentinal-AI\audio_dataset\originals\alarm_siren\alarm_siren_0062.wav,alarm_siren,3.0,16000,1,,,,1,train
glass_breaking_0207,glass_breaking_0207.wav,C:\Users\Afzal Compters\Desktop\Sonic-sentinal-AI\audio_dataset\originals\glass_breaking\glass_breaking_0207.wav,glass_breaking,3.0,16000,1,,,,1,train
gunshot_0071,gunshot_0071.wav,C:\Users\Afzal Compters\Desktop\Sonic-sentinal-AI\audio_dataset\originals\gunshot\gunshot_0071.wav,gunshot,3.0,16000,1,,,,1,train
vehicle_horn_0188,vehicle_horn_0188.wav,C:\Users\Afzal Compters\Desktop\Sonic-sentinal-AI\audio_dataset\originals\vehicle_horn\vehicle_horn_0188.wav,vehicle_horn,3.0,16000,1,,,,1,train
gunshot_0001,gunshot_0001.wav,C:\Users\Afzal Compters\Desktop\Sonic-sentinal-AI\audio_dataset\originals\gunshot\gunshot_0001.wav,gunshot,3.0,16000,1,,,,1,train
machinery_fault_0257,machinery_fault_0257.wav,C:\Users\Afzal Compters\Desktop\Sonic-sentinal-AI\audio_dataset\originals\machinery_fault\machinery_fault_0257.wav,machinery_fault,3.0,16000,1,,,,1,train
alarm_siren_0041,alarm_siren_0041.wav,C:\Users\Afzal Compters\Desktop\Sonic-sentinal-AI\audio_dataset\originals\alarm_siren\alarm_siren_0041.wav,alarm_siren,3.0,16000,1,,,,1,train
panic_scream_0085,panic_scream_0085.wav,C:\Users\Afzal Compters\Desktop\Sonic-sentinal-AI\audio_dataset\originals\panic_scream\panic_scream_0085.wav,panic_scream,3.0,16000,1,,,,1,train
glass_breaking_0067,glass_breaking_0067.wav,C:\Users\Afzal Compters\Desktop\Sonic-sentinal-AI\audio_dataset\originals\glass_breaking\glass_breaking_0067.wav,glass_breaking,3.0,16000,1,,,,1,train
machinery_fault_0131,machinery_fault_0131.wav,C:\Users\Afzal Compters\Desktop\Sonic-sentinal-AI\audio_dataset\originals\machinery_fault\machinery_fault_0131.wav,machinery_fault,3.0,16000,1,,,,1,train
background_noise_0186,background_noise_0186.wav,C:\Users\Afzal Compters\Desktop\Sonic-sentinal-AI\audio_dataset\originals\background_noise\background_noise_0186.wav,background_noise,3.0,16000,1,,,,1,train
animal_sound_0020,animal_sound_0020.wav,C:\Users\Afzal Compters\Desktop\Sonic-sentinal-AI\audio_dataset\originals\animal_sound\animal_sound_0020.wav,animal_sound,3.0,16000,1,,,,1,train
glass_breaking_0225,glass_breaking_0225.wav,C:\Users\Afzal Compters\Desktop\Sonic-sentinal-AI\audio_dataset\originals\glass_breaking\glass_breaking_0225.wav,glass_breaking,3.0,16000,1,,,,1,train
gunshot_0241,gunshot_0241.wav,C:\Users\Afzal Compters\Desktop\Sonic-sentinal-AI\audio_dataset\originals\gunshot\gunshot_0241.wav,gunshot,3.0,16000,1,,,,1,train
glass_breaking_0025,glass_breaking_0025.wav,C:\Users\Afzal Compters\Desktop\Sonic-sentinal-AI\audio_dataset\originals\glass_breaking\glass_breaking_0025.wav,glass_breaking,3.0,16000,1,,,,1,train
alarm_siren_0262,alarm_siren_0262.wav,C:\Users\Afzal Compters\Desktop\Sonic-sentinal-AI\audio_dataset\originals\alarm_siren\alarm_siren_0262.wav,alarm_siren,3.0,16000,1,,,,1,train
machinery_fault_0034,machinery_fault_0034.wav,C:\Users\Afzal Compters\Desktop\Sonic-sentinal-AI\audio_dataset\originals\machinery_fault\machinery_fault_0034.wav,machinery_fault,3.0,16000,1,,,,1,train
alarm_siren_0096,alarm_siren_0096.wav,C:\Users\Afzal Compters\Desktop\Sonic-sentinal-AI\audio_dataset\originals\alarm_siren\alarm_siren_0096.wav,alarm_siren,3.0,16000,1,,,,1,train
aggression_0052,aggression_0052.wav,C:\Users\Afzal Compters\Desktop\Sonic-sentinal-AI\audio_dataset\originals\aggression\aggression_0052.wav,aggression,3.0,16000,1,,,,1,train
machinery_fault_0227,machinery_fault_0227.wav,C:\Users\Afzal Compters\Desktop\Sonic-sentinal-AI\audio_dataset\originals\machinery_fault\machinery_fault_0227.wav,machinery_fault,3.0,16000,1,,,,1,train
machinery_fault_0070,machinery_fault_0070.wav,C:\Users\Afzal Compters\Desktop\Sonic-sentinal-AI\audio_dataset\originals\machinery_fault\machinery_fault_0070.wav,machinery_fault,3.0,16000,1,,,,1,train
glass_breaking_0052,glass_breaking_0052.wav,C:\Users\Afzal Compters\Desktop\Sonic-sentinal-AI\audio_dataset\originals\glass_breaking\glass_breaking_0052.wav,glass_breaking,3.0,16000,1,,,,1,train
background_noise_0041,background_noise_0041.wav,C:\Users\Afzal Compters\Desktop\Sonic-sentinal-AI\audio_dataset\originals\background_noise\background_noise_0041.wav,background_noise,3.0,16000,1,,,,1,train
gunshot_0175,gunshot_0175.wav,C:\Users\Afzal Compters\Desktop\Sonic-sentinal-AI\audio_dataset\originals\gunshot\gunshot_0175.wav,gunshot,3.0,16000,1,,,,1,train
aggression_0065,aggression_0065.wav,C:\Users\Afzal Compters\Desktop\Sonic-sentinal-AI\audio_dataset\originals\aggression\aggression_0065.wav,aggression,3.0,16000,1,,,,1,train
animal_sound_0119,animal_sound_0119.wav,C:\Users\Afzal Compters\Desktop\Sonic-sentinal-AI\audio_dataset\originals\animal_sound\animal_sound_0119.wav,animal_sound,3.0,16000,1,,,,1,train
alarm_siren_0246,alarm_siren_0246.wav,C:\Users\Afzal Compters\Desktop\Sonic-sentinal-AI\audio_dataset\originals\alarm_siren\alarm_siren_0246.wav,alarm_siren,3.0,16000,1,,,,1,train
machinery_fault_0003,machinery_fault_0003.wav,C:\Users\Afzal Compters\Desktop\Sonic-sentinal-AI\audio_dataset\originals\machinery_fault\machinery_fault_0003.wav,machinery_fault,3.0,16000,1,,,,1,train
gunshot_0284,gunshot_0284.wav,C:\Users\Afzal Compters\Desktop\Sonic-sentinal-AI\audio_dataset\originals\gunshot\gunshot_0284.wav,gunshot,3.0,16000,1,,,,1,train
machinery_fault_0182,machinery_fault_0182.wav,C:\Users\Afzal Compters\Desktop\Sonic-sentinal-AI\audio_dataset\originals\machinery_fault\machinery_fault_0182.wav,machinery_fault,3.0,16000,1,,,,1,train
vehicle_horn_0190,vehicle_horn_0190.wav,C:\Users\Afzal Compters\Desktop\Sonic-sentinal-AI\audio_dataset\originals\vehicle_horn\vehicle_horn_0190.wav,vehicle_horn,3.0,16000,1,,,,1,train
machinery_fault_0140,machinery_fault_0140.wav,C:\Users\Afzal Compters\Desktop\Sonic-sentinal-AI\audio_dataset\originals\machinery_fault\machinery_fault_0140.wav,machinery_fault,3.0,16000,1,,,,1,train
gunshot_0065,gunshot_0065.wav,C:\Users\Afzal Compters\Desktop\Sonic-sentinal-AI\audio_dataset\originals\gunshot\gunshot_0065.wav,gunshot,3.0,16000,1,,,,1,train
vehicle_horn_0204,vehicle_horn_0204.wav,C:\Users\Afzal Compters\Desktop\Sonic-sentinal-AI\audio_dataset\originals\vehicle_horn\vehicle_horn_0204.wav,vehicle_horn,3.0,16000,1,,,,1,train
animal_sound_0300,animal_sound_0300.wav,C:\Users\Afzal Compters\Desktop\Sonic-sentinal-AI\audio_dataset\originals\animal_sound\animal_sound_0300.wav,animal_sound,3.0,16000,1,,,,1,train
background_noise_0092,background_noise_0092.wav,C:\Users\Afzal Compters\Desktop\Sonic-sentinal-AI\audio_dataset\originals\background_noise\background_noise_0092.wav,background_noise,3.0,16000,1,,,,1,train
glass_breaking_0244,glass_breaking_0244.wav,C:\Users\Afzal Compters\Desktop\Sonic-sentinal-AI\audio_dataset\originals\glass_breaking\glass_breaking_0244.wav,glass_breaking,3.0,16000,1,,,,1,train
vehicle_horn_0043,vehicle_horn_0043.wav,C:\Users\Afzal Compters\Desktop\Sonic-sentinal-AI\audio_dataset\originals\vehicle_horn\vehicle_horn_0043.wav,vehicle_horn,3.0,16000,1,,,,1,train
vehicle_horn_0133,vehicle_horn_0133.wav,C:\Users\Afzal Compters\Desktop\Sonic-sentinal-AI\audio_dataset\originals\vehicle_horn\vehicle_horn_0133.wav,vehicle_horn,3.0,16000,1,,,,1,train
machinery_fault_0238,machinery_fault_0238.wav,C:\Users\Afzal Compters\Desktop\Sonic-sentinal-AI\audio_dataset\originals\machinery_fault\machinery_fault_0238.wav,machinery_fault,3.0,16000,1,,,,1,train
aggression_0095,aggression_0095.wav,C:\Users\Afzal Compters\Desktop\Sonic-sentinal-AI\audio_dataset\originals\aggression\aggression_0095.wav,aggression,3.0,16000,1,,,,1,train
machinery_fault_0004,machinery_fault_0004.wav,C:\Users\Afzal Compters\Desktop\Sonic-sentinal-AI\audio_dataset\originals\machinery_fault\machinery_fault_0004.wav,machinery_fault,3.0,16000,1,,,,1,train
animal_sound_0012,animal_sound_0012.wav,C:\Users\Afzal Compters\Desktop\Sonic-sentinal-AI\audio_dataset\originals\animal_sound\animal_sound_0012.wav,animal_sound,3.0,16000,1,,,,1,train
animal_sound_0247,animal_sound_0247.wav,C:\Users\Afzal Compters\Desktop\Sonic-sentinal-AI\audio_dataset\originals\animal_sound\animal_sound_0247.wav,animal_sound,3.0,16000,1,,,,1,train
animal_sound_0257,animal_sound_0257.wav,C:\Users\Afzal Compters\Desktop\Sonic-sentinal-AI\audio_dataset\originals\animal_sound\animal_sound_0257.wav,animal_sound,3.0,16000,1,,,,1,train
background_noise_0151,background_noise_0151.wav,C:\Users\Afzal Compters\Desktop\Sonic-sentinal-AI\audio_dataset\originals\background_noise\background_noise_0151.wav,background_noise,3.0,16000,1,,,,1,train
alarm_siren_0294,alarm_siren_0294.wav,C:\Users\Afzal Compters\Desktop\Sonic-sentinal-AI\audio_dataset\originals\alarm_siren\alarm_siren_0294.wav,alarm_siren,3.0,16000,1,,,,1,train
animal_sound_0271,animal_sound_0271.wav,C:\Users\Afzal Compters\Desktop\Sonic-sentinal-AI\audio_dataset\originals\animal_sound\animal_sound_0271.wav,animal_sound,3.0,16000,1,,,,1,train
aggression_0126,aggression_0126.wav,C:\Users\Afzal Compters\Desktop\Sonic-sentinal-AI\audio_dataset\originals\aggression\aggression_0126.wav,aggression,3.0,16000,1,,,,1,train
animal_sound_0265,animal_sound_0265.wav,C:\Users\Afzal Compters\Desktop\Sonic-sentinal-AI\audio_dataset\originals\animal_sound\animal_sound_0265.wav,animal_sound,3.0,16000,1,,,,1,train
gunshot_0229,gunshot_0229.wav,C:\Users\Afzal Compters\Desktop\Sonic-sentinal-AI\audio_dataset\originals\gunshot\gunshot_0229.wav,gunshot,3.0,16000,1,,,,1,train
panic_scream_0074,panic_scream_0074.wav,C:\Users\Afzal Compters\Desktop\Sonic-sentinal-AI\audio_dataset\originals\panic_scream\panic_scream_0074.wav,panic_scream,3.0,16000,1,,,,1,train
glass_breaking_0084,glass_breaking_0084.wav,C:\Users\Afzal Compters\Desktop\Sonic-sentinal-AI\audio_dataset\originals\glass_breaking\glass_breaking_0084.wav,glass_breaking,3.0,16000,1,,,,1,train
gunshot_0246,gunshot_0246.wav,C:\Users\Afzal Compters\Desktop\Sonic-sentinal-AI\audio_dataset\originals\gunshot\gunshot_0246.wav,gunshot,3.0,16000,1,,,,1,train
machinery_fault_0199,machinery_fault_0199.wav,C:\Users\Afzal Compters\Desktop\Sonic-sentinal-AI\audio_dataset\originals\machinery_fault\machinery_fault_0199.wav,machinery_fault,3.0,16000,1,,,,1,train
aggression_0280,aggression_0280.wav,C:\Users\Afzal Compters\Desktop\Sonic-sentinal-AI\audio_dataset\originals\aggression\aggression_0280.wav,aggression,3.0,16000,1,,,,1,train
vehicle_horn_0098,vehicle_horn_0098.wav,C:\Users\Afzal Compters\Desktop\Sonic-sentinal-AI\audio_dataset\originals\vehicle_horn\vehicle_horn_0098.wav,vehicle_horn,3.0,16000,1,,,,1,train
aggression_0298,aggression_0298.wav,C:\Users\Afzal Compters\Desktop\Sonic-sentinal-AI\audio_dataset\originals\aggression\aggression_0298.wav,aggression,3.0,16000,1,,,,1,train
panic_scream_0103,panic_scream_0103.wav,C:\Users\Afzal Compters\Desktop\Sonic-sentinal-AI\audio_dataset\originals\panic_scream\panic_scream_0103.wav,panic_scream,3.0,16000,1,,,,1,train
glass_breaking_0014,glass_breaking_0014.wav,C:\Users\Afzal Compters\Desktop\Sonic-sentinal-AI\audio_dataset\originals\glass_breaking\glass_breaking_0014.wav,glass_breaking,3.0,16000,1,,,,1,train
panic_scream_0215,panic_scream_0215.wav,C:\Users\Afzal Compters\Desktop\Sonic-sentinal-AI\audio_dataset\originals\panic_scream\panic_scream_0215.wav,panic_scream,3.0,16000,1,,,,1,train
glass_breaking_0095,glass_breaking_0095.wav,C:\Users\Afzal Compters\Desktop\Sonic-sentinal-AI\audio_dataset\originals\glass_breaking\glass_breaking_0095.wav,glass_breaking,3.0,16000,1,,,,1,train
background_noise_0256,background_noise_0256.wav,C:\Users\Afzal Compters\Desktop\Sonic-sentinal-AI\audio_dataset\originals\background_noise\background_noise_0256.wav,background_noise,3.0,16000,1,,,,1,train
alarm_siren_0270,alarm_siren_0270.wav,C:\Users\Afzal Compters\Desktop\Sonic-sentinal-AI\audio_dataset\originals\alarm_siren\alarm_siren_0270.wav,alarm_siren,3.0,16000,1,,,,1,train
gunshot_0143,gunshot_0143.wav,C:\Users\Afzal Compters\Desktop\Sonic-sentinal-AI\audio_dataset\originals\gunshot\gunshot_0143.wav,gunshot,3.0,16000,1,,,,1,train
aggression_0269,aggression_0269.wav,C:\Users\Afzal Compters\Desktop\Sonic-sentinal-AI\audio_dataset\originals\aggression\aggression_0269.wav,aggression,3.0,16000,1,,,,1,train
glass_breaking_0144,glass_breaking_0144.wav,C:\Users\Afzal Compters\Desktop\Sonic-sentinal-AI\audio_dataset\originals\glass_breaking\glass_breaking_0144.wav,glass_breaking,3.0,16000,1,,,,1,train
gunshot_0268,gunshot_0268.wav,C:\Users\Afzal Compters\Desktop\Sonic-sentinal-AI\audio_dataset\originals\gunshot\gunshot_0268.wav,gunshot,3.0,16000,1,,,,1,train
alarm_siren_0076,alarm_siren_0076.wav,C:\Users\Afzal Compters\Desktop\Sonic-sentinal-AI\audio_dataset\originals\alarm_siren\alarm_siren_0076.wav,alarm_siren,3.0,16000,1,,,,1,train
aggression_0139,aggression_0139.wav,C:\Users\Afzal Compters\Desktop\Sonic-sentinal-AI\audio_dataset\originals\aggression\aggression_0139.wav,aggression,3.0,16000,1,,,,1,train
alarm_siren_0193,alarm_siren_0193.wav,C:\Users\Afzal Compters\Desktop\Sonic-sentinal-AI\audio_dataset\originals\alarm_siren\alarm_siren_0193.wav,alarm_siren,3.0,16000,1,,,,1,train
gunshot_0299,gunshot_0299.wav,C:\Users\Afzal Compters\Desktop\Sonic-sentinal-AI\audio_dataset\originals\gunshot\gunshot_0299.wav,gunshot,3.0,16000,1,,,,1,train
panic_scream_0227,panic_scream_0227.wav,C:\Users\Afzal Compters\Desktop\Sonic-sentinal-AI\audio_dataset\originals\panic_scream\panic_scream_0227.wav,panic_scream,3.0,16000,1,,,,1,train
alarm_siren_0045,alarm_siren_0045.wav,C:\Users\Afzal Compters\Desktop\Sonic-sentinal-AI\audio_dataset\originals\alarm_siren\alarm_siren_0045.wav,alarm_siren,3.0,16000,1,,,,1,train
panic_scream_0038,panic_scream_0038.wav,C:\Users\Afzal Compters\Desktop\Sonic-sentinal-AI\audio_dataset\originals\panic_scream\panic_scream_0038.wav,panic_scream,3.0,16000,1,,,,1,train
gunshot_0125,gunshot_0125.wav,C:\Users\Afzal Compters\Desktop\Sonic-sentinal-AI\audio_dataset\originals\gunshot\gunshot_0125.wav,gunshot,3.0,16000,1,,,,1,train
panic_scream_0120,panic_scream_0120.wav,C:\Users\Afzal Compters\Desktop\Sonic-sentinal-AI\audio_dataset\originals\panic_scream\panic_scream_0120.wav,panic_scream,3.0,16000,1,,,,1,train
glass_breaking_0048,glass_breaking_0048.wav,C:\Users\Afzal Compters\Desktop\Sonic-sentinal-AI\audio_dataset\originals\glass_breaking\glass_breaking_0048.wav,glass_breaking,3.0,16000,1,,,,1,train
aggression_0097,aggression_0097.wav,C:\Users\Afzal Compters\Desktop\Sonic-sentinal-AI\audio_dataset\originals\aggression\aggression_0097.wav,aggression,3.0,16000,1,,,,1,train
alarm_siren_0086,alarm_siren_0086.wav,C:\Users\Afzal Compters\Desktop\Sonic-sentinal-AI\audio_dataset\originals\alarm_siren\alarm_siren_0086.wav,alarm_siren,3.0,16000,1,,,,1,train
vehicle_horn_0145,vehicle_horn_0145.wav,C:\Users\Afzal Compters\Desktop\Sonic-sentinal-AI\audio_dataset\originals\vehicle_horn\vehicle_horn_0145.wav,vehicle_horn,3.0,16000,1,,,,1,train
machinery_fault_0153,machinery_fault_0153.wav,C:\Users\Afzal Compters\Desktop\Sonic-sentinal-AI\audio_dataset\originals\machinery_fault\machinery_fault_0153.wav,machinery_fault,3.0,16000,1,,,,1,train
aggression_0244,aggression_0244.wav,C:\Users\Afzal Compters\Desktop\Sonic-sentinal-AI\audio_dataset\originals\aggression\aggression_0244.wav,aggression,3.0,16000,1,,,,1,train
gunshot_0110,gunshot_0110.wav,C:\Users\Afzal Compters\Desktop\Sonic-sentinal-AI\audio_dataset\originals\gunshot\gunshot_0110.wav,gunshot,3.0,16000,1,,,,1,train
glass_breaking_0218,glass_breaking_0218.wav,C:\Users\Afzal Compters\Desktop\Sonic-sentinal-AI\audio_dataset\originals\glass_breaking\glass_breaking_0218.wav,glass_breaking,3.0,16000,1,,,,1,train
gunshot_0271,gunshot_0271.wav,C:\Users\Afzal Compters\Desktop\Sonic-sentinal-AI\audio_dataset\originals\gunshot\gunshot_0271.wav,gunshot,3.0,16000,1,,,,1,train
vehicle_horn_0089,vehicle_horn_0089.wav,C:\Users\Afzal Compters\Desktop\Sonic-sentinal-AI\audio_dataset\originals\vehicle_horn\vehicle_horn_0089.wav,vehicle_horn,3.0,16000,1,,,,1,train
panic_scream_0124,panic_scream_0124.wav,C:\Users\Afzal Compters\Desktop\Sonic-sentinal-AI\audio_dataset\originals\panic_scream\panic_scream_0124.wav,panic_scream,3.0,16000,1,,,,1,train
background_noise_0044,background_noise_0044.wav,C:\Users\Afzal Compters\Desktop\Sonic-sentinal-AI\audio_dataset\originals\background_noise\background_noise_0044.wav,background_noise,3.0,16000,1,,,,1,train
panic_scream_0243,panic_scream_0243.wav,C:\Users\Afzal Compters\Desktop\Sonic-sentinal-AI\audio_dataset\originals\panic_scream\panic_scream_0243.wav,panic_scream,3.0,16000,1,,,,1,train
machinery_fault_0029,machinery_fault_0029.wav,C:\Users\Afzal Compters\Desktop\Sonic-sentinal-AI\audio_dataset\originals\machinery_fault\machinery_fault_0029.wav,machinery_fault,3.0,16000,1,,,,1,train
panic_scream_0040,panic_scream_0040.wav,C:\Users\Afzal Compters\Desktop\Sonic-sentinal-AI\audio_dataset\originals\panic_scream\panic_scream_0040.wav,panic_scream,3.0,16000,1,,,,1,train
gunshot_0036,gunshot_0036.wav,C:\Users\Afzal Compters\Desktop\Sonic-sentinal-AI\audio_dataset\originals\gunshot\gunshot_0036.wav,gunshot,3.0,16000,1,,,,1,train
vehicle_horn_0253,vehicle_horn_0253.wav,C:\Users\Afzal Compters\Desktop\Sonic-sentinal-AI\audio_dataset\originals\vehicle_horn\vehicle_horn_0253.wav,vehicle_horn,3.0,16000,1,,,,1,train
alarm_siren_0187,alarm_siren_0187.wav,C:\Users\Afzal Compters\Desktop\Sonic-sentinal-AI\audio_dataset\originals\alarm_siren\alarm_siren_0187.wav,alarm_siren,3.0,16000,1,,,,1,train
vehicle_horn_0126,vehicle_horn_0126.wav,C:\Users\Afzal Compters\Desktop\Sonic-sentinal-AI\audio_dataset\originals\vehicle_horn\vehicle_horn_0126.wav,vehicle_horn,3.0,16000,1,,,,1,train
panic_scream_0025,panic_scream_0025.wav,C:\Users\Afzal Compters\Desktop\Sonic-sentinal-AI\audio_dataset\originals\panic_scream\panic_scream_0025.wav,panic_scream,3.0,16000,1,,,,1,train
panic_scream_0082,panic_scream_0082.wav,C:\Users\Afzal Compters\Desktop\Sonic-sentinal-AI\audio_dataset\originals\panic_scream\panic_scream_0082.wav,panic_scream,3.0,16000,1,,,,1,train
animal_sound_0212,animal_sound_0212.wav,C:\Users\Afzal Compters\Desktop\Sonic-sentinal-AI\audio_dataset\originals\animal_sound\animal_sound_0212.wav,animal_sound,3.0,16000,1,,,,1,train
alarm_siren_0209,alarm_siren_0209.wav,C:\Users\Afzal Compters\Desktop\Sonic-sentinal-AI\audio_dataset\originals\alarm_siren\alarm_siren_0209.wav,alarm_siren,3.0,16000,1,,,,1,train
alarm_siren_0037,alarm_siren_0037.wav,C:\Users\Afzal Compters\Desktop\Sonic-sentinal-AI\audio_dataset\originals\alarm_siren\alarm_siren_0037.wav,alarm_siren,3.0,16000,1,,,,1,train
machinery_fault_0028,machinery_fault_0028.wav,C:\Users\Afzal Compters\Desktop\Sonic-sentinal-AI\audio_dataset\originals\machinery_fault\machinery_fault_0028.wav,machinery_fault,3.0,16000,1,,,,1,train
vehicle_horn_0101,vehicle_horn_0101.wav,C:\Users\Afzal Compters\Desktop\Sonic-sentinal-AI\audio_dataset\originals\vehicle_horn\vehicle_horn_0101.wav,vehicle_horn,3.0,16000,1,,,,1,train
background_noise_0191,background_noise_0191.wav,C:\Users\Afzal Compters\Desktop\Sonic-sentinal-AI\audio_dataset\originals\background_noise\background_noise_0191.wav,background_noise,3.0,16000,1,,,,1,train
animal_sound_0160,animal_sound_0160.wav,C:\Users\Afzal Compters\Desktop\Sonic-sentinal-AI\audio_dataset\originals\animal_sound\animal_sound_0160.wav,animal_sound,3.0,16000,1,,,,1,train
alarm_siren_0010,alarm_siren_0010.wav,C:\Users\Afzal Compters\Desktop\Sonic-sentinal-AI\audio_dataset\originals\alarm_siren\alarm_siren_0010.wav,alarm_siren,3.0,16000,1,,,,1,train
panic_scream_0293,panic_scream_0293.wav,C:\Users\Afzal Compters\Desktop\Sonic-sentinal-AI\audio_dataset\originals\panic_scream\panic_scream_0293.wav,panic_scream,3.0,16000,1,,,,1,train
vehicle_horn_0156,vehicle_horn_0156.wav,C:\Users\Afzal Compters\Desktop\Sonic-sentinal-AI\audio_dataset\originals\vehicle_horn\vehicle_horn_0156.wav,vehicle_horn,3.0,16000,1,,,,1,train
glass_breaking_0257,glass_breaking_0257.wav,C:\Users\Afzal Compters\Desktop\Sonic-sentinal-AI\audio_dataset\originals\glass_breaking\glass_breaking_0257.wav,glass_breaking,3.0,16000,1,,,,1,train
background_noise_0254,background_noise_0254.wav,C:\Users\Afzal Compters\Desktop\Sonic-sentinal-AI\audio_dataset\originals\background_noise\background_noise_0254.wav,background_noise,3.0,16000,1,,,,1,train
vehicle_horn_0183,vehicle_horn_0183.wav,C:\Users\Afzal Compters\Desktop\Sonic-sentinal-AI\audio_dataset\originals\vehicle_horn\vehicle_horn_0183.wav,vehicle_horn,3.0,16000,1,,,,1,train
glass_breaking_0037,glass_breaking_0037.wav,C:\Users\Afzal Compters\Desktop\Sonic-sentinal-AI\audio_dataset\originals\glass_breaking\glass_breaking_0037.wav,glass_breaking,3.0,16000,1,,,,1,train
background_noise_0054,background_noise_0054.wav,C:\Users\Afzal Compters\Desktop\Sonic-sentinal-AI\audio_dataset\originals\background_noise\background_noise_0054.wav,background_noise,3.0,16000,1,,,,1,train
animal_sound_0025,animal_sound_0025.wav,C:\Users\Afzal Compters\Desktop\Sonic-sentinal-AI\audio_dataset\originals\animal_sound\animal_sound_0025.wav,animal_sound,3.0,16000,1,,,,1,train
animal_sound_0042,animal_sound_0042.wav,C:\Users\Afzal Compters\Desktop\Sonic-sentinal-AI\audio_dataset\originals\animal_sound\animal_sound_0042.wav,animal_sound,3.0,16000,1,,,,1,train
background_noise_0266,background_noise_0266.wav,C:\Users\Afzal Compters\Desktop\Sonic-sentinal-AI\audio_dataset\originals\background_noise\background_noise_0266.wav,background_noise,3.0,16000,1,,,,1,train
background_noise_0049,background_noise_0049.wav,C:\Users\Afzal Compters\Desktop\Sonic-sentinal-AI\audio_dataset\originals\background_noise\background_noise_0049.wav,background_noise,3.0,16000,1,,,,1,train
glass_breaking_0059,glass_breaking_0059.wav,C:\Users\Afzal Compters\Desktop\Sonic-sentinal-AI\audio_dataset\originals\glass_breaking\glass_breaking_0059.wav,glass_breaking,3.0,16000,1,,,,1,train
machinery_fault_0219,machinery_fault_0219.wav,C:\Users\Afzal Compters\Desktop\Sonic-sentinal-AI\audio_dataset\originals\machinery_fault\machinery_fault_0219.wav,machinery_fault,3.0,16000,1,,,,1,train
panic_scream_0036,panic_scream_0036.wav,C:\Users\Afzal Compters\Desktop\Sonic-sentinal-AI\audio_dataset\originals\panic_scream\panic_scream_0036.wav,panic_scream,3.0,16000,1,,,,1,train
gunshot_0133,gunshot_0133.wav,C:\Users\Afzal Compters\Desktop\Sonic-sentinal-AI\audio_dataset\originals\gunshot\gunshot_0133.wav,gunshot,3.0,16000,1,,,,1,train
panic_scream_0126,panic_scream_0126.wav,C:\Users\Afzal Compters\Desktop\Sonic-sentinal-AI\audio_dataset\originals\panic_scream\panic_scream_0126.wav,panic_scream,3.0,16000,1,,,,1,train
gunshot_0285,gunshot_0285.wav,C:\Users\Afzal Compters\Desktop\Sonic-sentinal-AI\audio_dataset\originals\gunshot\gunshot_0285.wav,gunshot,3.0,16000,1,,,,1,train
vehicle_horn_0298,vehicle_horn_0298.wav,C:\Users\Afzal Compters\Desktop\Sonic-sentinal-AI\audio_dataset\originals\vehicle_horn\vehicle_horn_0298.wav,vehicle_horn,3.0,16000,1,,,,1,train
aggression_0205,aggression_0205.wav,C:\Users\Afzal Compters\Desktop\Sonic-sentinal-AI\audio_dataset\originals\aggression\aggression_0205.wav,aggression,3.0,16000,1,,,,1,train
alarm_siren_0221,alarm_siren_0221.wav,C:\Users\Afzal Compters\Desktop\Sonic-sentinal-AI\audio_dataset\originals\alarm_siren\alarm_siren_0221.wav,alarm_siren,3.0,16000,1,,,,1,train
glass_breaking_0042,glass_breaking_0042.wav,C:\Users\Afzal Compters\Desktop\Sonic-sentinal-AI\audio_dataset\originals\glass_breaking\glass_breaking_0042.wav,glass_breaking,3.0,16000,1,,,,1,train
alarm_siren_0189,alarm_siren_0189.wav,C:\Users\Afzal Compters\Desktop\Sonic-sentinal-AI\audio_dataset\originals\alarm_siren\alarm_siren_0189.wav,alarm_siren,3.0,16000,1,,,,1,train
panic_scream_0116,panic_scream_0116.wav,C:\Users\Afzal Compters\Desktop\Sonic-sentinal-AI\audio_dataset\originals\panic_scream\panic_scream_0116.wav,panic_scream,3.0,16000,1,,,,1,train
animal_sound_0262,animal_sound_0262.wav,C:\Users\Afzal Compters\Desktop\Sonic-sentinal-AI\audio_dataset\originals\animal_sound\animal_sound_0262.wav,animal_sound,3.0,16000,1,,,,1,train
alarm_siren_0205,alarm_siren_0205.wav,C:\Users\Afzal Compters\Desktop\Sonic-sentinal-AI\audio_dataset\originals\alarm_siren\alarm_siren_0205.wav,alarm_siren,3.0,16000,1,,,,1,train
panic_scream_0098,panic_scream_0098.wav,C:\Users\Afzal Compters\Desktop\Sonic-sentinal-AI\audio_dataset\originals\panic_scream\panic_scream_0098.wav,panic_scream,3.0,16000,1,,,,1,train
animal_sound_0060,animal_sound_0060.wav,C:\Users\Afzal Compters\Desktop\Sonic-sentinal-AI\audio_dataset\originals\animal_sound\animal_sound_0060.wav,animal_sound,3.0,16000,1,,,,1,train
aggression_0241,aggression_0241.wav,C:\Users\Afzal Compters\Desktop\Sonic-sentinal-AI\audio_dataset\originals\aggression\aggression_0241.wav,aggression,3.0,16000,1,,,,1,train
animal_sound_0050,animal_sound_0050.wav,C:\Users\Afzal Compters\Desktop\Sonic-sentinal-AI\audio_dataset\originals\animal_sound\animal_sound_0050.wav,animal_sound,3.0,16000,1,,,,1,train
glass_breaking_0013,glass_breaking_0013.wav,C:\Users\Afzal Compters\Desktop\Sonic-sentinal-AI\audio_dataset\originals\glass_breaking\glass_breaking_0013.wav,glass_breaking,3.0,16000,1,,,,1,train
glass_breaking_0002,glass_breaking_0002.wav,C:\Users\Afzal Compters\Desktop\Sonic-sentinal-AI\audio_dataset\originals\glass_breaking\glass_breaking_0002.wav,glass_breaking,3.0,16000,1,,,,1,train
alarm_siren_0271,alarm_siren_0271.wav,C:\Users\Afzal Compters\Desktop\Sonic-sentinal-AI\audio_dataset\originals\alarm_siren\alarm_siren_0271.wav,alarm_siren,3.0,16000,1,,,,1,train
alarm_siren_0106,alarm_siren_0106.wav,C:\Users\Afzal Compters\Desktop\Sonic-sentinal-AI\audio_dataset\originals\alarm_siren\alarm_siren_0106.wav,alarm_siren,3.0,16000,1,,,,1,train
machinery_fault_0046,machinery_fault_0046.wav,C:\Users\Afzal Compters\Desktop\Sonic-sentinal-AI\audio_dataset\originals\machinery_fault\machinery_fault_0046.wav,machinery_fault,3.0,16000,1,,,,1,train
aggression_0199,aggression_0199.wav,C:\Users\Afzal Compters\Desktop\Sonic-sentinal-AI\audio_dataset\originals\aggression\aggression_0199.wav,aggression,3.0,16000,1,,,,1,train
gunshot_0260,gunshot_0260.wav,C:\Users\Afzal Compters\Desktop\Sonic-sentinal-AI\audio_dataset\originals\gunshot\gunshot_0260.wav,gunshot,3.0,16000,1,,,,1,train
vehicle_horn_0111,vehicle_horn_0111.wav,C:\Users\Afzal Compters\Desktop\Sonic-sentinal-AI\audio_dataset\originals\vehicle_horn\vehicle_horn_0111.wav,vehicle_horn,3.0,16000,1,,,,1,train
aggression_0229,aggression_0229.wav,C:\Users\Afzal Compters\Desktop\Sonic-sentinal-AI\audio_dataset\originals\aggression\aggression_0229.wav,aggression,3.0,16000,1,,,,1,train
gunshot_0102,gunshot_0102.wav,C:\Users\Afzal Compters\Desktop\Sonic-sentinal-AI\audio_dataset\originals\gunshot\gunshot_0102.wav,gunshot,3.0,16000,1,,,,1,train
background_noise_0137,background_noise_0137.wav,C:\Users\Afzal Compters\Desktop\Sonic-sentinal-AI\audio_dataset\originals\background_noise\background_noise_0137.wav,background_noise,3.0,16000,1,,,,1,train
alarm_siren_0110,alarm_siren_0110.wav,C:\Users\Afzal Compters\Desktop\Sonic-sentinal-AI\audio_dataset\originals\alarm_siren\alarm_siren_0110.wav,alarm_siren,3.0,16000,1,,,,1,train
animal_sound_0220,animal_sound_0220.wav,C:\Users\Afzal Compters\Desktop\Sonic-sentinal-AI\audio_dataset\originals\animal_sound\animal_sound_0220.wav,animal_sound,3.0,16000,1,,,,1,train
panic_scream_0202,panic_scream_0202.wav,C:\Users\Afzal Compters\Desktop\Sonic-sentinal-AI\audio_dataset\originals\panic_scream\panic_scream_0202.wav,panic_scream,3.0,16000,1,,,,1,train
alarm_siren_0090,alarm_siren_0090.wav,C:\Users\Afzal Compters\Desktop\Sonic-sentinal-AI\audio_dataset\originals\alarm_siren\alarm_siren_0090.wav,alarm_siren,3.0,16000,1,,,,1,train
aggression_0042,aggression_0042.wav,C:\Users\Afzal Compters\Desktop\Sonic-sentinal-AI\audio_dataset\originals\aggression\aggression_0042.wav,aggression,3.0,16000,1,,,,1,train
vehicle_horn_0118,vehicle_horn_0118.wav,C:\Users\Afzal Compters\Desktop\Sonic-sentinal-AI\audio_dataset\originals\vehicle_horn\vehicle_horn_0118.wav,vehicle_horn,3.0,16000,1,,,,1,train
panic_scream_0282,panic_scream_0282.wav,C:\Users\Afzal Compters\Desktop\Sonic-sentinal-AI\audio_dataset\originals\panic_scream\panic_scream_0282.wav,panic_scream,3.0,16000,1,,,,1,train
vehicle_horn_0026,vehicle_horn_0026.wav,C:\Users\Afzal Compters\Desktop\Sonic-sentinal-AI\audio_dataset\originals\vehicle_horn\vehicle_horn_0026.wav,vehicle_horn,3.0,16000,1,,,,1,train
gunshot_0276,gunshot_0276.wav,C:\Users\Afzal Compters\Desktop\Sonic-sentinal-AI\audio_dataset\originals\gunshot\gunshot_0276.wav,gunshot,3.0,16000,1,,,,1,train
background_noise_0232,background_noise_0232.wav,C:\Users\Afzal Compters\Desktop\Sonic-sentinal-AI\audio_dataset\originals\background_noise\background_noise_0232.wav,background_noise,3.0,16000,1,,,,1,train
machinery_fault_0296,machinery_fault_0296.wav,C:\Users\Afzal Compters\Desktop\Sonic-sentinal-AI\audio_dataset\originals\machinery_fault\machinery_fault_0296.wav,machinery_fault,3.0,16000,1,,,,1,train
machinery_fault_0147,machinery_fault_0147.wav,C:\Users\Afzal Compters\Desktop\Sonic-sentinal-AI\audio_dataset\originals\machinery_fault\machinery_fault_0147.wav,machinery_fault,3.0,16000,1,,,,1,train
animal_sound_0049,animal_sound_0049.wav,C:\Users\Afzal Compters\Desktop\Sonic-sentinal-AI\audio_dataset\originals\animal_sound\animal_sound_0049.wav,animal_sound,3.0,16000,1,,,,1,train
gunshot_0167,gunshot_0167.wav,C:\Users\Afzal Compters\Desktop\Sonic-sentinal-AI\audio_dataset\originals\gunshot\gunshot_0167.wav,gunshot,3.0,16000,1,,,,1,train
animal_sound_0094,animal_sound_0094.wav,C:\Users\Afzal Compters\Desktop\Sonic-sentinal-AI\audio_dataset\originals\animal_sound\animal_sound_0094.wav,animal_sound,3.0,16000,1,,,,1,train
machinery_fault_0016,machinery_fault_0016.wav,C:\Users\Afzal Compters\Desktop\Sonic-sentinal-AI\audio_dataset\originals\machinery_fault\machinery_fault_0016.wav,machinery_fault,3.0,16000,1,,,,1,train
animal_sound_0118,animal_sound_0118.wav,C:\Users\Afzal Compters\Desktop\Sonic-sentinal-AI\audio_dataset\originals\animal_sound\animal_sound_0118.wav,animal_sound,3.0,16000,1,,,,1,train
animal_sound_0249,animal_sound_0249.wav,C:\Users\Afzal Compters\Desktop\Sonic-sentinal-AI\audio_dataset\originals\animal_sound\animal_sound_0249.wav,animal_sound,3.0,16000,1,,,,1,train
panic_scream_0237,panic_scream_0237.wav,C:\Users\Afzal Compters\Desktop\Sonic-sentinal-AI\audio_dataset\originals\panic_scream\panic_scream_0237.wav,panic_scream,3.0,16000,1,,,,1,train
vehicle_horn_0152,vehicle_horn_0152.wav,C:\Users\Afzal Compters\Desktop\Sonic-sentinal-AI\audio_dataset\originals\vehicle_horn\vehicle_horn_0152.wav,vehicle_horn,3.0,16000,1,,,,1,train
glass_breaking_0194,glass_breaking_0194.wav,C:\Users\Afzal Compters\Desktop\Sonic-sentinal-AI\audio_dataset\originals\glass_breaking\glass_breaking_0194.wav,glass_breaking,3.0,16000,1,,,,1,train
animal_sound_0023,animal_sound_0023.wav,C:\Users\Afzal Compters\Desktop\Sonic-sentinal-AI\audio_dataset\originals\animal_sound\animal_sound_0023.wav,animal_sound,3.0,16000,1,,,,1,train
aggression_0046,aggression_0046.wav,C:\Users\Afzal Compters\Desktop\Sonic-sentinal-AI\audio_dataset\originals\aggression\aggression_0046.wav,aggression,3.0,16000,1,,,,1,train
animal_sound_0224,animal_sound_0224.wav,C:\Users\Afzal Compters\Desktop\Sonic-sentinal-AI\audio_dataset\originals\animal_sound\animal_sound_0224.wav,animal_sound,3.0,16000,1,,,,1,train
animal_sound_0161,animal_sound_0161.wav,C:\Users\Afzal Compters\Desktop\Sonic-sentinal-AI\audio_dataset\originals\animal_sound\animal_sound_0161.wav,animal_sound,3.0,16000,1,,,,1,train
alarm_siren_0218,alarm_siren_0218.wav,C:\Users\Afzal Compters\Desktop\Sonic-sentinal-AI\audio_dataset\originals\alarm_siren\alarm_siren_0218.wav,alarm_siren,3.0,16000,1,,,,1,train
alarm_siren_0241,alarm_siren_0241.wav,C:\Users\Afzal Compters\Desktop\Sonic-sentinal-AI\audio_dataset\originals\alarm_siren\alarm_siren_0241.wav,alarm_siren,3.0,16000,1,,,,1,train
animal_sound_0014,animal_sound_0014.wav,C:\Users\Afzal Compters\Desktop\Sonic-sentinal-AI\audio_dataset\originals\animal_sound\animal_sound_0014.wav,animal_sound,3.0,16000,1,,,,1,train
background_noise_0270,background_noise_0270.wav,C:\Users\Afzal Compters\Desktop\Sonic-sentinal-AI\audio_dataset\originals\background_noise\background_noise_0270.wav,background_noise,3.0,16000,1,,,,1,train
background_noise_0040,background_noise_0040.wav,C:\Users\Afzal Compters\Desktop\Sonic-sentinal-AI\audio_dataset\originals\background_noise\background_noise_0040.wav,background_noise,3.0,16000,1,,,,1,train
glass_breaking_0157,glass_breaking_0157.wav,C:\Users\Afzal Compters\Desktop\Sonic-sentinal-AI\audio_dataset\originals\glass_breaking\glass_breaking_0157.wav,glass_breaking,3.0,16000,1,,,,1,train
aggression_0035,aggression_0035.wav,C:\Users\Afzal Compters\Desktop\Sonic-sentinal-AI\audio_dataset\originals\aggression\aggression_0035.wav,aggression,3.0,16000,1,,,,1,train
alarm_siren_0134,alarm_siren_0134.wav,C:\Users\Afzal Compters\Desktop\Sonic-sentinal-AI\audio_dataset\originals\alarm_siren\alarm_siren_0134.wav,alarm_siren,3.0,16000,1,,,,1,train
aggression_0198,aggression_0198.wav,C:\Users\Afzal Compters\Desktop\Sonic-sentinal-AI\audio_dataset\originals\aggression\aggression_0198.wav,aggression,3.0,16000,1,,,,1,train
alarm_siren_0154,alarm_siren_0154.wav,C:\Users\Afzal Compters\Desktop\Sonic-sentinal-AI\audio_dataset\originals\alarm_siren\alarm_siren_0154.wav,alarm_siren,3.0,16000,1,,,,1,train
alarm_siren_0222,alarm_siren_0222.wav,C:\Users\Afzal Compters\Desktop\Sonic-sentinal-AI\audio_dataset\originals\alarm_siren\alarm_siren_0222.wav,alarm_siren,3.0,16000,1,,,,1,train
gunshot_0060,gunshot_0060.wav,C:\Users\Afzal Compters\Desktop\Sonic-sentinal-AI\audio_dataset\originals\gunshot\gunshot_0060.wav,gunshot,3.0,16000,1,,,,1,train
gunshot_0147,gunshot_0147.wav,C:\Users\Afzal Compters\Desktop\Sonic-sentinal-AI\audio_dataset\originals\gunshot\gunshot_0147.wav,gunshot,3.0,16000,1,,,,1,train
panic_scream_0285,panic_scream_0285.wav,C:\Users\Afzal Compters\Desktop\Sonic-sentinal-AI\audio_dataset\originals\panic_scream\panic_scream_0285.wav,panic_scream,3.0,16000,1,,,,1,train
animal_sound_0198,animal_sound_0198.wav,C:\Users\Afzal Compters\Desktop\Sonic-sentinal-AI\audio_dataset\originals\animal_sound\animal_sound_0198.wav,animal_sound,3.0,16000,1,,,,1,train
panic_scream_0002,panic_scream_0002.wav,C:\Users\Afzal Compters\Desktop\Sonic-sentinal-AI\audio_dataset\originals\panic_scream\panic_scream_0002.wav,panic_scream,3.0,16000,1,,,,1,train
aggression_0053,aggression_0053.wav,C:\Users\Afzal Compters\Desktop\Sonic-sentinal-AI\audio_dataset\originals\aggression\aggression_0053.wav,aggression,3.0,16000,1,,,,1,train
background_noise_0288,background_noise_0288.wav,C:\Users\Afzal Compters\Desktop\Sonic-sentinal-AI\audio_dataset\originals\background_noise\background_noise_0288.wav,background_noise,3.0,16000,1,,,,1,train
gunshot_0073,gunshot_0073.wav,C:\Users\Afzal Compters\Desktop\Sonic-sentinal-AI\audio_dataset\originals\gunshot\gunshot_0073.wav,gunshot,3.0,16000,1,,,,1,train
animal_sound_0069,animal_sound_0069.wav,C:\Users\Afzal Compters\Desktop\Sonic-sentinal-AI\audio_dataset\originals\animal_sound\animal_sound_0069.wav,animal_sound,3.0,16000,1,,,,1,train
vehicle_horn_0238,vehicle_horn_0238.wav,C:\Users\Afzal Compters\Desktop\Sonic-sentinal-AI\audio_dataset\originals\vehicle_horn\vehicle_horn_0238.wav,vehicle_horn,3.0,16000,1,,,,1,train
alarm_siren_0237,alarm_siren_0237.wav,C:\Users\Afzal Compters\Desktop\Sonic-sentinal-AI\audio_dataset\originals\alarm_siren\alarm_siren_0237.wav,alarm_siren,3.0,16000,1,,,,1,train
gunshot_0252,gunshot_0252.wav,C:\Users\Afzal Compters\Desktop\Sonic-sentinal-AI\audio_dataset\originals\gunshot\gunshot_0252.wav,gunshot,3.0,16000,1,,,,1,train
alarm_siren_0290,alarm_siren_0290.wav,C:\Users\Afzal Compters\Desktop\Sonic-sentinal-AI\audio_dataset\originals\alarm_siren\alarm_siren_0290.wav,alarm_siren,3.0,16000,1,,,,1,train
machinery_fault_0134,machinery_fault_0134.wav,C:\Users\Afzal Compters\Desktop\Sonic-sentinal-AI\audio_dataset\originals\machinery_fault\machinery_fault_0134.wav,machinery_fault,3.0,16000,1,,,,1,train
vehicle_horn_0002,vehicle_horn_0002.wav,C:\Users\Afzal Compters\Desktop\Sonic-sentinal-AI\audio_dataset\originals\vehicle_horn\vehicle_horn_0002.wav,vehicle_horn,3.0,16000,1,,,,1,train
alarm_siren_0188,alarm_siren_0188.wav,C:\Users\Afzal Compters\Desktop\Sonic-sentinal-AI\audio_dataset\originals\alarm_siren\alarm_siren_0188.wav,alarm_siren,3.0,16000,1,,,,1,train
panic_scream_0157,panic_scream_0157.wav,C:\Users\Afzal Compters\Desktop\Sonic-sentinal-AI\audio_dataset\originals\panic_scream\panic_scream_0157.wav,panic_scream,3.0,16000,1,,,,1,train
background_noise_0195,background_noise_0195.wav,C:\Users\Afzal Compters\Desktop\Sonic-sentinal-AI\audio_dataset\originals\background_noise\background_noise_0195.wav,background_noise,3.0,16000,1,,,,1,train
panic_scream_0104,panic_scream_0104.wav,C:\Users\Afzal Compters\Desktop\Sonic-sentinal-AI\audio_dataset\originals\panic_scream\panic_scream_0104.wav,panic_scream,3.0,16000,1,,,,1,train
panic_scream_0244,panic_scream_0244.wav,C:\Users\Afzal Compters\Desktop\Sonic-sentinal-AI\audio_dataset\originals\panic_scream\panic_scream_0244.wav,panic_scream,3.0,16000,1,,,,1,train
gunshot_0151,gunshot_0151.wav,C:\Users\Afzal Compters\Desktop\Sonic-sentinal-AI\audio_dataset\originals\gunshot\gunshot_0151.wav,gunshot,3.0,16000,1,,,,1,train
aggression_0129,aggression_0129.wav,C:\Users\Afzal Compters\Desktop\Sonic-sentinal-AI\audio_dataset\originals\aggression\aggression_0129.wav,aggression,3.0,16000,1,,,,1,train
machinery_fault_0292,machinery_fault_0292.wav,C:\Users\Afzal Compters\Desktop\Sonic-sentinal-AI\audio_dataset\originals\machinery_fault\machinery_fault_0292.wav,machinery_fault,3.0,16000,1,,,,1,train
glass_breaking_0024,glass_breaking_0024.wav,C:\Users\Afzal Compters\Desktop\Sonic-sentinal-AI\audio_dataset\originals\glass_breaking\glass_breaking_0024.wav,glass_breaking,3.0,16000,1,,,,1,train
panic_scream_0294,panic_scream_0294.wav,C:\Users\Afzal Compters\Desktop\Sonic-sentinal-AI\audio_dataset\originals\panic_scream\panic_scream_0294.wav,panic_scream,3.0,16000,1,,,,1,train
vehicle_horn_0032,vehicle_horn_0032.wav,C:\Users\Afzal Compters\Desktop\Sonic-sentinal-AI\audio_dataset\originals\vehicle_horn\vehicle_horn_0032.wav,vehicle_horn,3.0,16000,1,,,,1,train
glass_breaking_0229,glass_breaking_0229.wav,C:\Users\Afzal Compters\Desktop\Sonic-sentinal-AI\audio_dataset\originals\glass_breaking\glass_breaking_0229.wav,glass_breaking,3.0,16000,1,,,,1,train
aggression_0061,aggression_0061.wav,C:\Users\Afzal Compters\Desktop\Sonic-sentinal-AI\audio_dataset\originals\aggression\aggression_0061.wav,aggression,3.0,16000,1,,,,1,train
background_noise_0239,background_noise_0239.wav,C:\Users\Afzal Compters\Desktop\Sonic-sentinal-AI\audio_dataset\originals\background_noise\background_noise_0239.wav,background_noise,3.0,16000,1,,,,1,train
machinery_fault_0260,machinery_fault_0260.wav,C:\Users\Afzal Compters\Desktop\Sonic-sentinal-AI\audio_dataset\originals\machinery_fault\machinery_fault_0260.wav,machinery_fault,3.0,16000,1,,,,1,train
vehicle_horn_0230,vehicle_horn_0230.wav,C:\Users\Afzal Compters\Desktop\Sonic-sentinal-AI\audio_dataset\originals\vehicle_horn\vehicle_horn_0230.wav,vehicle_horn,3.0,16000,1,,,,1,train
background_noise_0029,background_noise_0029.wav,C:\Users\Afzal Compters\Desktop\Sonic-sentinal-AI\audio_dataset\originals\background_noise\background_noise_0029.wav,background_noise,3.0,16000,1,,,,1,train
machinery_fault_0075,machinery_fault_0075.wav,C:\Users\Afzal Compters\Desktop\Sonic-sentinal-AI\audio_dataset\originals\machinery_fault\machinery_fault_0075.wav,machinery_fault,3.0,16000,1,,,,1,train
glass_breaking_0065,glass_breaking_0065.wav,C:\Users\Afzal Compters\Desktop\Sonic-sentinal-AI\audio_dataset\originals\glass_breaking\glass_breaking_0065.wav,glass_breaking,3.0,16000,1,,,,1,train
gunshot_0092,gunshot_0092.wav,C:\Users\Afzal Compters\Desktop\Sonic-sentinal-AI\audio_dataset\originals\gunshot\gunshot_0092.wav,gunshot,3.0,16000,1,,,,1,train
aggression_0223,aggression_0223.wav,C:\Users\Afzal Compters\Desktop\Sonic-sentinal-AI\audio_dataset\originals\aggression\aggression_0223.wav,aggression,3.0,16000,1,,,,1,train
vehicle_horn_0012,vehicle_horn_0012.wav,C:\Users\Afzal Compters\Desktop\Sonic-sentinal-AI\audio_dataset\originals\vehicle_horn\vehicle_horn_0012.wav,vehicle_horn,3.0,16000,1,,,,1,train
animal_sound_0051,animal_sound_0051.wav,C:\Users\Afzal Compters\Desktop\Sonic-sentinal-AI\audio_dataset\originals\animal_sound\animal_sound_0051.wav,animal_sound,3.0,16000,1,,,,1,train
animal_sound_0292,animal_sound_0292.wav,C:\Users\Afzal Compters\Desktop\Sonic-sentinal-AI\audio_dataset\originals\animal_sound\animal_sound_0292.wav,animal_sound,3.0,16000,1,,,,1,train
animal_sound_0157,animal_sound_0157.wav,C:\Users\Afzal Compters\Desktop\Sonic-sentinal-AI\audio_dataset\originals\animal_sound\animal_sound_0157.wav,animal_sound,3.0,16000,1,,,,1,train
background_noise_0089,background_noise_0089.wav,C:\Users\Afzal Compters\Desktop\Sonic-sentinal-AI\audio_dataset\originals\background_noise\background_noise_0089.wav,background_noise,3.0,16000,1,,,,1,train
animal_sound_0101,animal_sound_0101.wav,C:\Users\Afzal Compters\Desktop\Sonic-sentinal-AI\audio_dataset\originals\animal_sound\animal_sound_0101.wav,animal_sound,3.0,16000,1,,,,1,train
aggression_0062,aggression_0062.wav,C:\Users\Afzal Compters\Desktop\Sonic-sentinal-AI\audio_dataset\originals\aggression\aggression_0062.wav,aggression,3.0,16000,1,,,,1,train
background_noise_0033,background_noise_0033.wav,C:\Users\Afzal Compters\Desktop\Sonic-sentinal-AI\audio_dataset\originals\background_noise\background_noise_0033.wav,background_noise,3.0,16000,1,,,,1,train
alarm_siren_0150,alarm_siren_0150.wav,C:\Users\Afzal Compters\Desktop\Sonic-sentinal-AI\audio_dataset\originals\alarm_siren\alarm_siren_0150.wav,alarm_siren,3.0,16000,1,,,,1,train
panic_scream_0221,panic_scream_0221.wav,C:\Users\Afzal Compters\Desktop\Sonic-sentinal-AI\audio_dataset\originals\panic_scream\panic_scream_0221.wav,panic_scream,3.0,16000,1,,,,1,train
vehicle_horn_0091,vehicle_horn_0091.wav,C:\Users\Afzal Compters\Desktop\Sonic-sentinal-AI\audio_dataset\originals\vehicle_horn\vehicle_horn_0091.wav,vehicle_horn,3.0,16000,1,,,,1,train
panic_scream_0162,panic_scream_0162.wav,C:\Users\Afzal Compters\Desktop\Sonic-sentinal-AI\audio_dataset\originals\panic_scream\panic_scream_0162.wav,panic_scream,3.0,16000,1,,,,1,train
machinery_fault_0210,machinery_fault_0210.wav,C:\Users\Afzal Compters\Desktop\Sonic-sentinal-AI\audio_dataset\originals\machinery_fault\machinery_fault_0210.wav,machinery_fault,3.0,16000,1,,,,1,train
background_noise_0265,background_noise_0265.wav,C:\Users\Afzal Compters\Desktop\Sonic-sentinal-AI\audio_dataset\originals\background_noise\background_noise_0265.wav,background_noise,3.0,16000,1,,,,1,train
panic_scream_0077,panic_scream_0077.wav,C:\Users\Afzal Compters\Desktop\Sonic-sentinal-AI\audio_dataset\originals\panic_scream\panic_scream_0077.wav,panic_scream,3.0,16000,1,,,,1,train
alarm_siren_0053,alarm_siren_0053.wav,C:\Users\Afzal Compters\Desktop\Sonic-sentinal-AI\audio_dataset\originals\alarm_siren\alarm_siren_0053.wav,alarm_siren,3.0,16000,1,,,,1,train
aggression_0057,aggression_0057.wav,C:\Users\Afzal Compters\Desktop\Sonic-sentinal-AI\audio_dataset\originals\aggression\aggression_0057.wav,aggression,3.0,16000,1,,,,1,train
panic_scream_0181,panic_scream_0181.wav,C:\Users\Afzal Compters\Desktop\Sonic-sentinal-AI\audio_dataset\originals\panic_scream\panic_scream_0181.wav,panic_scream,3.0,16000,1,,,,1,train
gunshot_0033,gunshot_0033.wav,C:\Users\Afzal Compters\Desktop\Sonic-sentinal-AI\audio_dataset\originals\gunshot\gunshot_0033.wav,gunshot,3.0,16000,1,,,,1,train
panic_scream_0213,panic_scream_0213.wav,C:\Users\Afzal Compters\Desktop\Sonic-sentinal-AI\audio_dataset\originals\panic_scream\panic_scream_0213.wav,panic_scream,3.0,16000,1,,,,1,train
aggression_0195,aggression_0195.wav,C:\Users\Afzal Compters\Desktop\Sonic-sentinal-AI\audio_dataset\originals\aggression\aggression_0195.wav,aggression,3.0,16000,1,,,,1,train
panic_scream_0067,panic_scream_0067.wav,C:\Users\Afzal Compters\Desktop\Sonic-sentinal-AI\audio_dataset\originals\panic_scream\panic_scream_0067.wav,panic_scream,3.0,16000,1,,,,1,train
animal_sound_0109,animal_sound_0109.wav,C:\Users\Afzal Compters\Desktop\Sonic-sentinal-AI\audio_dataset\originals\animal_sound\animal_sound_0109.wav,animal_sound,3.0,16000,1,,,,1,train
machinery_fault_0014,machinery_fault_0014.wav,C:\Users\Afzal Compters\Desktop\Sonic-sentinal-AI\audio_dataset\originals\machinery_fault\machinery_fault_0014.wav,machinery_fault,3.0,16000,1,,,,1,train
panic_scream_0023,panic_scream_0023.wav,C:\Users\Afzal Compters\Desktop\Sonic-sentinal-AI\audio_dataset\originals\panic_scream\panic_scream_0023.wav,panic_scream,3.0,16000,1,,,,1,train
alarm_siren_0067,alarm_siren_0067.wav,C:\Users\Afzal Compters\Desktop\Sonic-sentinal-AI\audio_dataset\originals\alarm_siren\alarm_siren_0067.wav,alarm_siren,3.0,16000,1,,,,1,train
alarm_siren_0077,alarm_siren_0077.wav,C:\Users\Afzal Compters\Desktop\Sonic-sentinal-AI\audio_dataset\originals\alarm_siren\alarm_siren_0077.wav,alarm_siren,3.0,16000,1,,,,1,train
glass_breaking_0034,glass_breaking_0034.wav,C:\Users\Afzal Compters\Desktop\Sonic-sentinal-AI\audio_dataset\originals\glass_breaking\glass_breaking_0034.wav,glass_breaking,3.0,16000,1,,,,1,train
gunshot_0239,gunshot_0239.wav,C:\Users\Afzal Compters\Desktop\Sonic-sentinal-AI\audio_dataset\originals\gunshot\gunshot_0239.wav,gunshot,3.0,16000,1,,,,1,train
aggression_0112,aggression_0112.wav,C:\Users\Afzal Compters\Desktop\Sonic-sentinal-AI\audio_dataset\originals\aggression\aggression_0112.wav,aggression,3.0,16000,1,,,,1,train
vehicle_horn_0221,vehicle_horn_0221.wav,C:\Users\Afzal Compters\Desktop\Sonic-sentinal-AI\audio_dataset\originals\vehicle_horn\vehicle_horn_0221.wav,vehicle_horn,3.0,16000,1,,,,1,train
aggression_0132,aggression_0132.wav,C:\Users\Afzal Compters\Desktop\Sonic-sentinal-AI\audio_dataset\originals\aggression\aggression_0132.wav,aggression,3.0,16000,1,,,,1,train
aggression_0151,aggression_0151.wav,C:\Users\Afzal Compters\Desktop\Sonic-sentinal-AI\audio_dataset\originals\aggression\aggression_0151.wav,aggression,3.0,16000,1,,,,1,train
animal_sound_0173,animal_sound_0173.wav,C:\Users\Afzal Compters\Desktop\Sonic-sentinal-AI\audio_dataset\originals\animal_sound\animal_sound_0173.wav,animal_sound,3.0,16000,1,,,,1,train
animal_sound_0246,animal_sound_0246.wav,C:\Users\Afzal Compters\Desktop\Sonic-sentinal-AI\audio_dataset\originals\animal_sound\animal_sound_0246.wav,animal_sound,3.0,16000,1,,,,1,train
gunshot_0193,gunshot_0193.wav,C:\Users\Afzal Compters\Desktop\Sonic-sentinal-AI\audio_dataset\originals\gunshot\gunshot_0193.wav,gunshot,3.0,16000,1,,,,1,train
vehicle_horn_0010,vehicle_horn_0010.wav,C:\Users\Afzal Compters\Desktop\Sonic-sentinal-AI\audio_dataset\originals\vehicle_horn\vehicle_horn_0010.wav,vehicle_horn,3.0,16000,1,,,,1,train
vehicle_horn_0177,vehicle_horn_0177.wav,C:\Users\Afzal Compters\Desktop\Sonic-sentinal-AI\audio_dataset\originals\vehicle_horn\vehicle_horn_0177.wav,vehicle_horn,3.0,16000,1,,,,1,train
vehicle_horn_0022,vehicle_horn_0022.wav,C:\Users\Afzal Compters\Desktop\Sonic-sentinal-AI\audio_dataset\originals\vehicle_horn\vehicle_horn_0022.wav,vehicle_horn,3.0,16000,1,,,,1,train
glass_breaking_0162,glass_breaking_0162.wav,C:\Users\Afzal Compters\Desktop\Sonic-sentinal-AI\audio_dataset\originals\glass_breaking\glass_breaking_0162.wav,glass_breaking,3.0,16000,1,,,,1,train
animal_sound_0165,animal_sound_0165.wav,C:\Users\Afzal Compters\Desktop\Sonic-sentinal-AI\audio_dataset\originals\animal_sound\animal_sound_0165.wav,animal_sound,3.0,16000,1,,,,1,train
panic_scream_0217,panic_scream_0217.wav,C:\Users\Afzal Compters\Desktop\Sonic-sentinal-AI\audio_dataset\originals\panic_scream\panic_scream_0217.wav,panic_scream,3.0,16000,1,,,,1,train
background_noise_0099,background_noise_0099.wav,C:\Users\Afzal Compters\Desktop\Sonic-sentinal-AI\audio_dataset\originals\background_noise\background_noise_0099.wav,background_noise,3.0,16000,1,,,,1,train
background_noise_0171,background_noise_0171.wav,C:\Users\Afzal Compters\Desktop\Sonic-sentinal-AI\audio_dataset\originals\background_noise\background_noise_0171.wav,background_noise,3.0,16000,1,,,,1,train
aggression_0105,aggression_0105.wav,C:\Users\Afzal Compters\Desktop\Sonic-sentinal-AI\audio_dataset\originals\aggression\aggression_0105.wav,aggression,3.0,16000,1,,,,1,train
machinery_fault_0018,machinery_fault_0018.wav,C:\Users\Afzal Compters\Desktop\Sonic-sentinal-AI\audio_dataset\originals\machinery_fault\machinery_fault_0018.wav,machinery_fault,3.0,16000,1,,,,1,train
aggression_0231,aggression_0231.wav,C:\Users\Afzal Compters\Desktop\Sonic-sentinal-AI\audio_dataset\originals\aggression\aggression_0231.wav,aggression,3.0,16000,1,,,,1,train
glass_breaking_0208,glass_breaking_0208.wav,C:\Users\Afzal Compters\Desktop\Sonic-sentinal-AI\audio_dataset\originals\glass_breaking\glass_breaking_0208.wav,glass_breaking,3.0,16000,1,,,,1,train
machinery_fault_0165,machinery_fault_0165.wav,C:\Users\Afzal Compters\Desktop\Sonic-sentinal-AI\audio_dataset\originals\machinery_fault\machinery_fault_0165.wav,machinery_fault,3.0,16000,1,,,,1,train
panic_scream_0248,panic_scream_0248.wav,C:\Users\Afzal Compters\Desktop\Sonic-sentinal-AI\audio_dataset\originals\panic_scream\panic_scream_0248.wav,panic_scream,3.0,16000,1,,,,1,train
background_noise_0142,background_noise_0142.wav,C:\Users\Afzal Compters\Desktop\Sonic-sentinal-AI\audio_dataset\originals\background_noise\background_noise_0142.wav,background_noise,3.0,16000,1,,,,1,train
vehicle_horn_0176,vehicle_horn_0176.wav,C:\Users\Afzal Compters\Desktop\Sonic-sentinal-AI\audio_dataset\originals\vehicle_horn\vehicle_horn_0176.wav,vehicle_horn,3.0,16000,1,,,,1,train
background_noise_0206,background_noise_0206.wav,C:\Users\Afzal Compters\Desktop\Sonic-sentinal-AI\audio_dataset\originals\background_noise\background_noise_0206.wav,background_noise,3.0,16000,1,,,,1,train
panic_scream_0148,panic_scream_0148.wav,C:\Users\Afzal Compters\Desktop\Sonic-sentinal-AI\audio_dataset\originals\panic_scream\panic_scream_0148.wav,panic_scream,3.0,16000,1,,,,1,train
glass_breaking_0018,glass_breaking_0018.wav,C:\Users\Afzal Compters\Desktop\Sonic-sentinal-AI\audio_dataset\originals\glass_breaking\glass_breaking_0018.wav,glass_breaking,3.0,16000,1,,,,1,train
machinery_fault_0183,machinery_fault_0183.wav,C:\Users\Afzal Compters\Desktop\Sonic-sentinal-AI\audio_dataset\originals\machinery_fault\machinery_fault_0183.wav,machinery_fault,3.0,16000,1,,,,1,train
aggression_0215,aggression_0215.wav,C:\Users\Afzal Compters\Desktop\Sonic-sentinal-AI\audio_dataset\originals\aggression\aggression_0215.wav,aggression,3.0,16000,1,,,,1,train
panic_scream_0155,panic_scream_0155.wav,C:\Users\Afzal Compters\Desktop\Sonic-sentinal-AI\audio_dataset\originals\panic_scream\panic_scream_0155.wav,panic_scream,3.0,16000,1,,,,1,train
machinery_fault_0096,machinery_fault_0096.wav,C:\Users\Afzal Compters\Desktop\Sonic-sentinal-AI\audio_dataset\originals\machinery_fault\machinery_fault_0096.wav,machinery_fault,3.0,16000,1,,,,1,train
gunshot_0230,gunshot_0230.wav,C:\Users\Afzal Compters\Desktop\Sonic-sentinal-AI\audio_dataset\originals\gunshot\gunshot_0230.wav,gunshot,3.0,16000,1,,,,1,train
alarm_siren_0291,alarm_siren_0291.wav,C:\Users\Afzal Compters\Desktop\Sonic-sentinal-AI\audio_dataset\originals\alarm_siren\alarm_siren_0291.wav,alarm_siren,3.0,16000,1,,,,1,train
machinery_fault_0213,machinery_fault_0213.wav,C:\Users\Afzal Compters\Desktop\Sonic-sentinal-AI\audio_dataset\originals\machinery_fault\machinery_fault_0213.wav,machinery_fault,3.0,16000,1,,,,1,train
background_noise_0168,background_noise_0168.wav,C:\Users\Afzal Compters\Desktop\Sonic-sentinal-AI\audio_dataset\originals\background_noise\background_noise_0168.wav,background_noise,3.0,16000,1,,,,1,train
aggression_0002,aggression_0002.wav,C:\Users\Afzal Compters\Desktop\Sonic-sentinal-AI\audio_dataset\originals\aggression\aggression_0002.wav,aggression,3.0,16000,1,,,,1,train
gunshot_0085,gunshot_0085.wav,C:\Users\Afzal Compters\Desktop\Sonic-sentinal-AI\audio_dataset\originals\gunshot\gunshot_0085.wav,gunshot,3.0,16000,1,,,,1,train
machinery_fault_0095,machinery_fault_0095.wav,C:\Users\Afzal Compters\Desktop\Sonic-sentinal-AI\audio_dataset\originals\machinery_fault\machinery_fault_0095.wav,machinery_fault,3.0,16000,1,,,,1,train
vehicle_horn_0205,vehicle_horn_0205.wav,C:\Users\Afzal Compters\Desktop\Sonic-sentinal-AI\audio_dataset\originals\vehicle_horn\vehicle_horn_0205.wav,vehicle_horn,3.0,16000,1,,,,1,train
alarm_siren_0151,alarm_siren_0151.wav,C:\Users\Afzal Compters\Desktop\Sonic-sentinal-AI\audio_dataset\originals\alarm_siren\alarm_siren_0151.wav,alarm_siren,3.0,16000,1,,,,1,train
alarm_siren_0202,alarm_siren_0202.wav,C:\Users\Afzal Compters\Desktop\Sonic-sentinal-AI\audio_dataset\originals\alarm_siren\alarm_siren_0202.wav,alarm_siren,3.0,16000,1,,,,1,train
machinery_fault_0268,machinery_fault_0268.wav,C:\Users\Afzal Compters\Desktop\Sonic-sentinal-AI\audio_dataset\originals\machinery_fault\machinery_fault_0268.wav,machinery_fault,3.0,16000,1,,,,1,train
background_noise_0247,background_noise_0247.wav,C:\Users\Afzal Compters\Desktop\Sonic-sentinal-AI\audio_dataset\originals\background_noise\background_noise_0247.wav,background_noise,3.0,16000,1,,,,1,train
panic_scream_0240,panic_scream_0240.wav,C:\Users\Afzal Compters\Desktop\Sonic-sentinal-AI\audio_dataset\originals\panic_scream\panic_scream_0240.wav,panic_scream,3.0,16000,1,,,,1,train
vehicle_horn_0135,vehicle_horn_0135.wav,C:\Users\Afzal Compters\Desktop\Sonic-sentinal-AI\audio_dataset\originals\vehicle_horn\vehicle_horn_0135.wav,vehicle_horn,3.0,16000,1,,,,1,train
machinery_fault_0101,machinery_fault_0101.wav,C:\Users\Afzal Compters\Desktop\Sonic-sentinal-AI\audio_dataset\originals\machinery_fault\machinery_fault_0101.wav,machinery_fault,3.0,16000,1,,,,1,train
aggression_0123,aggression_0123.wav,C:\Users\Afzal Compters\Desktop\Sonic-sentinal-AI\audio_dataset\originals\aggression\aggression_0123.wav,aggression,3.0,16000,1,,,,1,train
machinery_fault_0197,machinery_fault_0197.wav,C:\Users\Afzal Compters\Desktop\Sonic-sentinal-AI\audio_dataset\originals\machinery_fault\machinery_fault_0197.wav,machinery_fault,3.0,16000,1,,,,1,train
machinery_fault_0224,machinery_fault_0224.wav,C:\Users\Afzal Compters\Desktop\Sonic-sentinal-AI\audio_dataset\originals\machinery_fault\machinery_fault_0224.wav,machinery_fault,3.0,16000,1,,,,1,train
panic_scream_0163,panic_scream_0163.wav,C:\Users\Afzal Compters\Desktop\Sonic-sentinal-AI\audio_dataset\originals\panic_scream\panic_scream_0163.wav,panic_scream,3.0,16000,1,,,,1,train
gunshot_0279,gunshot_0279.wav,C:\Users\Afzal Compters\Desktop\Sonic-sentinal-AI\audio_dataset\originals\gunshot\gunshot_0279.wav,gunshot,3.0,16000,1,,,,1,train
aggression_0023,aggression_0023.wav,C:\Users\Afzal Compters\Desktop\Sonic-sentinal-AI\audio_dataset\originals\aggression\aggression_0023.wav,aggression,3.0,16000,1,,,,1,train
glass_breaking_0104,glass_breaking_0104.wav,C:\Users\Afzal Compters\Desktop\Sonic-sentinal-AI\audio_dataset\originals\glass_breaking\glass_breaking_0104.wav,glass_breaking,3.0,16000,1,,,,1,train
gunshot_0156,gunshot_0156.wav,C:\Users\Afzal Compters\Desktop\Sonic-sentinal-AI\audio_dataset\originals\gunshot\gunshot_0156.wav,gunshot,3.0,16000,1,,,,1,train
gunshot_0008,gunshot_0008.wav,C:\Users\Afzal Compters\Desktop\Sonic-sentinal-AI\audio_dataset\originals\gunshot\gunshot_0008.wav,gunshot,3.0,16000,1,,,,1,train
glass_breaking_0112,glass_breaking_0112.wav,C:\Users\Afzal Compters\Desktop\Sonic-sentinal-AI\audio_dataset\originals\glass_breaking\glass_breaking_0112.wav,glass_breaking,3.0,16000,1,,,,1,train
aggression_0100,aggression_0100.wav,C:\Users\Afzal Compters\Desktop\Sonic-sentinal-AI\audio_dataset\originals\aggression\aggression_0100.wav,aggression,3.0,16000,1,,,,1,train
gunshot_0222,gunshot_0222.wav,C:\Users\Afzal Compters\Desktop\Sonic-sentinal-AI\audio_dataset\originals\gunshot\gunshot_0222.wav,gunshot,3.0,16000,1,,,,1,train
machinery_fault_0010,machinery_fault_0010.wav,C:\Users\Afzal Compters\Desktop\Sonic-sentinal-AI\audio_dataset\originals\machinery_fault\machinery_fault_0010.wav,machinery_fault,3.0,16000,1,,,,1,train
alarm_siren_0236,alarm_siren_0236.wav,C:\Users\Afzal Compters\Desktop\Sonic-sentinal-AI\audio_dataset\originals\alarm_siren\alarm_siren_0236.wav,alarm_siren,3.0,16000,1,,,,1,train
aggression_0127,aggression_0127.wav,C:\Users\Afzal Compters\Desktop\Sonic-sentinal-AI\audio_dataset\originals\aggression\aggression_0127.wav,aggression,3.0,16000,1,,,,1,train
background_noise_0045,background_noise_0045.wav,C:\Users\Afzal Compters\Desktop\Sonic-sentinal-AI\audio_dataset\originals\background_noise\background_noise_0045.wav,background_noise,3.0,16000,1,,,,1,train
aggression_0166,aggression_0166.wav,C:\Users\Afzal Compters\Desktop\Sonic-sentinal-AI\audio_dataset\originals\aggression\aggression_0166.wav,aggression,3.0,16000,1,,,,1,train
vehicle_horn_0081,vehicle_horn_0081.wav,C:\Users\Afzal Compters\Desktop\Sonic-sentinal-AI\audio_dataset\originals\vehicle_horn\vehicle_horn_0081.wav,vehicle_horn,3.0,16000,1,,,,1,train
background_noise_0264,background_noise_0264.wav,C:\Users\Afzal Compters\Desktop\Sonic-sentinal-AI\audio_dataset\originals\background_noise\background_noise_0264.wav,background_noise,3.0,16000,1,,,,1,train
glass_breaking_0199,glass_breaking_0199.wav,C:\Users\Afzal Compters\Desktop\Sonic-sentinal-AI\audio_dataset\originals\glass_breaking\glass_breaking_0199.wav,glass_breaking,3.0,16000,1,,,,1,train
machinery_fault_0236,machinery_fault_0236.wav,C:\Users\Afzal Compters\Desktop\Sonic-sentinal-AI\audio_dataset\originals\machinery_fault\machinery_fault_0236.wav,machinery_fault,3.0,16000,1,,,,1,train
animal_sound_0153,animal_sound_0153.wav,C:\Users\Afzal Compters\Desktop\Sonic-sentinal-AI\audio_dataset\originals\animal_sound\animal_sound_0153.wav,animal_sound,3.0,16000,1,,,,1,train
animal_sound_0217,animal_sound_0217.wav,C:\Users\Afzal Compters\Desktop\Sonic-sentinal-AI\audio_dataset\originals\animal_sound\animal_sound_0217.wav,animal_sound,3.0,16000,1,,,,1,train
background_noise_0074,background_noise_0074.wav,C:\Users\Afzal Compters\Desktop\Sonic-sentinal-AI\audio_dataset\originals\background_noise\background_noise_0074.wav,background_noise,3.0,16000,1,,,,1,train
alarm_siren_0121,alarm_siren_0121.wav,C:\Users\Afzal Compters\Desktop\Sonic-sentinal-AI\audio_dataset\originals\alarm_siren\alarm_siren_0121.wav,alarm_siren,3.0,16000,1,,,,1,train
glass_breaking_0230,glass_breaking_0230.wav,C:\Users\Afzal Compters\Desktop\Sonic-sentinal-AI\audio_dataset\originals\glass_breaking\glass_breaking_0230.wav,glass_breaking,3.0,16000,1,,,,1,train
animal_sound_0296,animal_sound_0296.wav,C:\Users\Afzal Compters\Desktop\Sonic-sentinal-AI\audio_dataset\originals\animal_sound\animal_sound_0296.wav,animal_sound,3.0,16000,1,,,,1,train
glass_breaking_0001,glass_breaking_0001.wav,C:\Users\Afzal Compters\Desktop\Sonic-sentinal-AI\audio_dataset\originals\glass_breaking\glass_breaking_0001.wav,glass_breaking,3.0,16000,1,,,,1,train
gunshot_0088,gunshot_0088.wav,C:\Users\Afzal Compters\Desktop\Sonic-sentinal-AI\audio_dataset\originals\gunshot\gunshot_0088.wav,gunshot,3.0,16000,1,,,,1,train
machinery_fault_0086,machinery_fault_0086.wav,C:\Users\Afzal Compters\Desktop\Sonic-sentinal-AI\audio_dataset\originals\machinery_fault\machinery_fault_0086.wav,machinery_fault,3.0,16000,1,,,,1,train
alarm_siren_0016,alarm_siren_0016.wav,C:\Users\Afzal Compters\Desktop\Sonic-sentinal-AI\audio_dataset\originals\alarm_siren\alarm_siren_0016.wav,alarm_siren,3.0,16000,1,,,,1,train
machinery_fault_0107,machinery_fault_0107.wav,C:\Users\Afzal Compters\Desktop\Sonic-sentinal-AI\audio_dataset\originals\machinery_fault\machinery_fault_0107.wav,machinery_fault,3.0,16000,1,,,,1,train
aggression_0178,aggression_0178.wav,C:\Users\Afzal Compters\Desktop\Sonic-sentinal-AI\audio_dataset\originals\aggression\aggression_0178.wav,aggression,3.0,16000,1,,,,1,train
gunshot_0294,gunshot_0294.wav,C:\Users\Afzal Compters\Desktop\Sonic-sentinal-AI\audio_dataset\originals\gunshot\gunshot_0294.wav,gunshot,3.0,16000,1,,,,1,train
glass_breaking_0141,glass_breaking_0141.wav,C:\Users\Afzal Compters\Desktop\Sonic-sentinal-AI\audio_dataset\originals\glass_breaking\glass_breaking_0141.wav,glass_breaking,3.0,16000,1,,,,1,train
alarm_siren_0250,alarm_siren_0250.wav,C:\Users\Afzal Compters\Desktop\Sonic-sentinal-AI\audio_dataset\originals\alarm_siren\alarm_siren_0250.wav,alarm_siren,3.0,16000,1,,,,1,train
machinery_fault_0226,machinery_fault_0226.wav,C:\Users\Afzal Compters\Desktop\Sonic-sentinal-AI\audio_dataset\originals\machinery_fault\machinery_fault_0226.wav,machinery_fault,3.0,16000,1,,,,1,train
background_noise_0138,background_noise_0138.wav,C:\Users\Afzal Compters\Desktop\Sonic-sentinal-AI\audio_dataset\originals\background_noise\background_noise_0138.wav,background_noise,3.0,16000,1,,,,1,train
panic_scream_0193,panic_scream_0193.wav,C:\Users\Afzal Compters\Desktop\Sonic-sentinal-AI\audio_dataset\originals\panic_scream\panic_scream_0193.wav,panic_scream,3.0,16000,1,,,,1,train
aggression_0119,aggression_0119.wav,C:\Users\Afzal Compters\Desktop\Sonic-sentinal-AI\audio_dataset\originals\aggression\aggression_0119.wav,aggression,3.0,16000,1,,,,1,train
vehicle_horn_0213,vehicle_horn_0213.wav,C:\Users\Afzal Compters\Desktop\Sonic-sentinal-AI\audio_dataset\originals\vehicle_horn\vehicle_horn_0213.wav,vehicle_horn,3.0,16000,1,,,,1,train
aggression_0115,aggression_0115.wav,C:\Users\Afzal Compters\Desktop\Sonic-sentinal-AI\audio_dataset\originals\aggression\aggression_0115.wav,aggression,3.0,16000,1,,,,1,train
gunshot_0058,gunshot_0058.wav,C:\Users\Afzal Compters\Desktop\Sonic-sentinal-AI\audio_dataset\originals\gunshot\gunshot_0058.wav,gunshot,3.0,16000,1,,,,1,train
aggression_0167,aggression_0167.wav,C:\Users\Afzal Compters\Desktop\Sonic-sentinal-AI\audio_dataset\originals\aggression\aggression_0167.wav,aggression,3.0,16000,1,,,,1,train
background_noise_0175,background_noise_0175.wav,C:\Users\Afzal Compters\Desktop\Sonic-sentinal-AI\audio_dataset\originals\background_noise\background_noise_0175.wav,background_noise,3.0,16000,1,,,,1,train
animal_sound_0092,animal_sound_0092.wav,C:\Users\Afzal Compters\Desktop\Sonic-sentinal-AI\audio_dataset\originals\animal_sound\animal_sound_0092.wav,animal_sound,3.0,16000,1,,,,1,train
animal_sound_0254,animal_sound_0254.wav,C:\Users\Afzal Compters\Desktop\Sonic-sentinal-AI\audio_dataset\originals\animal_sound\animal_sound_0254.wav,animal_sound,3.0,16000,1,,,,1,train
machinery_fault_0164,machinery_fault_0164.wav,C:\Users\Afzal Compters\Desktop\Sonic-sentinal-AI\audio_dataset\originals\machinery_fault\machinery_fault_0164.wav,machinery_fault,3.0,16000,1,,,,1,train
alarm_siren_0092,alarm_siren_0092.wav,C:\Users\Afzal Compters\Desktop\Sonic-sentinal-AI\audio_dataset\originals\alarm_siren\alarm_siren_0092.wav,alarm_siren,3.0,16000,1,,,,1,train
alarm_siren_0295,alarm_siren_0295.wav,C:\Users\Afzal Compters\Desktop\Sonic-sentinal-AI\audio_dataset\originals\alarm_siren\alarm_siren_0295.wav,alarm_siren,3.0,16000,1,,,,1,train
glass_breaking_0036,glass_breaking_0036.wav,C:\Users\Afzal Compters\Desktop\Sonic-sentinal-AI\audio_dataset\originals\glass_breaking\glass_breaking_0036.wav,glass_breaking,3.0,16000,1,,,,1,train
vehicle_horn_0063,vehicle_horn_0063.wav,C:\Users\Afzal Compters\Desktop\Sonic-sentinal-AI\audio_dataset\originals\vehicle_horn\vehicle_horn_0063.wav,vehicle_horn,3.0,16000,1,,,,1,train
glass_breaking_0071,glass_breaking_0071.wav,C:\Users\Afzal Compters\Desktop\Sonic-sentinal-AI\audio_dataset\originals\glass_breaking\glass_breaking_0071.wav,glass_breaking,3.0,16000,1,,,,1,train
gunshot_0120,gunshot_0120.wav,C:\Users\Afzal Compters\Desktop\Sonic-sentinal-AI\audio_dataset\originals\gunshot\gunshot_0120.wav,gunshot,3.0,16000,1,,,,1,train
glass_breaking_0170,glass_breaking_0170.wav,C:\Users\Afzal Compters\Desktop\Sonic-sentinal-AI\audio_dataset\originals\glass_breaking\glass_breaking_0170.wav,glass_breaking,3.0,16000,1,,,,1,train
aggression_0106,aggression_0106.wav,C:\Users\Afzal Compters\Desktop\Sonic-sentinal-AI\audio_dataset\originals\aggression\aggression_0106.wav,aggression,3.0,16000,1,,,,1,train
panic_scream_0279,panic_scream_0279.wav,C:\Users\Afzal Compters\Desktop\Sonic-sentinal-AI\audio_dataset\originals\panic_scream\panic_scream_0279.wav,panic_scream,3.0,16000,1,,,,1,train
machinery_fault_0254,machinery_fault_0254.wav,C:\Users\Afzal Compters\Desktop\Sonic-sentinal-AI\audio_dataset\originals\machinery_fault\machinery_fault_0254.wav,machinery_fault,3.0,16000,1,,,,1,train
background_noise_0178,background_noise_0178.wav,C:\Users\Afzal Compters\Desktop\Sonic-sentinal-AI\audio_dataset\originals\background_noise\background_noise_0178.wav,background_noise,3.0,16000,1,,,,1,train
gunshot_0174,gunshot_0174.wav,C:\Users\Afzal Compters\Desktop\Sonic-sentinal-AI\audio_dataset\originals\gunshot\gunshot_0174.wav,gunshot,3.0,16000,1,,,,1,train
gunshot_0022,gunshot_0022.wav,C:\Users\Afzal Compters\Desktop\Sonic-sentinal-AI\audio_dataset\originals\gunshot\gunshot_0022.wav,gunshot,3.0,16000,1,,,,1,train
background_noise_0068,background_noise_0068.wav,C:\Users\Afzal Compters\Desktop\Sonic-sentinal-AI\audio_dataset\originals\background_noise\background_noise_0068.wav,background_noise,3.0,16000,1,,,,1,train
background_noise_0182,background_noise_0182.wav,C:\Users\Afzal Compters\Desktop\Sonic-sentinal-AI\audio_dataset\originals\background_noise\background_noise_0182.wav,background_noise,3.0,16000,1,,,,1,train
alarm_siren_0284,alarm_siren_0284.wav,C:\Users\Afzal Compters\Desktop\Sonic-sentinal-AI\audio_dataset\originals\alarm_siren\alarm_siren_0284.wav,alarm_siren,3.0,16000,1,,,,1,train
machinery_fault_0141,machinery_fault_0141.wav,C:\Users\Afzal Compters\Desktop\Sonic-sentinal-AI\audio_dataset\originals\machinery_fault\machinery_fault_0141.wav,machinery_fault,3.0,16000,1,,,,1,train
aggression_0134,aggression_0134.wav,C:\Users\Afzal Compters\Desktop\Sonic-sentinal-AI\audio_dataset\originals\aggression\aggression_0134.wav,aggression,3.0,16000,1,,,,1,train
machinery_fault_0104,machinery_fault_0104.wav,C:\Users\Afzal Compters\Desktop\Sonic-sentinal-AI\audio_dataset\originals\machinery_fault\machinery_fault_0104.wav,machinery_fault,3.0,16000,1,,,,1,train
panic_scream_0290,panic_scream_0290.wav,C:\Users\Afzal Compters\Desktop\Sonic-sentinal-AI\audio_dataset\originals\panic_scream\panic_scream_0290.wav,panic_scream,3.0,16000,1,,,,1,train
gunshot_0281,gunshot_0281.wav,C:\Users\Afzal Compters\Desktop\Sonic-sentinal-AI\audio_dataset\originals\gunshot\gunshot_0281.wav,gunshot,3.0,16000,1,,,,1,train
vehicle_horn_0257,vehicle_horn_0257.wav,C:\Users\Afzal Compters\Desktop\Sonic-sentinal-AI\audio_dataset\originals\vehicle_horn\vehicle_horn_0257.wav,vehicle_horn,3.0,16000,1,,,,1,train
glass_breaking_0080,glass_breaking_0080.wav,C:\Users\Afzal Compters\Desktop\Sonic-sentinal-AI\audio_dataset\originals\glass_breaking\glass_breaking_0080.wav,glass_breaking,3.0,16000,1,,,,1,train
glass_breaking_0298,glass_breaking_0298.wav,C:\Users\Afzal Compters\Desktop\Sonic-sentinal-AI\audio_dataset\originals\glass_breaking\glass_breaking_0298.wav,glass_breaking,3.0,16000,1,,,,1,train
panic_scream_0097,panic_scream_0097.wav,C:\Users\Afzal Compters\Desktop\Sonic-sentinal-AI\audio_dataset\originals\panic_scream\panic_scream_0097.wav,panic_scream,3.0,16000,1,,,,1,train
glass_breaking_0007,glass_breaking_0007.wav,C:\Users\Afzal Compters\Desktop\Sonic-sentinal-AI\audio_dataset\originals\glass_breaking\glass_breaking_0007.wav,glass_breaking,3.0,16000,1,,,,1,train
machinery_fault_0286,machinery_fault_0286.wav,C:\Users\Afzal Compters\Desktop\Sonic-sentinal-AI\audio_dataset\originals\machinery_fault\machinery_fault_0286.wav,machinery_fault,3.0,16000,1,,,,1,train
background_noise_0233,background_noise_0233.wav,C:\Users\Afzal Compters\Desktop\Sonic-sentinal-AI\audio_dataset\originals\background_noise\background_noise_0233.wav,background_noise,3.0,16000,1,,,,1,train
panic_scream_0057,panic_scream_0057.wav,C:\Users\Afzal Compters\Desktop\Sonic-sentinal-AI\audio_dataset\originals\panic_scream\panic_scream_0057.wav,panic_scream,3.0,16000,1,,,,1,train
background_noise_0271,background_noise_0271.wav,C:\Users\Afzal Compters\Desktop\Sonic-sentinal-AI\audio_dataset\originals\background_noise\background_noise_0271.wav,background_noise,3.0,16000,1,,,,1,train
alarm_siren_0135,alarm_siren_0135.wav,C:\Users\Afzal Compters\Desktop\Sonic-sentinal-AI\audio_dataset\originals\alarm_siren\alarm_siren_0135.wav,alarm_siren,3.0,16000,1,,,,1,train
vehicle_horn_0124,vehicle_horn_0124.wav,C:\Users\Afzal Compters\Desktop\Sonic-sentinal-AI\audio_dataset\originals\vehicle_horn\vehicle_horn_0124.wav,vehicle_horn,3.0,16000,1,,,,1,train
machinery_fault_0063,machinery_fault_0063.wav,C:\Users\Afzal Compters\Desktop\Sonic-sentinal-AI\audio_dataset\originals\machinery_fault\machinery_fault_0063.wav,machinery_fault,3.0,16000,1,,,,1,train
machinery_fault_0259,machinery_fault_0259.wav,C:\Users\Afzal Compters\Desktop\Sonic-sentinal-AI\audio_dataset\originals\machinery_fault\machinery_fault_0259.wav,machinery_fault,3.0,16000,1,,,,1,train
alarm_siren_0030,alarm_siren_0030.wav,C:\Users\Afzal Compters\Desktop\Sonic-sentinal-AI\audio_dataset\originals\alarm_siren\alarm_siren_0030.wav,alarm_siren,3.0,16000,1,,,,1,train
aggression_0288,aggression_0288.wav,C:\Users\Afzal Compters\Desktop\Sonic-sentinal-AI\audio_dataset\originals\aggression\aggression_0288.wav,aggression,3.0,16000,1,,,,1,train
animal_sound_0129,animal_sound_0129.wav,C:\Users\Afzal Compters\Desktop\Sonic-sentinal-AI\audio_dataset\originals\animal_sound\animal_sound_0129.wav,animal_sound,3.0,16000,1,,,,1,train
panic_scream_0257,panic_scream_0257.wav,C:\Users\Afzal Compters\Desktop\Sonic-sentinal-AI\audio_dataset\originals\panic_scream\panic_scream_0257.wav,panic_scream,3.0,16000,1,,,,1,train
aggression_0246,aggression_0246.wav,C:\Users\Afzal Compters\Desktop\Sonic-sentinal-AI\audio_dataset\originals\aggression\aggression_0246.wav,aggression,3.0,16000,1,,,,1,train
panic_scream_0132,panic_scream_0132.wav,C:\Users\Afzal Compters\Desktop\Sonic-sentinal-AI\audio_dataset\originals\panic_scream\panic_scream_0132.wav,panic_scream,3.0,16000,1,,,,1,train
machinery_fault_0146,machinery_fault_0146.wav,C:\Users\Afzal Compters\Desktop\Sonic-sentinal-AI\audio_dataset\originals\machinery_fault\machinery_fault_0146.wav,machinery_fault,3.0,16000,1,,,,1,train
alarm_siren_0072,alarm_siren_0072.wav,C:\Users\Afzal Compters\Desktop\Sonic-sentinal-AI\audio_dataset\originals\alarm_siren\alarm_siren_0072.wav,alarm_siren,3.0,16000,1,,,,1,train
panic_scream_0300,panic_scream_0300.wav,C:\Users\Afzal Compters\Desktop\Sonic-sentinal-AI\audio_dataset\originals\panic_scream\panic_scream_0300.wav,panic_scream,3.0,16000,1,,,,1,train
machinery_fault_0079,machinery_fault_0079.wav,C:\Users\Afzal Compters\Desktop\Sonic-sentinal-AI\audio_dataset\originals\machinery_fault\machinery_fault_0079.wav,machinery_fault,3.0,16000,1,,,,1,train
panic_scream_0271,panic_scream_0271.wav,C:\Users\Afzal Compters\Desktop\Sonic-sentinal-AI\audio_dataset\originals\panic_scream\panic_scream_0271.wav,panic_scream,3.0,16000,1,,,,1,train
glass_breaking_0138,glass_breaking_0138.wav,C:\Users\Afzal Compters\Desktop\Sonic-sentinal-AI\audio_dataset\originals\glass_breaking\glass_breaking_0138.wav,glass_breaking,3.0,16000,1,,,,1,train
panic_scream_0065,panic_scream_0065.wav,C:\Users\Afzal Compters\Desktop\Sonic-sentinal-AI\audio_dataset\originals\panic_scream\panic_scream_0065.wav,panic_scream,3.0,16000,1,,,,1,train
background_noise_0228,background_noise_0228.wav,C:\Users\Afzal Compters\Desktop\Sonic-sentinal-AI\audio_dataset\originals\background_noise\background_noise_0228.wav,background_noise,3.0,16000,1,,,,1,train
alarm_siren_0253,alarm_siren_0253.wav,C:\Users\Afzal Compters\Desktop\Sonic-sentinal-AI\audio_dataset\originals\alarm_siren\alarm_siren_0253.wav,alarm_siren,3.0,16000,1,,,,1,train
background_noise_0204,background_noise_0204.wav,C:\Users\Afzal Compters\Desktop\Sonic-sentinal-AI\audio_dataset\originals\background_noise\background_noise_0204.wav,background_noise,3.0,16000,1,,,,1,train
vehicle_horn_0069,vehicle_horn_0069.wav,C:\Users\Afzal Compters\Desktop\Sonic-sentinal-AI\audio_dataset\originals\vehicle_horn\vehicle_horn_0069.wav,vehicle_horn,3.0,16000,1,,,,1,train
aggression_0296,aggression_0296.wav,C:\Users\Afzal Compters\Desktop\Sonic-sentinal-AI\audio_dataset\originals\aggression\aggression_0296.wav,aggression,3.0,16000,1,,,,1,train
glass_breaking_0167,glass_breaking_0167.wav,C:\Users\Afzal Compters\Desktop\Sonic-sentinal-AI\audio_dataset\originals\glass_breaking\glass_breaking_0167.wav,glass_breaking,3.0,16000,1,,,,1,train
panic_scream_0144,panic_scream_0144.wav,C:\Users\Afzal Compters\Desktop\Sonic-sentinal-AI\audio_dataset\originals\panic_scream\panic_scream_0144.wav,panic_scream,3.0,16000,1,,,,1,train
machinery_fault_0087,machinery_fault_0087.wav,C:\Users\Afzal Compters\Desktop\Sonic-sentinal-AI\audio_dataset\originals\machinery_fault\machinery_fault_0087.wav,machinery_fault,3.0,16000,1,,,,1,train
glass_breaking_0017,glass_breaking_0017.wav,C:\Users\Afzal Compters\Desktop\Sonic-sentinal-AI\audio_dataset\originals\glass_breaking\glass_breaking_0017.wav,glass_breaking,3.0,16000,1,,,,1,train
aggression_0064,aggression_0064.wav,C:\Users\Afzal Compters\Desktop\Sonic-sentinal-AI\audio_dataset\originals\aggression\aggression_0064.wav,aggression,3.0,16000,1,,,,1,train
alarm_siren_0118,alarm_siren_0118.wav,C:\Users\Afzal Compters\Desktop\Sonic-sentinal-AI\audio_dataset\originals\alarm_siren\alarm_siren_0118.wav,alarm_siren,3.0,16000,1,,,,1,train
aggression_0194,aggression_0194.wav,C:\Users\Afzal Compters\Desktop\Sonic-sentinal-AI\audio_dataset\originals\aggression\aggression_0194.wav,aggression,3.0,16000,1,,,,1,train
background_noise_0190,background_noise_0190.wav,C:\Users\Afzal Compters\Desktop\Sonic-sentinal-AI\audio_dataset\originals\background_noise\background_noise_0190.wav,background_noise,3.0,16000,1,,,,1,train
gunshot_0179,gunshot_0179.wav,C:\Users\Afzal Compters\Desktop\Sonic-sentinal-AI\audio_dataset\originals\gunshot\gunshot_0179.wav,gunshot,3.0,16000,1,,,,1,train
gunshot_0261,gunshot_0261.wav,C:\Users\Afzal Compters\Desktop\Sonic-sentinal-AI\audio_dataset\originals\gunshot\gunshot_0261.wav,gunshot,3.0,16000,1,,,,1,train
gunshot_0213,gunshot_0213.wav,C:\Users\Afzal Compters\Desktop\Sonic-sentinal-AI\audio_dataset\originals\gunshot\gunshot_0213.wav,gunshot,3.0,16000,1,,,,1,train
gunshot_0264,gunshot_0264.wav,C:\Users\Afzal Compters\Desktop\Sonic-sentinal-AI\audio_dataset\originals\gunshot\gunshot_0264.wav,gunshot,3.0,16000,1,,,,1,train
machinery_fault_0171,machinery_fault_0171.wav,C:\Users\Afzal Compters\Desktop\Sonic-sentinal-AI\audio_dataset\originals\machinery_fault\machinery_fault_0171.wav,machinery_fault,3.0,16000,1,,,,1,train
glass_breaking_0169,glass_breaking_0169.wav,C:\Users\Afzal Compters\Desktop\Sonic-sentinal-AI\audio_dataset\originals\glass_breaking\glass_breaking_0169.wav,glass_breaking,3.0,16000,1,,,,1,train
aggression_0033,aggression_0033.wav,C:\Users\Afzal Compters\Desktop\Sonic-sentinal-AI\audio_dataset\originals\aggression\aggression_0033.wav,aggression,3.0,16000,1,,,,1,train
machinery_fault_0017,machinery_fault_0017.wav,C:\Users\Afzal Compters\Desktop\Sonic-sentinal-AI\audio_dataset\originals\machinery_fault\machinery_fault_0017.wav,machinery_fault,3.0,16000,1,,,,1,train
gunshot_0157,gunshot_0157.wav,C:\Users\Afzal Compters\Desktop\Sonic-sentinal-AI\audio_dataset\originals\gunshot\gunshot_0157.wav,gunshot,3.0,16000,1,,,,1,train
vehicle_horn_0067,vehicle_horn_0067.wav,C:\Users\Afzal Compters\Desktop\Sonic-sentinal-AI\audio_dataset\originals\vehicle_horn\vehicle_horn_0067.wav,vehicle_horn,3.0,16000,1,,,,1,train
alarm_siren_0274,alarm_siren_0274.wav,C:\Users\Afzal Compters\Desktop\Sonic-sentinal-AI\audio_dataset\originals\alarm_siren\alarm_siren_0274.wav,alarm_siren,3.0,16000,1,,,,1,train
animal_sound_0168,animal_sound_0168.wav,C:\Users\Afzal Compters\Desktop\Sonic-sentinal-AI\audio_dataset\originals\animal_sound\animal_sound_0168.wav,animal_sound,3.0,16000,1,,,,1,train
vehicle_horn_0085,vehicle_horn_0085.wav,C:\Users\Afzal Compters\Desktop\Sonic-sentinal-AI\audio_dataset\originals\vehicle_horn\vehicle_horn_0085.wav,vehicle_horn,3.0,16000,1,,,,1,train
gunshot_0123,gunshot_0123.wav,C:\Users\Afzal Compters\Desktop\Sonic-sentinal-AI\audio_dataset\originals\gunshot\gunshot_0123.wav,gunshot,3.0,16000,1,,,,1,train
machinery_fault_0040,machinery_fault_0040.wav,C:\Users\Afzal Compters\Desktop\Sonic-sentinal-AI\audio_dataset\originals\machinery_fault\machinery_fault_0040.wav,machinery_fault,3.0,16000,1,,,,1,train
gunshot_0183,gunshot_0183.wav,C:\Users\Afzal Compters\Desktop\Sonic-sentinal-AI\audio_dataset\originals\gunshot\gunshot_0183.wav,gunshot,3.0,16000,1,,,,1,train
machinery_fault_0049,machinery_fault_0049.wav,C:\Users\Afzal Compters\Desktop\Sonic-sentinal-AI\audio_dataset\originals\machinery_fault\machinery_fault_0049.wav,machinery_fault,3.0,16000,1,,,,1,train
panic_scream_0168,panic_scream_0168.wav,C:\Users\Afzal Compters\Desktop\Sonic-sentinal-AI\audio_dataset\originals\panic_scream\panic_scream_0168.wav,panic_scream,3.0,16000,1,,,,1,train
aggression_0177,aggression_0177.wav,C:\Users\Afzal Compters\Desktop\Sonic-sentinal-AI\audio_dataset\originals\aggression\aggression_0177.wav,aggression,3.0,16000,1,,,,1,train
background_noise_0112,background_noise_0112.wav,C:\Users\Afzal Compters\Desktop\Sonic-sentinal-AI\audio_dataset\originals\background_noise\background_noise_0112.wav,background_noise,3.0,16000,1,,,,1,train
background_noise_0069,background_noise_0069.wav,C:\Users\Afzal Compters\Desktop\Sonic-sentinal-AI\audio_dataset\originals\background_noise\background_noise_0069.wav,background_noise,3.0,16000,1,,,,1,train
machinery_fault_0228,machinery_fault_0228.wav,C:\Users\Afzal Compters\Desktop\Sonic-sentinal-AI\audio_dataset\originals\machinery_fault\machinery_fault_0228.wav,machinery_fault,3.0,16000,1,,,,1,train
glass_breaking_0155,glass_breaking_0155.wav,C:\Users\Afzal Compters\Desktop\Sonic-sentinal-AI\audio_dataset\originals\glass_breaking\glass_breaking_0155.wav,glass_breaking,3.0,16000,1,,,,1,train
gunshot_0293,gunshot_0293.wav,C:\Users\Afzal Compters\Desktop\Sonic-sentinal-AI\audio_dataset\originals\gunshot\gunshot_0293.wav,gunshot,3.0,16000,1,,,,1,train
animal_sound_0105,animal_sound_0105.wav,C:\Users\Afzal Compters\Desktop\Sonic-sentinal-AI\audio_dataset\originals\animal_sound\animal_sound_0105.wav,animal_sound,3.0,16000,1,,,,1,train
alarm_siren_0054,alarm_siren_0054.wav,C:\Users\Afzal Compters\Desktop\Sonic-sentinal-AI\audio_dataset\originals\alarm_siren\alarm_siren_0054.wav,alarm_siren,3.0,16000,1,,,,1,train
machinery_fault_0047,machinery_fault_0047.wav,C:\Users\Afzal Compters\Desktop\Sonic-sentinal-AI\audio_dataset\originals\machinery_fault\machinery_fault_0047.wav,machinery_fault,3.0,16000,1,,,,1,train
background_noise_0056,background_noise_0056.wav,C:\Users\Afzal Compters\Desktop\Sonic-sentinal-AI\audio_dataset\originals\background_noise\background_noise_0056.wav,background_noise,3.0,16000,1,,,,1,train
panic_scream_0191,panic_scream_0191.wav,C:\Users\Afzal Compters\Desktop\Sonic-sentinal-AI\audio_dataset\originals\panic_scream\panic_scream_0191.wav,panic_scream,3.0,16000,1,,,,1,train
animal_sound_0184,animal_sound_0184.wav,C:\Users\Afzal Compters\Desktop\Sonic-sentinal-AI\audio_dataset\originals\animal_sound\animal_sound_0184.wav,animal_sound,3.0,16000,1,,,,1,train
vehicle_horn_0255,vehicle_horn_0255.wav,C:\Users\Afzal Compters\Desktop\Sonic-sentinal-AI\audio_dataset\originals\vehicle_horn\vehicle_horn_0255.wav,vehicle_horn,3.0,16000,1,,,,1,train
animal_sound_0043,animal_sound_0043.wav,C:\Users\Afzal Compters\Desktop\Sonic-sentinal-AI\audio_dataset\originals\animal_sound\animal_sound_0043.wav,animal_sound,3.0,16000,1,,,,1,train
vehicle_horn_0001,vehicle_horn_0001.wav,C:\Users\Afzal Compters\Desktop\Sonic-sentinal-AI\audio_dataset\originals\vehicle_horn\vehicle_horn_0001.wav,vehicle_horn,3.0,16000,1,,,,1,train
gunshot_0109,gunshot_0109.wav,C:\Users\Afzal Compters\Desktop\Sonic-sentinal-AI\audio_dataset\originals\gunshot\gunshot_0109.wav,gunshot,3.0,16000,1,,,,1,train
alarm_siren_0141,alarm_siren_0141.wav,C:\Users\Afzal Compters\Desktop\Sonic-sentinal-AI\audio_dataset\originals\alarm_siren\alarm_siren_0141.wav,alarm_siren,3.0,16000,1,,,,1,train
panic_scream_0194,panic_scream_0194.wav,C:\Users\Afzal Compters\Desktop\Sonic-sentinal-AI\audio_dataset\originals\panic_scream\panic_scream_0194.wav,panic_scream,3.0,16000,1,,,,1,train
alarm_siren_0004,alarm_siren_0004.wav,C:\Users\Afzal Compters\Desktop\Sonic-sentinal-AI\audio_dataset\originals\alarm_siren\alarm_siren_0004.wav,alarm_siren,3.0,16000,1,,,,1,train
vehicle_horn_0082,vehicle_horn_0082.wav,C:\Users\Afzal Compters\Desktop\Sonic-sentinal-AI\audio_dataset\originals\vehicle_horn\vehicle_horn_0082.wav,vehicle_horn,3.0,16000,1,,,,1,train
vehicle_horn_0172,vehicle_horn_0172.wav,C:\Users\Afzal Compters\Desktop\Sonic-sentinal-AI\audio_dataset\originals\vehicle_horn\vehicle_horn_0172.wav,vehicle_horn,3.0,16000,1,,,,1,train
background_noise_0060,background_noise_0060.wav,C:\Users\Afzal Compters\Desktop\Sonic-sentinal-AI\audio_dataset\originals\background_noise\background_noise_0060.wav,background_noise,3.0,16000,1,,,,1,train
animal_sound_0166,animal_sound_0166.wav,C:\Users\Afzal Compters\Desktop\Sonic-sentinal-AI\audio_dataset\originals\animal_sound\animal_sound_0166.wav,animal_sound,3.0,16000,1,,,,1,train
alarm_siren_0207,alarm_siren_0207.wav,C:\Users\Afzal Compters\Desktop\Sonic-sentinal-AI\audio_dataset\originals\alarm_siren\alarm_siren_0207.wav,alarm_siren,3.0,16000,1,,,,1,train
background_noise_0043,background_noise_0043.wav,C:\Users\Afzal Compters\Desktop\Sonic-sentinal-AI\audio_dataset\originals\background_noise\background_noise_0043.wav,background_noise,3.0,16000,1,,,,1,train
glass_breaking_0294,glass_breaking_0294.wav,C:\Users\Afzal Compters\Desktop\Sonic-sentinal-AI\audio_dataset\originals\glass_breaking\glass_breaking_0294.wav,glass_breaking,3.0,16000,1,,,,1,train
glass_breaking_0221,glass_breaking_0221.wav,C:\Users\Afzal Compters\Desktop\Sonic-sentinal-AI\audio_dataset\originals\glass_breaking\glass_breaking_0221.wav,glass_breaking,3.0,16000,1,,,,1,train
background_noise_0179,background_noise_0179.wav,C:\Users\Afzal Compters\Desktop\Sonic-sentinal-AI\audio_dataset\originals\background_noise\background_noise_0179.wav,background_noise,3.0,16000,1,,,,1,train
animal_sound_0276,animal_sound_0276.wav,C:\Users\Afzal Compters\Desktop\Sonic-sentinal-AI\audio_dataset\originals\animal_sound\animal_sound_0276.wav,animal_sound,3.0,16000,1,,,,1,train
animal_sound_0123,animal_sound_0123.wav,C:\Users\Afzal Compters\Desktop\Sonic-sentinal-AI\audio_dataset\originals\animal_sound\animal_sound_0123.wav,animal_sound,3.0,16000,1,,,,1,train
vehicle_horn_0243,vehicle_horn_0243.wav,C:\Users\Afzal Compters\Desktop\Sonic-sentinal-AI\audio_dataset\originals\vehicle_horn\vehicle_horn_0243.wav,vehicle_horn,3.0,16000,1,,,,1,train
panic_scream_0095,panic_scream_0095.wav,C:\Users\Afzal Compters\Desktop\Sonic-sentinal-AI\audio_dataset\originals\panic_scream\panic_scream_0095.wav,panic_scream,3.0,16000,1,,,,1,train
glass_breaking_0226,glass_breaking_0226.wav,C:\Users\Afzal Compters\Desktop\Sonic-sentinal-AI\audio_dataset\originals\glass_breaking\glass_breaking_0226.wav,glass_breaking,3.0,16000,1,,,,1,train
panic_scream_0127,panic_scream_0127.wav,C:\Users\Afzal Compters\Desktop\Sonic-sentinal-AI\audio_dataset\originals\panic_scream\panic_scream_0127.wav,panic_scream,3.0,16000,1,,,,1,train
alarm_siren_0078,alarm_siren_0078.wav,C:\Users\Afzal Compters\Desktop\Sonic-sentinal-AI\audio_dataset\originals\alarm_siren\alarm_siren_0078.wav,alarm_siren,3.0,16000,1,,,,1,train
gunshot_0117,gunshot_0117.wav,C:\Users\Afzal Compters\Desktop\Sonic-sentinal-AI\audio_dataset\originals\gunshot\gunshot_0117.wav,gunshot,3.0,16000,1,,,,1,train
gunshot_0090,gunshot_0090.wav,C:\Users\Afzal Compters\Desktop\Sonic-sentinal-AI\audio_dataset\originals\gunshot\gunshot_0090.wav,gunshot,3.0,16000,1,,,,1,train
vehicle_horn_0282,vehicle_horn_0282.wav,C:\Users\Afzal Compters\Desktop\Sonic-sentinal-AI\audio_dataset\originals\vehicle_horn\vehicle_horn_0282.wav,vehicle_horn,3.0,16000,1,,,,1,train
gunshot_0170,gunshot_0170.wav,C:\Users\Afzal Compters\Desktop\Sonic-sentinal-AI\audio_dataset\originals\gunshot\gunshot_0170.wav,gunshot,3.0,16000,1,,,,1,train
alarm_siren_0122,alarm_siren_0122.wav,C:\Users\Afzal Compters\Desktop\Sonic-sentinal-AI\audio_dataset\originals\alarm_siren\alarm_siren_0122.wav,alarm_siren,3.0,16000,1,,,,1,train
animal_sound_0196,animal_sound_0196.wav,C:\Users\Afzal Compters\Desktop\Sonic-sentinal-AI\audio_dataset\originals\animal_sound\animal_sound_0196.wav,animal_sound,3.0,16000,1,,,,1,train
alarm_siren_0089,alarm_siren_0089.wav,C:\Users\Afzal Compters\Desktop\Sonic-sentinal-AI\audio_dataset\originals\alarm_siren\alarm_siren_0089.wav,alarm_siren,3.0,16000,1,,,,1,train
glass_breaking_0227,glass_breaking_0227.wav,C:\Users\Afzal Compters\Desktop\Sonic-sentinal-AI\audio_dataset\originals\glass_breaking\glass_breaking_0227.wav,glass_breaking,3.0,16000,1,,,,1,train
glass_breaking_0228,glass_breaking_0228.wav,C:\Users\Afzal Compters\Desktop\Sonic-sentinal-AI\audio_dataset\originals\glass_breaking\glass_breaking_0228.wav,glass_breaking,3.0,16000,1,,,,1,train
gunshot_0173,gunshot_0173.wav,C:\Users\Afzal Compters\Desktop\Sonic-sentinal-AI\audio_dataset\originals\gunshot\gunshot_0173.wav,gunshot,3.0,16000,1,,,,1,train
animal_sound_0147,animal_sound_0147.wav,C:\Users\Afzal Compters\Desktop\Sonic-sentinal-AI\audio_dataset\originals\animal_sound\animal_sound_0147.wav,animal_sound,3.0,16000,1,,,,1,train
gunshot_0112,gunshot_0112.wav,C:\Users\Afzal Compters\Desktop\Sonic-sentinal-AI\audio_dataset\originals\gunshot\gunshot_0112.wav,gunshot,3.0,16000,1,,,,1,train
aggression_0240,aggression_0240.wav,C:\Users\Afzal Compters\Desktop\Sonic-sentinal-AI\audio_dataset\originals\aggression\aggression_0240.wav,aggression,3.0,16000,1,,,,1,train
vehicle_horn_0159,vehicle_horn_0159.wav,C:\Users\Afzal Compters\Desktop\Sonic-sentinal-AI\audio_dataset\originals\vehicle_horn\vehicle_horn_0159.wav,vehicle_horn,3.0,16000,1,,,,1,train
background_noise_0170,background_noise_0170.wav,C:\Users\Afzal Compters\Desktop\Sonic-sentinal-AI\audio_dataset\originals\background_noise\background_noise_0170.wav,background_noise,3.0,16000,1,,,,1,train
machinery_fault_0205,machinery_fault_0205.wav,C:\Users\Afzal Compters\Desktop\Sonic-sentinal-AI\audio_dataset\originals\machinery_fault\machinery_fault_0205.wav,machinery_fault,3.0,16000,1,,,,1,train
alarm_siren_0167,alarm_siren_0167.wav,C:\Users\Afzal Compters\Desktop\Sonic-sentinal-AI\audio_dataset\originals\alarm_siren\alarm_siren_0167.wav,alarm_siren,3.0,16000,1,,,,1,train
machinery_fault_0020,machinery_fault_0020.wav,C:\Users\Afzal Compters\Desktop\Sonic-sentinal-AI\audio_dataset\originals\machinery_fault\machinery_fault_0020.wav,machinery_fault,3.0,16000,1,,,,1,train
background_noise_0077,background_noise_0077.wav,C:\Users\Afzal Compters\Desktop\Sonic-sentinal-AI\audio_dataset\originals\background_noise\background_noise_0077.wav,background_noise,3.0,16000,1,,,,1,train
alarm_siren_0245,alarm_siren_0245.wav,C:\Users\Afzal Compters\Desktop\Sonic-sentinal-AI\audio_dataset\originals\alarm_siren\alarm_siren_0245.wav,alarm_siren,3.0,16000,1,,,,1,train
aggression_0214,aggression_0214.wav,C:\Users\Afzal Compters\Desktop\Sonic-sentinal-AI\audio_dataset\originals\aggression\aggression_0214.wav,aggression,3.0,16000,1,,,,1,train
machinery_fault_0039,machinery_fault_0039.wav,C:\Users\Afzal Compters\Desktop\Sonic-sentinal-AI\audio_dataset\originals\machinery_fault\machinery_fault_0039.wav,machinery_fault,3.0,16000,1,,,,1,train
alarm_siren_0268,alarm_siren_0268.wav,C:\Users\Afzal Compters\Desktop\Sonic-sentinal-AI\audio_dataset\originals\alarm_siren\alarm_siren_0268.wav,alarm_siren,3.0,16000,1,,,,1,train
glass_breaking_0212,glass_breaking_0212.wav,C:\Users\Afzal Compters\Desktop\Sonic-sentinal-AI\audio_dataset\originals\glass_breaking\glass_breaking_0212.wav,glass_breaking,3.0,16000,1,,,,1,train
glass_breaking_0243,glass_breaking_0243.wav,C:\Users\Afzal Compters\Desktop\Sonic-sentinal-AI\audio_dataset\originals\glass_breaking\glass_breaking_0243.wav,glass_breaking,3.0,16000,1,,,,1,train
machinery_fault_0118,machinery_fault_0118.wav,C:\Users\Afzal Compters\Desktop\Sonic-sentinal-AI\audio_dataset\originals\machinery_fault\machinery_fault_0118.wav,machinery_fault,3.0,16000,1,,,,1,train
gunshot_0177,gunshot_0177.wav,C:\Users\Afzal Compters\Desktop\Sonic-sentinal-AI\audio_dataset\originals\gunshot\gunshot_0177.wav,gunshot,3.0,16000,1,,,,1,train
aggression_0067,aggression_0067.wav,C:\Users\Afzal Compters\Desktop\Sonic-sentinal-AI\audio_dataset\originals\aggression\aggression_0067.wav,aggression,3.0,16000,1,,,,1,train
vehicle_horn_0072,vehicle_horn_0072.wav,C:\Users\Afzal Compters\Desktop\Sonic-sentinal-AI\audio_dataset\originals\vehicle_horn\vehicle_horn_0072.wav,vehicle_horn,3.0,16000,1,,,,1,train
background_noise_0155,background_noise_0155.wav,C:\Users\Afzal Compters\Desktop\Sonic-sentinal-AI\audio_dataset\originals\background_noise\background_noise_0155.wav,background_noise,3.0,16000,1,,,,1,train
panic_scream_0196,panic_scream_0196.wav,C:\Users\Afzal Compters\Desktop\Sonic-sentinal-AI\audio_dataset\originals\panic_scream\panic_scream_0196.wav,panic_scream,3.0,16000,1,,,,1,train
alarm_siren_0252,alarm_siren_0252.wav,C:\Users\Afzal Compters\Desktop\Sonic-sentinal-AI\audio_dataset\originals\alarm_siren\alarm_siren_0252.wav,alarm_siren,3.0,16000,1,,,,1,train
alarm_siren_0213,alarm_siren_0213.wav,C:\Users\Afzal Compters\Desktop\Sonic-sentinal-AI\audio_dataset\originals\alarm_siren\alarm_siren_0213.wav,alarm_siren,3.0,16000,1,,,,1,train
glass_breaking_0235,glass_breaking_0235.wav,C:\Users\Afzal Compters\Desktop\Sonic-sentinal-AI\audio_dataset\originals\glass_breaking\glass_breaking_0235.wav,glass_breaking,3.0,16000,1,,,,1,train
vehicle_horn_0289,vehicle_horn_0289.wav,C:\Users\Afzal Compters\Desktop\Sonic-sentinal-AI\audio_dataset\originals\vehicle_horn\vehicle_horn_0289.wav,vehicle_horn,3.0,16000,1,,,,1,train
machinery_fault_0285,machinery_fault_0285.wav,C:\Users\Afzal Compters\Desktop\Sonic-sentinal-AI\audio_dataset\originals\machinery_fault\machinery_fault_0285.wav,machinery_fault,3.0,16000,1,,,,1,train
panic_scream_0169,panic_scream_0169.wav,C:\Users\Afzal Compters\Desktop\Sonic-sentinal-AI\audio_dataset\originals\panic_scream\panic_scream_0169.wav,panic_scream,3.0,16000,1,,,,1,train
alarm_siren_0032,alarm_siren_0032.wav,C:\Users\Afzal Compters\Desktop\Sonic-sentinal-AI\audio_dataset\originals\alarm_siren\alarm_siren_0032.wav,alarm_siren,3.0,16000,1,,,,1,train
panic_scream_0087,panic_scream_0087.wav,C:\Users\Afzal Compters\Desktop\Sonic-sentinal-AI\audio_dataset\originals\panic_scream\panic_scream_0087.wav,panic_scream,3.0,16000,1,,,,1,train
glass_breaking_0180,glass_breaking_0180.wav,C:\Users\Afzal Compters\Desktop\Sonic-sentinal-AI\audio_dataset\originals\glass_breaking\glass_breaking_0180.wav,glass_breaking,3.0,16000,1,,,,1,train
panic_scream_0128,panic_scream_0128.wav,C:\Users\Afzal Compters\Desktop\Sonic-sentinal-AI\audio_dataset\originals\panic_scream\panic_scream_0128.wav,panic_scream,3.0,16000,1,,,,1,train
panic_scream_0091,panic_scream_0091.wav,C:\Users\Afzal Compters\Desktop\Sonic-sentinal-AI\audio_dataset\originals\panic_scream\panic_scream_0091.wav,panic_scream,3.0,16000,1,,,,1,train
panic_scream_0088,panic_scream_0088.wav,C:\Users\Afzal Compters\Desktop\Sonic-sentinal-AI\audio_dataset\originals\panic_scream\panic_scream_0088.wav,panic_scream,3.0,16000,1,,,,1,train
vehicle_horn_0038,vehicle_horn_0038.wav,C:\Users\Afzal Compters\Desktop\Sonic-sentinal-AI\audio_dataset\originals\vehicle_horn\vehicle_horn_0038.wav,vehicle_horn,3.0,16000,1,,,,1,train
alarm_siren_0052,alarm_siren_0052.wav,C:\Users\Afzal Compters\Desktop\Sonic-sentinal-AI\audio_dataset\originals\alarm_siren\alarm_siren_0052.wav,alarm_siren,3.0,16000,1,,,,1,train
background_noise_0263,background_noise_0263.wav,C:\Users\Afzal Compters\Desktop\Sonic-sentinal-AI\audio_dataset\originals\background_noise\background_noise_0263.wav,background_noise,3.0,16000,1,,,,1,train
glass_breaking_0047,glass_breaking_0047.wav,C:\Users\Afzal Compters\Desktop\Sonic-sentinal-AI\audio_dataset\originals\glass_breaking\glass_breaking_0047.wav,glass_breaking,3.0,16000,1,,,,1,train
panic_scream_0236,panic_scream_0236.wav,C:\Users\Afzal Compters\Desktop\Sonic-sentinal-AI\audio_dataset\originals\panic_scream\panic_scream_0236.wav,panic_scream,3.0,16000,1,,,,1,train
panic_scream_0050,panic_scream_0050.wav,C:\Users\Afzal Compters\Desktop\Sonic-sentinal-AI\audio_dataset\originals\panic_scream\panic_scream_0050.wav,panic_scream,3.0,16000,1,,,,1,train
background_noise_0230,background_noise_0230.wav,C:\Users\Afzal Compters\Desktop\Sonic-sentinal-AI\audio_dataset\originals\background_noise\background_noise_0230.wav,background_noise,3.0,16000,1,,,,1,train
alarm_siren_0279,alarm_siren_0279.wav,C:\Users\Afzal Compters\Desktop\Sonic-sentinal-AI\audio_dataset\originals\alarm_siren\alarm_siren_0279.wav,alarm_siren,3.0,16000,1,,,,1,train
vehicle_horn_0050,vehicle_horn_0050.wav,C:\Users\Afzal Compters\Desktop\Sonic-sentinal-AI\audio_dataset\originals\vehicle_horn\vehicle_horn_0050.wav,vehicle_horn,3.0,16000,1,,,,1,train
glass_breaking_0108,glass_breaking_0108.wav,C:\Users\Afzal Compters\Desktop\Sonic-sentinal-AI\audio_dataset\originals\glass_breaking\glass_breaking_0108.wav,glass_breaking,3.0,16000,1,,,,1,train
vehicle_horn_0065,vehicle_horn_0065.wav,C:\Users\Afzal Compters\Desktop\Sonic-sentinal-AI\audio_dataset\originals\vehicle_horn\vehicle_horn_0065.wav,vehicle_horn,3.0,16000,1,,,,1,train
machinery_fault_0112,machinery_fault_0112.wav,C:\Users\Afzal Compters\Desktop\Sonic-sentinal-AI\audio_dataset\originals\machinery_fault\machinery_fault_0112.wav,machinery_fault,3.0,16000,1,,,,1,train
panic_scream_0180,panic_scream_0180.wav,C:\Users\Afzal Compters\Desktop\Sonic-sentinal-AI\audio_dataset\originals\panic_scream\panic_scream_0180.wav,panic_scream,3.0,16000,1,,,,1,train
panic_scream_0071,panic_scream_0071.wav,C:\Users\Afzal Compters\Desktop\Sonic-sentinal-AI\audio_dataset\originals\panic_scream\panic_scream_0071.wav,panic_scream,3.0,16000,1,,,,1,train
vehicle_horn_0244,vehicle_horn_0244.wav,C:\Users\Afzal Compters\Desktop\Sonic-sentinal-AI\audio_dataset\originals\vehicle_horn\vehicle_horn_0244.wav,vehicle_horn,3.0,16000,1,,,,1,train
aggression_0243,aggression_0243.wav,C:\Users\Afzal Compters\Desktop\Sonic-sentinal-AI\audio_dataset\originals\aggression\aggression_0243.wav,aggression,3.0,16000,1,,,,1,train
panic_scream_0044,panic_scream_0044.wav,C:\Users\Afzal Compters\Desktop\Sonic-sentinal-AI\audio_dataset\originals\panic_scream\panic_scream_0044.wav,panic_scream,3.0,16000,1,,,,1,train
panic_scream_0028,panic_scream_0028.wav,C:\Users\Afzal Compters\Desktop\Sonic-sentinal-AI\audio_dataset\originals\panic_scream\panic_scream_0028.wav,panic_scream,3.0,16000,1,,,,1,train
machinery_fault_0137,machinery_fault_0137.wav,C:\Users\Afzal Compters\Desktop\Sonic-sentinal-AI\audio_dataset\originals\machinery_fault\machinery_fault_0137.wav,machinery_fault,3.0,16000,1,,,,1,train
gunshot_0159,gunshot_0159.wav,C:\Users\Afzal Compters\Desktop\Sonic-sentinal-AI\audio_dataset\originals\gunshot\gunshot_0159.wav,gunshot,3.0,16000,1,,,,1,train
background_noise_0158,background_noise_0158.wav,C:\Users\Afzal Compters\Desktop\Sonic-sentinal-AI\audio_dataset\originals\background_noise\background_noise_0158.wav,background_noise,3.0,16000,1,,,,1,train
panic_scream_0054,panic_scream_0054.wav,C:\Users\Afzal Compters\Desktop\Sonic-sentinal-AI\audio_dataset\originals\panic_scream\panic_scream_0054.wav,panic_scream,3.0,16000,1,,,,1,train
gunshot_0059,gunshot_0059.wav,C:\Users\Afzal Compters\Desktop\Sonic-sentinal-AI\audio_dataset\originals\gunshot\gunshot_0059.wav,gunshot,3.0,16000,1,,,,1,train
alarm_siren_0164,alarm_siren_0164.wav,C:\Users\Afzal Compters\Desktop\Sonic-sentinal-AI\audio_dataset\originals\alarm_siren\alarm_siren_0164.wav,alarm_siren,3.0,16000,1,,,,1,train
panic_scream_0172,panic_scream_0172.wav,C:\Users\Afzal Compters\Desktop\Sonic-sentinal-AI\audio_dataset\originals\panic_scream\panic_scream_0172.wav,panic_scream,3.0,16000,1,,,,1,train
animal_sound_0225,animal_sound_0225.wav,C:\Users\Afzal Compters\Desktop\Sonic-sentinal-AI\audio_dataset\originals\animal_sound\animal_sound_0225.wav,animal_sound,3.0,16000,1,,,,1,train
vehicle_horn_0099,vehicle_horn_0099.wav,C:\Users\Afzal Compters\Desktop\Sonic-sentinal-AI\audio_dataset\originals\vehicle_horn\vehicle_horn_0099.wav,vehicle_horn,3.0,16000,1,,,,1,train
animal_sound_0167,animal_sound_0167.wav,C:\Users\Afzal Compters\Desktop\Sonic-sentinal-AI\audio_dataset\originals\animal_sound\animal_sound_0167.wav,animal_sound,3.0,16000,1,,,,1,train
alarm_siren_0119,alarm_siren_0119.wav,C:\Users\Afzal Compters\Desktop\Sonic-sentinal-AI\audio_dataset\originals\alarm_siren\alarm_siren_0119.wav,alarm_siren,3.0,16000,1,,,,1,train
panic_scream_0269,panic_scream_0269.wav,C:\Users\Afzal Compters\Desktop\Sonic-sentinal-AI\audio_dataset\originals\panic_scream\panic_scream_0269.wav,panic_scream,3.0,16000,1,,,,1,train
vehicle_horn_0232,vehicle_horn_0232.wav,C:\Users\Afzal Compters\Desktop\Sonic-sentinal-AI\audio_dataset\originals\vehicle_horn\vehicle_horn_0232.wav,vehicle_horn,3.0,16000,1,,,,1,train
gunshot_0016,gunshot_0016.wav,C:\Users\Afzal Compters\Desktop\Sonic-sentinal-AI\audio_dataset\originals\gunshot\gunshot_0016.wav,gunshot,3.0,16000,1,,,,1,train
background_noise_0122,background_noise_0122.wav,C:\Users\Afzal Compters\Desktop\Sonic-sentinal-AI\audio_dataset\originals\background_noise\background_noise_0122.wav,background_noise,3.0,16000,1,,,,1,train
vehicle_horn_0166,vehicle_horn_0166.wav,C:\Users\Afzal Compters\Desktop\Sonic-sentinal-AI\audio_dataset\originals\vehicle_horn\vehicle_horn_0166.wav,vehicle_horn,3.0,16000,1,,,,1,train
panic_scream_0173,panic_scream_0173.wav,C:\Users\Afzal Compters\Desktop\Sonic-sentinal-AI\audio_dataset\originals\panic_scream\panic_scream_0173.wav,panic_scream,3.0,16000,1,,,,1,train
alarm_siren_0232,alarm_siren_0232.wav,C:\Users\Afzal Compters\Desktop\Sonic-sentinal-AI\audio_dataset\originals\alarm_siren\alarm_siren_0232.wav,alarm_siren,3.0,16000,1,,,,1,train
panic_scream_0159,panic_scream_0159.wav,C:\Users\Afzal Compters\Desktop\Sonic-sentinal-AI\audio_dataset\originals\panic_scream\panic_scream_0159.wav,panic_scream,3.0,16000,1,,,,1,train
animal_sound_0047,animal_sound_0047.wav,C:\Users\Afzal Compters\Desktop\Sonic-sentinal-AI\audio_dataset\originals\animal_sound\animal_sound_0047.wav,animal_sound,3.0,16000,1,,,,1,train
gunshot_0197,gunshot_0197.wav,C:\Users\Afzal Compters\Desktop\Sonic-sentinal-AI\audio_dataset\originals\gunshot\gunshot_0197.wav,gunshot,3.0,16000,1,,,,1,train
glass_breaking_0223,glass_breaking_0223.wav,C:\Users\Afzal Compters\Desktop\Sonic-sentinal-AI\audio_dataset\originals\glass_breaking\glass_breaking_0223.wav,glass_breaking,3.0,16000,1,,,,1,train
background_noise_0297,background_noise_0297.wav,C:\Users\Afzal Compters\Desktop\Sonic-sentinal-AI\audio_dataset\originals\background_noise\background_noise_0297.wav,background_noise,3.0,16000,1,,,,1,train
vehicle_horn_0134,vehicle_horn_0134.wav,C:\Users\Afzal Compters\Desktop\Sonic-sentinal-AI\audio_dataset\originals\vehicle_horn\vehicle_horn_0134.wav,vehicle_horn,3.0,16000,1,,,,1,train
alarm_siren_0288,alarm_siren_0288.wav,C:\Users\Afzal Compters\Desktop\Sonic-sentinal-AI\audio_dataset\originals\alarm_siren\alarm_siren_0288.wav,alarm_siren,3.0,16000,1,,,,1,train
animal_sound_0134,animal_sound_0134.wav,C:\Users\Afzal Compters\Desktop\Sonic-sentinal-AI\audio_dataset\originals\animal_sound\animal_sound_0134.wav,animal_sound,3.0,16000,1,,,,1,train
gunshot_0292,gunshot_0292.wav,C:\Users\Afzal Compters\Desktop\Sonic-sentinal-AI\audio_dataset\originals\gunshot\gunshot_0292.wav,gunshot,3.0,16000,1,,,,1,train
panic_scream_0154,panic_scream_0154.wav,C:\Users\Afzal Compters\Desktop\Sonic-sentinal-AI\audio_dataset\originals\panic_scream\panic_scream_0154.wav,panic_scream,3.0,16000,1,,,,1,train
glass_breaking_0032,glass_breaking_0032.wav,C:\Users\Afzal Compters\Desktop\Sonic-sentinal-AI\audio_dataset\originals\glass_breaking\glass_breaking_0032.wav,glass_breaking,3.0,16000,1,,,,1,train
machinery_fault_0122,machinery_fault_0122.wav,C:\Users\Afzal Compters\Desktop\Sonic-sentinal-AI\audio_dataset\originals\machinery_fault\machinery_fault_0122.wav,machinery_fault,3.0,16000,1,,,,1,train
glass_breaking_0113,glass_breaking_0113.wav,C:\Users\Afzal Compters\Desktop\Sonic-sentinal-AI\audio_dataset\originals\glass_breaking\glass_breaking_0113.wav,glass_breaking,3.0,16000,1,,,,1,train
glass_breaking_0035,glass_breaking_0035.wav,C:\Users\Afzal Compters\Desktop\Sonic-sentinal-AI\audio_dataset\originals\glass_breaking\glass_breaking_0035.wav,glass_breaking,3.0,16000,1,,,,1,train
background_noise_0051,background_noise_0051.wav,C:\Users\Afzal Compters\Desktop\Sonic-sentinal-AI\audio_dataset\originals\background_noise\background_noise_0051.wav,background_noise,3.0,16000,1,,,,1,train
vehicle_horn_0149,vehicle_horn_0149.wav,C:\Users\Afzal Compters\Desktop\Sonic-sentinal-AI\audio_dataset\originals\vehicle_horn\vehicle_horn_0149.wav,vehicle_horn,3.0,16000,1,,,,1,train
aggression_0004,aggression_0004.wav,C:\Users\Afzal Compters\Desktop\Sonic-sentinal-AI\audio_dataset\originals\aggression\aggression_0004.wav,aggression,3.0,16000,1,,,,1,train
aggression_0208,aggression_0208.wav,C:\Users\Afzal Compters\Desktop\Sonic-sentinal-AI\audio_dataset\originals\aggression\aggression_0208.wav,aggression,3.0,16000,1,,,,1,train
machinery_fault_0061,machinery_fault_0061.wav,C:\Users\Afzal Compters\Desktop\Sonic-sentinal-AI\audio_dataset\originals\machinery_fault\machinery_fault_0061.wav,machinery_fault,3.0,16000,1,,,,1,train
alarm_siren_0128,alarm_siren_0128.wav,C:\Users\Afzal Compters\Desktop\Sonic-sentinal-AI\audio_dataset\originals\alarm_siren\alarm_siren_0128.wav,alarm_siren,3.0,16000,1,,,,1,train
panic_scream_0233,panic_scream_0233.wav,C:\Users\Afzal Compters\Desktop\Sonic-sentinal-AI\audio_dataset\originals\panic_scream\panic_scream_0233.wav,panic_scream,3.0,16000,1,,,,1,train
machinery_fault_0255,machinery_fault_0255.wav,C:\Users\Afzal Compters\Desktop\Sonic-sentinal-AI\audio_dataset\originals\machinery_fault\machinery_fault_0255.wav,machinery_fault,3.0,16000,1,,,,1,train
panic_scream_0292,panic_scream_0292.wav,C:\Users\Afzal Compters\Desktop\Sonic-sentinal-AI\audio_dataset\originals\panic_scream\panic_scream_0292.wav,panic_scream,3.0,16000,1,,,,1,train
alarm_siren_0140,alarm_siren_0140.wav,C:\Users\Afzal Compters\Desktop\Sonic-sentinal-AI\audio_dataset\originals\alarm_siren\alarm_siren_0140.wav,alarm_siren,3.0,16000,1,,,,1,train
glass_breaking_0039,glass_breaking_0039.wav,C:\Users\Afzal Compters\Desktop\Sonic-sentinal-AI\audio_dataset\originals\glass_breaking\glass_breaking_0039.wav,glass_breaking,3.0,16000,1,,,,1,train
alarm_siren_0142,alarm_siren_0142.wav,C:\Users\Afzal Compters\Desktop\Sonic-sentinal-AI\audio_dataset\originals\alarm_siren\alarm_siren_0142.wav,alarm_siren,3.0,16000,1,,,,1,train
panic_scream_0009,panic_scream_0009.wav,C:\Users\Afzal Compters\Desktop\Sonic-sentinal-AI\audio_dataset\originals\panic_scream\panic_scream_0009.wav,panic_scream,3.0,16000,1,,,,1,train
machinery_fault_0235,machinery_fault_0235.wav,C:\Users\Afzal Compters\Desktop\Sonic-sentinal-AI\audio_dataset\originals\machinery_fault\machinery_fault_0235.wav,machinery_fault,3.0,16000,1,,,,1,train
animal_sound_0290,animal_sound_0290.wav,C:\Users\Afzal Compters\Desktop\Sonic-sentinal-AI\audio_dataset\originals\animal_sound\animal_sound_0290.wav,animal_sound,3.0,16000,1,,,,1,train
aggression_0255,aggression_0255.wav,C:\Users\Afzal Compters\Desktop\Sonic-sentinal-AI\audio_dataset\originals\aggression\aggression_0255.wav,aggression,3.0,16000,1,,,,1,train
background_noise_0241,background_noise_0241.wav,C:\Users\Afzal Compters\Desktop\Sonic-sentinal-AI\audio_dataset\originals\background_noise\background_noise_0241.wav,background_noise,3.0,16000,1,,,,1,train
gunshot_0182,gunshot_0182.wav,C:\Users\Afzal Compters\Desktop\Sonic-sentinal-AI\audio_dataset\originals\gunshot\gunshot_0182.wav,gunshot,3.0,16000,1,,,,1,train
animal_sound_0291,animal_sound_0291.wav,C:\Users\Afzal Compters\Desktop\Sonic-sentinal-AI\audio_dataset\originals\animal_sound\animal_sound_0291.wav,animal_sound,3.0,16000,1,,,,1,train
aggression_0107,aggression_0107.wav,C:\Users\Afzal Compters\Desktop\Sonic-sentinal-AI\audio_dataset\originals\aggression\aggression_0107.wav,aggression,3.0,16000,1,,,,1,train
machinery_fault_0177,machinery_fault_0177.wav,C:\Users\Afzal Compters\Desktop\Sonic-sentinal-AI\audio_dataset\originals\machinery_fault\machinery_fault_0177.wav,machinery_fault,3.0,16000,1,,,,1,train
machinery_fault_0105,machinery_fault_0105.wav,C:\Users\Afzal Compters\Desktop\Sonic-sentinal-AI\audio_dataset\originals\machinery_fault\machinery_fault_0105.wav,machinery_fault,3.0,16000,1,,,,1,train
gunshot_0201,gunshot_0201.wav,C:\Users\Afzal Compters\Desktop\Sonic-sentinal-AI\audio_dataset\originals\gunshot\gunshot_0201.wav,gunshot,3.0,16000,1,,,,1,train
vehicle_horn_0066,vehicle_horn_0066.wav,C:\Users\Afzal Compters\Desktop\Sonic-sentinal-AI\audio_dataset\originals\vehicle_horn\vehicle_horn_0066.wav,vehicle_horn,3.0,16000,1,,,,1,train
glass_breaking_0222,glass_breaking_0222.wav,C:\Users\Afzal Compters\Desktop\Sonic-sentinal-AI\audio_dataset\originals\glass_breaking\glass_breaking_0222.wav,glass_breaking,3.0,16000,1,,,,1,train
panic_scream_0147,panic_scream_0147.wav,C:\Users\Afzal Compters\Desktop\Sonic-sentinal-AI\audio_dataset\originals\panic_scream\panic_scream_0147.wav,panic_scream,3.0,16000,1,,,,1,train
animal_sound_0057,animal_sound_0057.wav,C:\Users\Afzal Compters\Desktop\Sonic-sentinal-AI\audio_dataset\originals\animal_sound\animal_sound_0057.wav,animal_sound,3.0,16000,1,,,,1,train
vehicle_horn_0088,vehicle_horn_0088.wav,C:\Users\Afzal Compters\Desktop\Sonic-sentinal-AI\audio_dataset\originals\vehicle_horn\vehicle_horn_0088.wav,vehicle_horn,3.0,16000,1,,,,1,train
glass_breaking_0186,glass_breaking_0186.wav,C:\Users\Afzal Compters\Desktop\Sonic-sentinal-AI\audio_dataset\originals\glass_breaking\glass_breaking_0186.wav,glass_breaking,3.0,16000,1,,,,1,train
gunshot_0128,gunshot_0128.wav,C:\Users\Afzal Compters\Desktop\Sonic-sentinal-AI\audio_dataset\originals\gunshot\gunshot_0128.wav,gunshot,3.0,16000,1,,,,1,train
animal_sound_0089,animal_sound_0089.wav,C:\Users\Afzal Compters\Desktop\Sonic-sentinal-AI\audio_dataset\originals\animal_sound\animal_sound_0089.wav,animal_sound,3.0,16000,1,,,,1,train
animal_sound_0258,animal_sound_0258.wav,C:\Users\Afzal Compters\Desktop\Sonic-sentinal-AI\audio_dataset\originals\animal_sound\animal_sound_0258.wav,animal_sound,3.0,16000,1,,,,1,train
gunshot_0050,gunshot_0050.wav,C:\Users\Afzal Compters\Desktop\Sonic-sentinal-AI\audio_dataset\originals\gunshot\gunshot_0050.wav,gunshot,3.0,16000,1,,,,1,train
machinery_fault_0094,machinery_fault_0094.wav,C:\Users\Afzal Compters\Desktop\Sonic-sentinal-AI\audio_dataset\originals\machinery_fault\machinery_fault_0094.wav,machinery_fault,3.0,16000,1,,,,1,train
gunshot_0198,gunshot_0198.wav,C:\Users\Afzal Compters\Desktop\Sonic-sentinal-AI\audio_dataset\originals\gunshot\gunshot_0198.wav,gunshot,3.0,16000,1,,,,1,train
glass_breaking_0107,glass_breaking_0107.wav,C:\Users\Afzal Compters\Desktop\Sonic-sentinal-AI\audio_dataset\originals\glass_breaking\glass_breaking_0107.wav,glass_breaking,3.0,16000,1,,,,1,train
vehicle_horn_0016,vehicle_horn_0016.wav,C:\Users\Afzal Compters\Desktop\Sonic-sentinal-AI\audio_dataset\originals\vehicle_horn\vehicle_horn_0016.wav,vehicle_horn,3.0,16000,1,,,,1,train
vehicle_horn_0167,vehicle_horn_0167.wav,C:\Users\Afzal Compters\Desktop\Sonic-sentinal-AI\audio_dataset\originals\vehicle_horn\vehicle_horn_0167.wav,vehicle_horn,3.0,16000,1,,,,1,train
alarm_siren_0168,alarm_siren_0168.wav,C:\Users\Afzal Compters\Desktop\Sonic-sentinal-AI\audio_dataset\originals\alarm_siren\alarm_siren_0168.wav,alarm_siren,3.0,16000,1,,,,1,train
glass_breaking_0296,glass_breaking_0296.wav,C:\Users\Afzal Compters\Desktop\Sonic-sentinal-AI\audio_dataset\originals\glass_breaking\glass_breaking_0296.wav,glass_breaking,3.0,16000,1,,,,1,train
glass_breaking_0076,glass_breaking_0076.wav,C:\Users\Afzal Compters\Desktop\Sonic-sentinal-AI\audio_dataset\originals\glass_breaking\glass_breaking_0076.wav,glass_breaking,3.0,16000,1,,,,1,train
alarm_siren_0197,alarm_siren_0197.wav,C:\Users\Afzal Compters\Desktop\Sonic-sentinal-AI\audio_dataset\originals\alarm_siren\alarm_siren_0197.wav,alarm_siren,3.0,16000,1,,,,1,train
alarm_siren_0191,alarm_siren_0191.wav,C:\Users\Afzal Compters\Desktop\Sonic-sentinal-AI\audio_dataset\originals\alarm_siren\alarm_siren_0191.wav,alarm_siren,3.0,16000,1,,,,1,train
vehicle_horn_0198,vehicle_horn_0198.wav,C:\Users\Afzal Compters\Desktop\Sonic-sentinal-AI\audio_dataset\originals\vehicle_horn\vehicle_horn_0198.wav,vehicle_horn,3.0,16000,1,,,,1,train
vehicle_horn_0158,vehicle_horn_0158.wav,C:\Users\Afzal Compters\Desktop\Sonic-sentinal-AI\audio_dataset\originals\vehicle_horn\vehicle_horn_0158.wav,vehicle_horn,3.0,16000,1,,,,1,train
machinery_fault_0133,machinery_fault_0133.wav,C:\Users\Afzal Compters\Desktop\Sonic-sentinal-AI\audio_dataset\originals\machinery_fault\machinery_fault_0133.wav,machinery_fault,3.0,16000,1,,,,1,train
glass_breaking_0269,glass_breaking_0269.wav,C:\Users\Afzal Compters\Desktop\Sonic-sentinal-AI\audio_dataset\originals\glass_breaking\glass_breaking_0269.wav,glass_breaking,3.0,16000,1,,,,1,train
machinery_fault_0288,machinery_fault_0288.wav,C:\Users\Afzal Compters\Desktop\Sonic-sentinal-AI\audio_dataset\originals\machinery_fault\machinery_fault_0288.wav,machinery_fault,3.0,16000,1,,,,1,train
vehicle_horn_0155,vehicle_horn_0155.wav,C:\Users\Afzal Compters\Desktop\Sonic-sentinal-AI\audio_dataset\originals\vehicle_horn\vehicle_horn_0155.wav,vehicle_horn,3.0,16000,1,,,,1,train
panic_scream_0176,panic_scream_0176.wav,C:\Users\Afzal Compters\Desktop\Sonic-sentinal-AI\audio_dataset\originals\panic_scream\panic_scream_0176.wav,panic_scream,3.0,16000,1,,,,1,train
animal_sound_0056,animal_sound_0056.wav,C:\Users\Afzal Compters\Desktop\Sonic-sentinal-AI\audio_dataset\originals\animal_sound\animal_sound_0056.wav,animal_sound,3.0,16000,1,,,,1,train
animal_sound_0016,animal_sound_0016.wav,C:\Users\Afzal Compters\Desktop\Sonic-sentinal-AI\audio_dataset\originals\animal_sound\animal_sound_0016.wav,animal_sound,3.0,16000,1,,,,1,train
aggression_0019,aggression_0019.wav,C:\Users\Afzal Compters\Desktop\Sonic-sentinal-AI\audio_dataset\originals\aggression\aggression_0019.wav,aggression,3.0,16000,1,,,,1,train
gunshot_0172,gunshot_0172.wav,C:\Users\Afzal Compters\Desktop\Sonic-sentinal-AI\audio_dataset\originals\gunshot\gunshot_0172.wav,gunshot,3.0,16000,1,,,,1,train
panic_scream_0199,panic_scream_0199.wav,C:\Users\Afzal Compters\Desktop\Sonic-sentinal-AI\audio_dataset\originals\panic_scream\panic_scream_0199.wav,panic_scream,3.0,16000,1,,,,1,train
background_noise_0129,background_noise_0129.wav,C:\Users\Afzal Compters\Desktop\Sonic-sentinal-AI\audio_dataset\originals\background_noise\background_noise_0129.wav,background_noise,3.0,16000,1,,,,1,train
vehicle_horn_0047,vehicle_horn_0047.wav,C:\Users\Afzal Compters\Desktop\Sonic-sentinal-AI\audio_dataset\originals\vehicle_horn\vehicle_horn_0047.wav,vehicle_horn,3.0,16000,1,,,,1,train
alarm_siren_0024,alarm_siren_0024.wav,C:\Users\Afzal Compters\Desktop\Sonic-sentinal-AI\audio_dataset\originals\alarm_siren\alarm_siren_0024.wav,alarm_siren,3.0,16000,1,,,,1,train
aggression_0092,aggression_0092.wav,C:\Users\Afzal Compters\Desktop\Sonic-sentinal-AI\audio_dataset\originals\aggression\aggression_0092.wav,aggression,3.0,16000,1,,,,1,train
machinery_fault_0076,machinery_fault_0076.wav,C:\Users\Afzal Compters\Desktop\Sonic-sentinal-AI\audio_dataset\originals\machinery_fault\machinery_fault_0076.wav,machinery_fault,3.0,16000,1,,,,1,train
background_noise_0272,background_noise_0272.wav,C:\Users\Afzal Compters\Desktop\Sonic-sentinal-AI\audio_dataset\originals\background_noise\background_noise_0272.wav,background_noise,3.0,16000,1,,,,1,train
glass_breaking_0119,glass_breaking_0119.wav,C:\Users\Afzal Compters\Desktop\Sonic-sentinal-AI\audio_dataset\originals\glass_breaking\glass_breaking_0119.wav,glass_breaking,3.0,16000,1,,,,1,train
vehicle_horn_0040,vehicle_horn_0040.wav,C:\Users\Afzal Compters\Desktop\Sonic-sentinal-AI\audio_dataset\originals\vehicle_horn\vehicle_horn_0040.wav,vehicle_horn,3.0,16000,1,,,,1,train
vehicle_horn_0042,vehicle_horn_0042.wav,C:\Users\Afzal Compters\Desktop\Sonic-sentinal-AI\audio_dataset\originals\vehicle_horn\vehicle_horn_0042.wav,vehicle_horn,3.0,16000,1,,,,1,train
panic_scream_0075,panic_scream_0075.wav,C:\Users\Afzal Compters\Desktop\Sonic-sentinal-AI\audio_dataset\originals\panic_scream\panic_scream_0075.wav,panic_scream,3.0,16000,1,,,,1,train
animal_sound_0007,animal_sound_0007.wav,C:\Users\Afzal Compters\Desktop\Sonic-sentinal-AI\audio_dataset\originals\animal_sound\animal_sound_0007.wav,animal_sound,3.0,16000,1,,,,1,train
aggression_0170,aggression_0170.wav,C:\Users\Afzal Compters\Desktop\Sonic-sentinal-AI\audio_dataset\originals\aggression\aggression_0170.wav,aggression,3.0,16000,1,,,,1,train
glass_breaking_0118,glass_breaking_0118.wav,C:\Users\Afzal Compters\Desktop\Sonic-sentinal-AI\audio_dataset\originals\glass_breaking\glass_breaking_0118.wav,glass_breaking,3.0,16000,1,,,,1,train
panic_scream_0037,panic_scream_0037.wav,C:\Users\Afzal Compters\Desktop\Sonic-sentinal-AI\audio_dataset\originals\panic_scream\panic_scream_0037.wav,panic_scream,3.0,16000,1,,,,1,train
background_noise_0066,background_noise_0066.wav,C:\Users\Afzal Compters\Desktop\Sonic-sentinal-AI\audio_dataset\originals\background_noise\background_noise_0066.wav,background_noise,3.0,16000,1,,,,1,train
glass_breaking_0210,glass_breaking_0210.wav,C:\Users\Afzal Compters\Desktop\Sonic-sentinal-AI\audio_dataset\originals\glass_breaking\glass_breaking_0210.wav,glass_breaking,3.0,16000,1,,,,1,train
alarm_siren_0048,alarm_siren_0048.wav,C:\Users\Afzal Compters\Desktop\Sonic-sentinal-AI\audio_dataset\originals\alarm_siren\alarm_siren_0048.wav,alarm_siren,3.0,16000,1,,,,1,train
background_noise_0156,background_noise_0156.wav,C:\Users\Afzal Compters\Desktop\Sonic-sentinal-AI\audio_dataset\originals\background_noise\background_noise_0156.wav,background_noise,3.0,16000,1,,,,1,train
background_noise_0100,background_noise_0100.wav,C:\Users\Afzal Compters\Desktop\Sonic-sentinal-AI\audio_dataset\originals\background_noise\background_noise_0100.wav,background_noise,3.0,16000,1,,,,1,train
background_noise_0163,background_noise_0163.wav,C:\Users\Afzal Compters\Desktop\Sonic-sentinal-AI\audio_dataset\originals\background_noise\background_noise_0163.wav,background_noise,3.0,16000,1,,,,1,train
animal_sound_0242,animal_sound_0242.wav,C:\Users\Afzal Compters\Desktop\Sonic-sentinal-AI\audio_dataset\originals\animal_sound\animal_sound_0242.wav,animal_sound,3.0,16000,1,,,,1,train
animal_sound_0190,animal_sound_0190.wav,C:\Users\Afzal Compters\Desktop\Sonic-sentinal-AI\audio_dataset\originals\animal_sound\animal_sound_0190.wav,animal_sound,3.0,16000,1,,,,1,train
background_noise_0218,background_noise_0218.wav,C:\Users\Afzal Compters\Desktop\Sonic-sentinal-AI\audio_dataset\originals\background_noise\background_noise_0218.wav,background_noise,3.0,16000,1,,,,1,train
gunshot_0228,gunshot_0228.wav,C:\Users\Afzal Compters\Desktop\Sonic-sentinal-AI\audio_dataset\originals\gunshot\gunshot_0228.wav,gunshot,3.0,16000,1,,,,1,train
panic_scream_0198,panic_scream_0198.wav,C:\Users\Afzal Compters\Desktop\Sonic-sentinal-AI\audio_dataset\originals\panic_scream\panic_scream_0198.wav,panic_scream,3.0,16000,1,,,,1,train
aggression_0238,aggression_0238.wav,C:\Users\Afzal Compters\Desktop\Sonic-sentinal-AI\audio_dataset\originals\aggression\aggression_0238.wav,aggression,3.0,16000,1,,,,1,train
background_noise_0293,background_noise_0293.wav,C:\Users\Afzal Compters\Desktop\Sonic-sentinal-AI\audio_dataset\originals\background_noise\background_noise_0293.wav,background_noise,3.0,16000,1,,,,1,train
alarm_siren_0031,alarm_siren_0031.wav,C:\Users\Afzal Compters\Desktop\Sonic-sentinal-AI\audio_dataset\originals\alarm_siren\alarm_siren_0031.wav,alarm_siren,3.0,16000,1,,,,1,train
machinery_fault_0090,machinery_fault_0090.wav,C:\Users\Afzal Compters\Desktop\Sonic-sentinal-AI\audio_dataset\originals\machinery_fault\machinery_fault_0090.wav,machinery_fault,3.0,16000,1,,,,1,train
alarm_siren_0123,alarm_siren_0123.wav,C:\Users\Afzal Compters\Desktop\Sonic-sentinal-AI\audio_dataset\originals\alarm_siren\alarm_siren_0123.wav,alarm_siren,3.0,16000,1,,,,1,train
vehicle_horn_0227,vehicle_horn_0227.wav,C:\Users\Afzal Compters\Desktop\Sonic-sentinal-AI\audio_dataset\originals\vehicle_horn\vehicle_horn_0227.wav,vehicle_horn,3.0,16000,1,,,,1,train
alarm_siren_0177,alarm_siren_0177.wav,C:\Users\Afzal Compters\Desktop\Sonic-sentinal-AI\audio_dataset\originals\alarm_siren\alarm_siren_0177.wav,alarm_siren,3.0,16000,1,,,,1,train
background_noise_0097,background_noise_0097.wav,C:\Users\Afzal Compters\Desktop\Sonic-sentinal-AI\audio_dataset\originals\background_noise\background_noise_0097.wav,background_noise,3.0,16000,1,,,,1,train
machinery_fault_0117,machinery_fault_0117.wav,C:\Users\Afzal Compters\Desktop\Sonic-sentinal-AI\audio_dataset\originals\machinery_fault\machinery_fault_0117.wav,machinery_fault,3.0,16000,1,,,,1,train
machinery_fault_0132,machinery_fault_0132.wav,C:\Users\Afzal Compters\Desktop\Sonic-sentinal-AI\audio_dataset\originals\machinery_fault\machinery_fault_0132.wav,machinery_fault,3.0,16000,1,,,,1,train
animal_sound_0216,animal_sound_0216.wav,C:\Users\Afzal Compters\Desktop\Sonic-sentinal-AI\audio_dataset\originals\animal_sound\animal_sound_0216.wav,animal_sound,3.0,16000,1,,,,1,train
gunshot_0150,gunshot_0150.wav,C:\Users\Afzal Compters\Desktop\Sonic-sentinal-AI\audio_dataset\originals\gunshot\gunshot_0150.wav,gunshot,3.0,16000,1,,,,1,train
panic_scream_0206,panic_scream_0206.wav,C:\Users\Afzal Compters\Desktop\Sonic-sentinal-AI\audio_dataset\originals\panic_scream\panic_scream_0206.wav,panic_scream,3.0,16000,1,,,,1,train
alarm_siren_0071,alarm_siren_0071.wav,C:\Users\Afzal Compters\Desktop\Sonic-sentinal-AI\audio_dataset\originals\alarm_siren\alarm_siren_0071.wav,alarm_siren,3.0,16000,1,,,,1,train
vehicle_horn_0185,vehicle_horn_0185.wav,C:\Users\Afzal Compters\Desktop\Sonic-sentinal-AI\audio_dataset\originals\vehicle_horn\vehicle_horn_0185.wav,vehicle_horn,3.0,16000,1,,,,1,train
animal_sound_0181,animal_sound_0181.wav,C:\Users\Afzal Compters\Desktop\Sonic-sentinal-AI\audio_dataset\originals\animal_sound\animal_sound_0181.wav,animal_sound,3.0,16000,1,,,,1,train
machinery_fault_0052,machinery_fault_0052.wav,C:\Users\Afzal Compters\Desktop\Sonic-sentinal-AI\audio_dataset\originals\machinery_fault\machinery_fault_0052.wav,machinery_fault,3.0,16000,1,,,,1,train
gunshot_0180,gunshot_0180.wav,C:\Users\Afzal Compters\Desktop\Sonic-sentinal-AI\audio_dataset\originals\gunshot\gunshot_0180.wav,gunshot,3.0,16000,1,,,,1,train
vehicle_horn_0256,vehicle_horn_0256.wav,C:\Users\Afzal Compters\Desktop\Sonic-sentinal-AI\audio_dataset\originals\vehicle_horn\vehicle_horn_0256.wav,vehicle_horn,3.0,16000,1,,,,1,train
animal_sound_0022,animal_sound_0022.wav,C:\Users\Afzal Compters\Desktop\Sonic-sentinal-AI\audio_dataset\originals\animal_sound\animal_sound_0022.wav,animal_sound,3.0,16000,1,,,,1,train
vehicle_horn_0106,vehicle_horn_0106.wav,C:\Users\Afzal Compters\Desktop\Sonic-sentinal-AI\audio_dataset\originals\vehicle_horn\vehicle_horn_0106.wav,vehicle_horn,3.0,16000,1,,,,1,train
machinery_fault_0015,machinery_fault_0015.wav,C:\Users\Afzal Compters\Desktop\Sonic-sentinal-AI\audio_dataset\originals\machinery_fault\machinery_fault_0015.wav,machinery_fault,3.0,16000,1,,,,1,train
background_noise_0035,background_noise_0035.wav,C:\Users\Afzal Compters\Desktop\Sonic-sentinal-AI\audio_dataset\originals\background_noise\background_noise_0035.wav,background_noise,3.0,16000,1,,,,1,train
background_noise_0064,background_noise_0064.wav,C:\Users\Afzal Compters\Desktop\Sonic-sentinal-AI\audio_dataset\originals\background_noise\background_noise_0064.wav,background_noise,3.0,16000,1,,,,1,train
panic_scream_0264,panic_scream_0264.wav,C:\Users\Afzal Compters\Desktop\Sonic-sentinal-AI\audio_dataset\originals\panic_scream\panic_scream_0264.wav,panic_scream,3.0,16000,1,,,,1,train
vehicle_horn_0021,vehicle_horn_0021.wav,C:\Users\Afzal Compters\Desktop\Sonic-sentinal-AI\audio_dataset\originals\vehicle_horn\vehicle_horn_0021.wav,vehicle_horn,3.0,16000,1,,,,1,train
glass_breaking_0126,glass_breaking_0126.wav,C:\Users\Afzal Compters\Desktop\Sonic-sentinal-AI\audio_dataset\originals\glass_breaking\glass_breaking_0126.wav,glass_breaking,3.0,16000,1,,,,1,train
gunshot_0169,gunshot_0169.wav,C:\Users\Afzal Compters\Desktop\Sonic-sentinal-AI\audio_dataset\originals\gunshot\gunshot_0169.wav,gunshot,3.0,16000,1,,,,1,train
glass_breaking_0252,glass_breaking_0252.wav,C:\Users\Afzal Compters\Desktop\Sonic-sentinal-AI\audio_dataset\originals\glass_breaking\glass_breaking_0252.wav,glass_breaking,3.0,16000,1,,,,1,train
gunshot_0232,gunshot_0232.wav,C:\Users\Afzal Compters\Desktop\Sonic-sentinal-AI\audio_dataset\originals\gunshot\gunshot_0232.wav,gunshot,3.0,16000,1,,,,1,train
panic_scream_0161,panic_scream_0161.wav,C:\Users\Afzal Compters\Desktop\Sonic-sentinal-AI\audio_dataset\originals\panic_scream\panic_scream_0161.wav,panic_scream,3.0,16000,1,,,,1,train
vehicle_horn_0186,vehicle_horn_0186.wav,C:\Users\Afzal Compters\Desktop\Sonic-sentinal-AI\audio_dataset\originals\vehicle_horn\vehicle_horn_0186.wav,vehicle_horn,3.0,16000,1,,,,1,train
gunshot_0038,gunshot_0038.wav,C:\Users\Afzal Compters\Desktop\Sonic-sentinal-AI\audio_dataset\originals\gunshot\gunshot_0038.wav,gunshot,3.0,16000,1,,,,1,train
alarm_siren_0057,alarm_siren_0057.wav,C:\Users\Afzal Compters\Desktop\Sonic-sentinal-AI\audio_dataset\originals\alarm_siren\alarm_siren_0057.wav,alarm_siren,3.0,16000,1,,,,1,train
animal_sound_0155,animal_sound_0155.wav,C:\Users\Afzal Compters\Desktop\Sonic-sentinal-AI\audio_dataset\originals\animal_sound\animal_sound_0155.wav,animal_sound,3.0,16000,1,,,,1,train
glass_breaking_0075,glass_breaking_0075.wav,C:\Users\Afzal Compters\Desktop\Sonic-sentinal-AI\audio_dataset\originals\glass_breaking\glass_breaking_0075.wav,glass_breaking,3.0,16000,1,,,,1,train
glass_breaking_0010,glass_breaking_0010.wav,C:\Users\Afzal Compters\Desktop\Sonic-sentinal-AI\audio_dataset\originals\glass_breaking\glass_breaking_0010.wav,glass_breaking,3.0,16000,1,,,,1,train
aggression_0232,aggression_0232.wav,C:\Users\Afzal Compters\Desktop\Sonic-sentinal-AI\audio_dataset\originals\aggression\aggression_0232.wav,aggression,3.0,16000,1,,,,1,train
alarm_siren_0108,alarm_siren_0108.wav,C:\Users\Afzal Compters\Desktop\Sonic-sentinal-AI\audio_dataset\originals\alarm_siren\alarm_siren_0108.wav,alarm_siren,3.0,16000,1,,,,1,train
alarm_siren_0283,alarm_siren_0283.wav,C:\Users\Afzal Compters\Desktop\Sonic-sentinal-AI\audio_dataset\originals\alarm_siren\alarm_siren_0283.wav,alarm_siren,3.0,16000,1,,,,1,train
machinery_fault_0054,machinery_fault_0054.wav,C:\Users\Afzal Compters\Desktop\Sonic-sentinal-AI\audio_dataset\originals\machinery_fault\machinery_fault_0054.wav,machinery_fault,3.0,16000,1,,,,1,train
gunshot_0262,gunshot_0262.wav,C:\Users\Afzal Compters\Desktop\Sonic-sentinal-AI\audio_dataset\originals\gunshot\gunshot_0262.wav,gunshot,3.0,16000,1,,,,1,train
machinery_fault_0154,machinery_fault_0154.wav,C:\Users\Afzal Compters\Desktop\Sonic-sentinal-AI\audio_dataset\originals\machinery_fault\machinery_fault_0154.wav,machinery_fault,3.0,16000,1,,,,1,train
background_noise_0166,background_noise_0166.wav,C:\Users\Afzal Compters\Desktop\Sonic-sentinal-AI\audio_dataset\originals\background_noise\background_noise_0166.wav,background_noise,3.0,16000,1,,,,1,train
vehicle_horn_0278,vehicle_horn_0278.wav,C:\Users\Afzal Compters\Desktop\Sonic-sentinal-AI\audio_dataset\originals\vehicle_horn\vehicle_horn_0278.wav,vehicle_horn,3.0,16000,1,,,,1,train
background_noise_0238,background_noise_0238.wav,C:\Users\Afzal Compters\Desktop\Sonic-sentinal-AI\audio_dataset\originals\background_noise\background_noise_0238.wav,background_noise,3.0,16000,1,,,,1,train
vehicle_horn_0215,vehicle_horn_0215.wav,C:\Users\Afzal Compters\Desktop\Sonic-sentinal-AI\audio_dataset\originals\vehicle_horn\vehicle_horn_0215.wav,vehicle_horn,3.0,16000,1,,,,1,train
alarm_siren_0257,alarm_siren_0257.wav,C:\Users\Afzal Compters\Desktop\Sonic-sentinal-AI\audio_dataset\originals\alarm_siren\alarm_siren_0257.wav,alarm_siren,3.0,16000,1,,,,1,train
alarm_siren_0249,alarm_siren_0249.wav,C:\Users\Afzal Compters\Desktop\Sonic-sentinal-AI\audio_dataset\originals\alarm_siren\alarm_siren_0249.wav,alarm_siren,3.0,16000,1,,,,1,train
background_noise_0180,background_noise_0180.wav,C:\Users\Afzal Compters\Desktop\Sonic-sentinal-AI\audio_dataset\originals\background_noise\background_noise_0180.wav,background_noise,3.0,16000,1,,,,1,train
machinery_fault_0069,machinery_fault_0069.wav,C:\Users\Afzal Compters\Desktop\Sonic-sentinal-AI\audio_dataset\originals\machinery_fault\machinery_fault_0069.wav,machinery_fault,3.0,16000,1,,,,1,train
gunshot_0121,gunshot_0121.wav,C:\Users\Afzal Compters\Desktop\Sonic-sentinal-AI\audio_dataset\originals\gunshot\gunshot_0121.wav,gunshot,3.0,16000,1,,,,1,train
vehicle_horn_0045,vehicle_horn_0045.wav,C:\Users\Afzal Compters\Desktop\Sonic-sentinal-AI\audio_dataset\originals\vehicle_horn\vehicle_horn_0045.wav,vehicle_horn,3.0,16000,1,,,,1,train
aggression_0265,aggression_0265.wav,C:\Users\Afzal Compters\Desktop\Sonic-sentinal-AI\audio_dataset\originals\aggression\aggression_0265.wav,aggression,3.0,16000,1,,,,1,train
aggression_0247,aggression_0247.wav,C:\Users\Afzal Compters\Desktop\Sonic-sentinal-AI\audio_dataset\originals\aggression\aggression_0247.wav,aggression,3.0,16000,1,,,,1,train
aggression_0209,aggression_0209.wav,C:\Users\Afzal Compters\Desktop\Sonic-sentinal-AI\audio_dataset\originals\aggression\aggression_0209.wav,aggression,3.0,16000,1,,,,1,train
aggression_0110,aggression_0110.wav,C:\Users\Afzal Compters\Desktop\Sonic-sentinal-AI\audio_dataset\originals\aggression\aggression_0110.wav,aggression,3.0,16000,1,,,,1,train
animal_sound_0076,animal_sound_0076.wav,C:\Users\Afzal Compters\Desktop\Sonic-sentinal-AI\audio_dataset\originals\animal_sound\animal_sound_0076.wav,animal_sound,3.0,16000,1,,,,1,train
background_noise_0107,background_noise_0107.wav,C:\Users\Afzal Compters\Desktop\Sonic-sentinal-AI\audio_dataset\originals\background_noise\background_noise_0107.wav,background_noise,3.0,16000,1,,,,1,train
panic_scream_0133,panic_scream_0133.wav,C:\Users\Afzal Compters\Desktop\Sonic-sentinal-AI\audio_dataset\originals\panic_scream\panic_scream_0133.wav,panic_scream,3.0,16000,1,,,,1,train
background_noise_0116,background_noise_0116.wav,C:\Users\Afzal Compters\Desktop\Sonic-sentinal-AI\audio_dataset\originals\background_noise\background_noise_0116.wav,background_noise,3.0,16000,1,,,,1,train
machinery_fault_0135,machinery_fault_0135.wav,C:\Users\Afzal Compters\Desktop\Sonic-sentinal-AI\audio_dataset\originals\machinery_fault\machinery_fault_0135.wav,machinery_fault,3.0,16000,1,,,,1,train
alarm_siren_0243,alarm_siren_0243.wav,C:\Users\Afzal Compters\Desktop\Sonic-sentinal-AI\audio_dataset\originals\alarm_siren\alarm_siren_0243.wav,alarm_siren,3.0,16000,1,,,,1,train
alarm_siren_0143,alarm_siren_0143.wav,C:\Users\Afzal Compters\Desktop\Sonic-sentinal-AI\audio_dataset\originals\alarm_siren\alarm_siren_0143.wav,alarm_siren,3.0,16000,1,,,,1,train
animal_sound_0008,animal_sound_0008.wav,C:\Users\Afzal Compters\Desktop\Sonic-sentinal-AI\audio_dataset\originals\animal_sound\animal_sound_0008.wav,animal_sound,3.0,16000,1,,,,1,train
background_noise_0090,background_noise_0090.wav,C:\Users\Afzal Compters\Desktop\Sonic-sentinal-AI\audio_dataset\originals\background_noise\background_noise_0090.wav,background_noise,3.0,16000,1,,,,1,train
background_noise_0268,background_noise_0268.wav,C:\Users\Afzal Compters\Desktop\Sonic-sentinal-AI\audio_dataset\originals\background_noise\background_noise_0268.wav,background_noise,3.0,16000,1,,,,1,train
alarm_siren_0285,alarm_siren_0285.wav,C:\Users\Afzal Compters\Desktop\Sonic-sentinal-AI\audio_dataset\originals\alarm_siren\alarm_siren_0285.wav,alarm_siren,3.0,16000,1,,,,1,train
animal_sound_0031,animal_sound_0031.wav,C:\Users\Afzal Compters\Desktop\Sonic-sentinal-AI\audio_dataset\originals\animal_sound\animal_sound_0031.wav,animal_sound,3.0,16000,1,,,,1,train
background_noise_0012,background_noise_0012.wav,C:\Users\Afzal Compters\Desktop\Sonic-sentinal-AI\audio_dataset\originals\background_noise\background_noise_0012.wav,background_noise,3.0,16000,1,,,,1,train
panic_scream_0006,panic_scream_0006.wav,C:\Users\Afzal Compters\Desktop\Sonic-sentinal-AI\audio_dataset\originals\panic_scream\panic_scream_0006.wav,panic_scream,3.0,16000,1,,,,1,train
gunshot_0171,gunshot_0171.wav,C:\Users\Afzal Compters\Desktop\Sonic-sentinal-AI\audio_dataset\originals\gunshot\gunshot_0171.wav,gunshot,3.0,16000,1,,,,1,train
vehicle_horn_0094,vehicle_horn_0094.wav,C:\Users\Afzal Compters\Desktop\Sonic-sentinal-AI\audio_dataset\originals\vehicle_horn\vehicle_horn_0094.wav,vehicle_horn,3.0,16000,1,,,,1,train
aggression_0175,aggression_0175.wav,C:\Users\Afzal Compters\Desktop\Sonic-sentinal-AI\audio_dataset\originals\aggression\aggression_0175.wav,aggression,3.0,16000,1,,,,1,train
glass_breaking_0165,glass_breaking_0165.wav,C:\Users\Afzal Compters\Desktop\Sonic-sentinal-AI\audio_dataset\originals\glass_breaking\glass_breaking_0165.wav,glass_breaking,3.0,16000,1,,,,1,train
animal_sound_0171,animal_sound_0171.wav,C:\Users\Afzal Compters\Desktop\Sonic-sentinal-AI\audio_dataset\originals\animal_sound\animal_sound_0171.wav,animal_sound,3.0,16000,1,,,,1,train
machinery_fault_0201,machinery_fault_0201.wav,C:\Users\Afzal Compters\Desktop\Sonic-sentinal-AI\audio_dataset\originals\machinery_fault\machinery_fault_0201.wav,machinery_fault,3.0,16000,1,,,,1,train
background_noise_0252,background_noise_0252.wav,C:\Users\Afzal Compters\Desktop\Sonic-sentinal-AI\audio_dataset\originals\background_noise\background_noise_0252.wav,background_noise,3.0,16000,1,,,,1,train
glass_breaking_0074,glass_breaking_0074.wav,C:\Users\Afzal Compters\Desktop\Sonic-sentinal-AI\audio_dataset\originals\glass_breaking\glass_breaking_0074.wav,glass_breaking,3.0,16000,1,,,,1,train
glass_breaking_0277,glass_breaking_0277.wav,C:\Users\Afzal Compters\Desktop\Sonic-sentinal-AI\audio_dataset\originals\glass_breaking\glass_breaking_0277.wav,glass_breaking,3.0,16000,1,,,,1,train
vehicle_horn_0017,vehicle_horn_0017.wav,C:\Users\Afzal Compters\Desktop\Sonic-sentinal-AI\audio_dataset\originals\vehicle_horn\vehicle_horn_0017.wav,vehicle_horn,3.0,16000,1,,,,1,train
animal_sound_0038,animal_sound_0038.wav,C:\Users\Afzal Compters\Desktop\Sonic-sentinal-AI\audio_dataset\originals\animal_sound\animal_sound_0038.wav,animal_sound,3.0,16000,1,,,,1,train
aggression_0114,aggression_0114.wav,C:\Users\Afzal Compters\Desktop\Sonic-sentinal-AI\audio_dataset\originals\aggression\aggression_0114.wav,aggression,3.0,16000,1,,,,1,train
aggression_0174,aggression_0174.wav,C:\Users\Afzal Compters\Desktop\Sonic-sentinal-AI\audio_dataset\originals\aggression\aggression_0174.wav,aggression,3.0,16000,1,,,,1,train
machinery_fault_0019,machinery_fault_0019.wav,C:\Users\Afzal Compters\Desktop\Sonic-sentinal-AI\audio_dataset\originals\machinery_fault\machinery_fault_0019.wav,machinery_fault,3.0,16000,1,,,,1,train
panic_scream_0149,panic_scream_0149.wav,C:\Users\Afzal Compters\Desktop\Sonic-sentinal-AI\audio_dataset\originals\panic_scream\panic_scream_0149.wav,panic_scream,3.0,16000,1,,,,1,train
aggression_0027,aggression_0027.wav,C:\Users\Afzal Compters\Desktop\Sonic-sentinal-AI\audio_dataset\originals\aggression\aggression_0027.wav,aggression,3.0,16000,1,,,,1,train
aggression_0016,aggression_0016.wav,C:\Users\Afzal Compters\Desktop\Sonic-sentinal-AI\audio_dataset\originals\aggression\aggression_0016.wav,aggression,3.0,16000,1,,,,1,train
panic_scream_0081,panic_scream_0081.wav,C:\Users\Afzal Compters\Desktop\Sonic-sentinal-AI\audio_dataset\originals\panic_scream\panic_scream_0081.wav,panic_scream,3.0,16000,1,,,,1,train
gunshot_0205,gunshot_0205.wav,C:\Users\Afzal Compters\Desktop\Sonic-sentinal-AI\audio_dataset\originals\gunshot\gunshot_0205.wav,gunshot,3.0,16000,1,,,,1,train
glass_breaking_0271,glass_breaking_0271.wav,C:\Users\Afzal Compters\Desktop\Sonic-sentinal-AI\audio_dataset\originals\glass_breaking\glass_breaking_0271.wav,glass_breaking,3.0,16000,1,,,,1,train
animal_sound_0039,animal_sound_0039.wav,C:\Users\Afzal Compters\Desktop\Sonic-sentinal-AI\audio_dataset\originals\animal_sound\animal_sound_0039.wav,animal_sound,3.0,16000,1,,,,1,train
animal_sound_0035,animal_sound_0035.wav,C:\Users\Afzal Compters\Desktop\Sonic-sentinal-AI\audio_dataset\originals\animal_sound\animal_sound_0035.wav,animal_sound,3.0,16000,1,,,,1,train
glass_breaking_0206,glass_breaking_0206.wav,C:\Users\Afzal Compters\Desktop\Sonic-sentinal-AI\audio_dataset\originals\glass_breaking\glass_breaking_0206.wav,glass_breaking,3.0,16000,1,,,,1,train
alarm_siren_0289,alarm_siren_0289.wav,C:\Users\Afzal Compters\Desktop\Sonic-sentinal-AI\audio_dataset\originals\alarm_siren\alarm_siren_0289.wav,alarm_siren,3.0,16000,1,,,,1,train
background_noise_0207,background_noise_0207.wav,C:\Users\Afzal Compters\Desktop\Sonic-sentinal-AI\audio_dataset\originals\background_noise\background_noise_0207.wav,background_noise,3.0,16000,1,,,,1,train
background_noise_0028,background_noise_0028.wav,C:\Users\Afzal Compters\Desktop\Sonic-sentinal-AI\audio_dataset\originals\background_noise\background_noise_0028.wav,background_noise,3.0,16000,1,,,,1,train
aggression_0169,aggression_0169.wav,C:\Users\Afzal Compters\Desktop\Sonic-sentinal-AI\audio_dataset\originals\aggression\aggression_0169.wav,aggression,3.0,16000,1,,,,1,train
machinery_fault_0250,machinery_fault_0250.wav,C:\Users\Afzal Compters\Desktop\Sonic-sentinal-AI\audio_dataset\originals\machinery_fault\machinery_fault_0250.wav,machinery_fault,3.0,16000,1,,,,1,train
animal_sound_0244,animal_sound_0244.wav,C:\Users\Afzal Compters\Desktop\Sonic-sentinal-AI\audio_dataset\originals\animal_sound\animal_sound_0244.wav,animal_sound,3.0,16000,1,,,,1,train
gunshot_0091,gunshot_0091.wav,C:\Users\Afzal Compters\Desktop\Sonic-sentinal-AI\audio_dataset\originals\gunshot\gunshot_0091.wav,gunshot,3.0,16000,1,,,,1,train
background_noise_0300,background_noise_0300.wav,C:\Users\Afzal Compters\Desktop\Sonic-sentinal-AI\audio_dataset\originals\background_noise\background_noise_0300.wav,background_noise,3.0,16000,1,,,,1,train
background_noise_0146,background_noise_0146.wav,C:\Users\Afzal Compters\Desktop\Sonic-sentinal-AI\audio_dataset\originals\background_noise\background_noise_0146.wav,background_noise,3.0,16000,1,,,,1,train
machinery_fault_0204,machinery_fault_0204.wav,C:\Users\Afzal Compters\Desktop\Sonic-sentinal-AI\audio_dataset\originals\machinery_fault\machinery_fault_0204.wav,machinery_fault,3.0,16000,1,,,,1,train
animal_sound_0228,animal_sound_0228.wav,C:\Users\Afzal Compters\Desktop\Sonic-sentinal-AI\audio_dataset\originals\animal_sound\animal_sound_0228.wav,animal_sound,3.0,16000,1,,,,1,train
animal_sound_0163,animal_sound_0163.wav,C:\Users\Afzal Compters\Desktop\Sonic-sentinal-AI\audio_dataset\originals\animal_sound\animal_sound_0163.wav,animal_sound,3.0,16000,1,,,,1,train
gunshot_0018,gunshot_0018.wav,C:\Users\Afzal Compters\Desktop\Sonic-sentinal-AI\audio_dataset\originals\gunshot\gunshot_0018.wav,gunshot,3.0,16000,1,,,,1,train
animal_sound_0027,animal_sound_0027.wav,C:\Users\Afzal Compters\Desktop\Sonic-sentinal-AI\audio_dataset\originals\animal_sound\animal_sound_0027.wav,animal_sound,3.0,16000,1,,,,1,train
alarm_siren_0002,alarm_siren_0002.wav,C:\Users\Afzal Compters\Desktop\Sonic-sentinal-AI\audio_dataset\originals\alarm_siren\alarm_siren_0002.wav,alarm_siren,3.0,16000,1,,,,1,train
glass_breaking_0022,glass_breaking_0022.wav,C:\Users\Afzal Compters\Desktop\Sonic-sentinal-AI\audio_dataset\originals\glass_breaking\glass_breaking_0022.wav,glass_breaking,3.0,16000,1,,,,1,train
aggression_0268,aggression_0268.wav,C:\Users\Afzal Compters\Desktop\Sonic-sentinal-AI\audio_dataset\originals\aggression\aggression_0268.wav,aggression,3.0,16000,1,,,,1,train
gunshot_0162,gunshot_0162.wav,C:\Users\Afzal Compters\Desktop\Sonic-sentinal-AI\audio_dataset\originals\gunshot\gunshot_0162.wav,gunshot,3.0,16000,1,,,,1,train
machinery_fault_0056,machinery_fault_0056.wav,C:\Users\Afzal Compters\Desktop\Sonic-sentinal-AI\audio_dataset\originals\machinery_fault\machinery_fault_0056.wav,machinery_fault,3.0,16000,1,,,,1,train
vehicle_horn_0208,vehicle_horn_0208.wav,C:\Users\Afzal Compters\Desktop\Sonic-sentinal-AI\audio_dataset\originals\vehicle_horn\vehicle_horn_0208.wav,vehicle_horn,3.0,16000,1,,,,1,train
animal_sound_0235,animal_sound_0235.wav,C:\Users\Afzal Compters\Desktop\Sonic-sentinal-AI\audio_dataset\originals\animal_sound\animal_sound_0235.wav,animal_sound,3.0,16000,1,,,,1,train
background_noise_0214,background_noise_0214.wav,C:\Users\Afzal Compters\Desktop\Sonic-sentinal-AI\audio_dataset\originals\background_noise\background_noise_0214.wav,background_noise,3.0,16000,1,,,,1,train
animal_sound_0259,animal_sound_0259.wav,C:\Users\Afzal Compters\Desktop\Sonic-sentinal-AI\audio_dataset\originals\animal_sound\animal_sound_0259.wav,animal_sound,3.0,16000,1,,,,1,train
panic_scream_0018,panic_scream_0018.wav,C:\Users\Afzal Compters\Desktop\Sonic-sentinal-AI\audio_dataset\originals\panic_scream\panic_scream_0018.wav,panic_scream,3.0,16000,1,,,,1,train
alarm_siren_0074,alarm_siren_0074.wav,C:\Users\Afzal Compters\Desktop\Sonic-sentinal-AI\audio_dataset\originals\alarm_siren\alarm_siren_0074.wav,alarm_siren,3.0,16000,1,,,,1,train
panic_scream_0140,panic_scream_0140.wav,C:\Users\Afzal Compters\Desktop\Sonic-sentinal-AI\audio_dataset\originals\panic_scream\panic_scream_0140.wav,panic_scream,3.0,16000,1,,,,1,train
aggression_0164,aggression_0164.wav,C:\Users\Afzal Compters\Desktop\Sonic-sentinal-AI\audio_dataset\originals\aggression\aggression_0164.wav,aggression,3.0,16000,1,,,,1,train
alarm_siren_0214,alarm_siren_0214.wav,C:\Users\Afzal Compters\Desktop\Sonic-sentinal-AI\audio_dataset\originals\alarm_siren\alarm_siren_0214.wav,alarm_siren,3.0,16000,1,,,,1,train
glass_breaking_0100,glass_breaking_0100.wav,C:\Users\Afzal Compters\Desktop\Sonic-sentinal-AI\audio_dataset\originals\glass_breaking\glass_breaking_0100.wav,glass_breaking,3.0,16000,1,,,,1,train
background_noise_0285,background_noise_0285.wav,C:\Users\Afzal Compters\Desktop\Sonic-sentinal-AI\audio_dataset\originals\background_noise\background_noise_0285.wav,background_noise,3.0,16000,1,,,,1,train
aggression_0089,aggression_0089.wav,C:\Users\Afzal Compters\Desktop\Sonic-sentinal-AI\audio_dataset\originals\aggression\aggression_0089.wav,aggression,3.0,16000,1,,,,1,train
machinery_fault_0158,machinery_fault_0158.wav,C:\Users\Afzal Compters\Desktop\Sonic-sentinal-AI\audio_dataset\originals\machinery_fault\machinery_fault_0158.wav,machinery_fault,3.0,16000,1,,,,1,train
machinery_fault_0064,machinery_fault_0064.wav,C:\Users\Afzal Compters\Desktop\Sonic-sentinal-AI\audio_dataset\originals\machinery_fault\machinery_fault_0064.wav,machinery_fault,3.0,16000,1,,,,1,train
gunshot_0265,gunshot_0265.wav,C:\Users\Afzal Compters\Desktop\Sonic-sentinal-AI\audio_dataset\originals\gunshot\gunshot_0265.wav,gunshot,3.0,16000,1,,,,1,train
alarm_siren_0220,alarm_siren_0220.wav,C:\Users\Afzal Compters\Desktop\Sonic-sentinal-AI\audio_dataset\originals\alarm_siren\alarm_siren_0220.wav,alarm_siren,3.0,16000,1,,,,1,train
machinery_fault_0005,machinery_fault_0005.wav,C:\Users\Afzal Compters\Desktop\Sonic-sentinal-AI\audio_dataset\originals\machinery_fault\machinery_fault_0005.wav,machinery_fault,3.0,16000,1,,,,1,train
animal_sound_0159,animal_sound_0159.wav,C:\Users\Afzal Compters\Desktop\Sonic-sentinal-AI\audio_dataset\originals\animal_sound\animal_sound_0159.wav,animal_sound,3.0,16000,1,,,,1,train
panic_scream_0004,panic_scream_0004.wav,C:\Users\Afzal Compters\Desktop\Sonic-sentinal-AI\audio_dataset\originals\panic_scream\panic_scream_0004.wav,panic_scream,3.0,16000,1,,,,1,train
glass_breaking_0193,glass_breaking_0193.wav,C:\Users\Afzal Compters\Desktop\Sonic-sentinal-AI\audio_dataset\originals\glass_breaking\glass_breaking_0193.wav,glass_breaking,3.0,16000,1,,,,1,train
vehicle_horn_0060,vehicle_horn_0060.wav,C:\Users\Afzal Compters\Desktop\Sonic-sentinal-AI\audio_dataset\originals\vehicle_horn\vehicle_horn_0060.wav,vehicle_horn,3.0,16000,1,,,,1,train
machinery_fault_0023,machinery_fault_0023.wav,C:\Users\Afzal Compters\Desktop\Sonic-sentinal-AI\audio_dataset\originals\machinery_fault\machinery_fault_0023.wav,machinery_fault,3.0,16000,1,,,,1,train
glass_breaking_0187,glass_breaking_0187.wav,C:\Users\Afzal Compters\Desktop\Sonic-sentinal-AI\audio_dataset\originals\glass_breaking\glass_breaking_0187.wav,glass_breaking,3.0,16000,1,,,,1,train
animal_sound_0211,animal_sound_0211.wav,C:\Users\Afzal Compters\Desktop\Sonic-sentinal-AI\audio_dataset\originals\animal_sound\animal_sound_0211.wav,animal_sound,3.0,16000,1,,,,1,train
vehicle_horn_0030,vehicle_horn_0030.wav,C:\Users\Afzal Compters\Desktop\Sonic-sentinal-AI\audio_dataset\originals\vehicle_horn\vehicle_horn_0030.wav,vehicle_horn,3.0,16000,1,,,,1,train
vehicle_horn_0164,vehicle_horn_0164.wav,C:\Users\Afzal Compters\Desktop\Sonic-sentinal-AI\audio_dataset\originals\vehicle_horn\vehicle_horn_0164.wav,vehicle_horn,3.0,16000,1,,,,1,train
gunshot_0024,gunshot_0024.wav,C:\Users\Afzal Compters\Desktop\Sonic-sentinal-AI\audio_dataset\originals\gunshot\gunshot_0024.wav,gunshot,3.0,16000,1,,,,1,train
background_noise_0177,background_noise_0177.wav,C:\Users\Afzal Compters\Desktop\Sonic-sentinal-AI\audio_dataset\originals\background_noise\background_noise_0177.wav,background_noise,3.0,16000,1,,,,1,train
animal_sound_0281,animal_sound_0281.wav,C:\Users\Afzal Compters\Desktop\Sonic-sentinal-AI\audio_dataset\originals\animal_sound\animal_sound_0281.wav,animal_sound,3.0,16000,1,,,,1,train
machinery_fault_0176,machinery_fault_0176.wav,C:\Users\Afzal Compters\Desktop\Sonic-sentinal-AI\audio_dataset\originals\machinery_fault\machinery_fault_0176.wav,machinery_fault,3.0,16000,1,,,,1,train
machinery_fault_0181,machinery_fault_0181.wav,C:\Users\Afzal Compters\Desktop\Sonic-sentinal-AI\audio_dataset\originals\machinery_fault\machinery_fault_0181.wav,machinery_fault,3.0,16000,1,,,,1,train
glass_breaking_0179,glass_breaking_0179.wav,C:\Users\Afzal Compters\Desktop\Sonic-sentinal-AI\audio_dataset\originals\glass_breaking\glass_breaking_0179.wav,glass_breaking,3.0,16000,1,,,,1,train
aggression_0235,aggression_0235.wav,C:\Users\Afzal Compters\Desktop\Sonic-sentinal-AI\audio_dataset\originals\aggression\aggression_0235.wav,aggression,3.0,16000,1,,,,1,train
background_noise_0280,background_noise_0280.wav,C:\Users\Afzal Compters\Desktop\Sonic-sentinal-AI\audio_dataset\originals\background_noise\background_noise_0280.wav,background_noise,3.0,16000,1,,,,1,train
background_noise_0018,background_noise_0018.wav,C:\Users\Afzal Compters\Desktop\Sonic-sentinal-AI\audio_dataset\originals\background_noise\background_noise_0018.wav,background_noise,3.0,16000,1,,,,1,train
alarm_siren_0176,alarm_siren_0176.wav,C:\Users\Afzal Compters\Desktop\Sonic-sentinal-AI\audio_dataset\originals\alarm_siren\alarm_siren_0176.wav,alarm_siren,3.0,16000,1,,,,1,train
aggression_0041,aggression_0041.wav,C:\Users\Afzal Compters\Desktop\Sonic-sentinal-AI\audio_dataset\originals\aggression\aggression_0041.wav,aggression,3.0,16000,1,,,,1,train
background_noise_0126,background_noise_0126.wav,C:\Users\Afzal Compters\Desktop\Sonic-sentinal-AI\audio_dataset\originals\background_noise\background_noise_0126.wav,background_noise,3.0,16000,1,,,,1,train
animal_sound_0275,animal_sound_0275.wav,C:\Users\Afzal Compters\Desktop\Sonic-sentinal-AI\audio_dataset\originals\animal_sound\animal_sound_0275.wav,animal_sound,3.0,16000,1,,,,1,train
animal_sound_0201,animal_sound_0201.wav,C:\Users\Afzal Compters\Desktop\Sonic-sentinal-AI\audio_dataset\originals\animal_sound\animal_sound_0201.wav,animal_sound,3.0,16000,1,,,,1,train
glass_breaking_0077,glass_breaking_0077.wav,C:\Users\Afzal Compters\Desktop\Sonic-sentinal-AI\audio_dataset\originals\glass_breaking\glass_breaking_0077.wav,glass_breaking,3.0,16000,1,,,,1,train
aggression_0275,aggression_0275.wav,C:\Users\Afzal Compters\Desktop\Sonic-sentinal-AI\audio_dataset\originals\aggression\aggression_0275.wav,aggression,3.0,16000,1,,,,1,train
alarm_siren_0224,alarm_siren_0224.wav,C:\Users\Afzal Compters\Desktop\Sonic-sentinal-AI\audio_dataset\originals\alarm_siren\alarm_siren_0224.wav,alarm_siren,3.0,16000,1,,,,1,train
background_noise_0042,background_noise_0042.wav,C:\Users\Afzal Compters\Desktop\Sonic-sentinal-AI\audio_dataset\originals\background_noise\background_noise_0042.wav,background_noise,3.0,16000,1,,,,1,train
glass_breaking_0044,glass_breaking_0044.wav,C:\Users\Afzal Compters\Desktop\Sonic-sentinal-AI\audio_dataset\originals\glass_breaking\glass_breaking_0044.wav,glass_breaking,3.0,16000,1,,,,1,train
panic_scream_0079,panic_scream_0079.wav,C:\Users\Afzal Compters\Desktop\Sonic-sentinal-AI\audio_dataset\originals\panic_scream\panic_scream_0079.wav,panic_scream,3.0,16000,1,,,,1,train
aggression_0051,aggression_0051.wav,C:\Users\Afzal Compters\Desktop\Sonic-sentinal-AI\audio_dataset\originals\aggression\aggression_0051.wav,aggression,3.0,16000,1,,,,1,train
aggression_0066,aggression_0066.wav,C:\Users\Afzal Compters\Desktop\Sonic-sentinal-AI\audio_dataset\originals\aggression\aggression_0066.wav,aggression,3.0,16000,1,,,,1,train
animal_sound_0055,animal_sound_0055.wav,C:\Users\Afzal Compters\Desktop\Sonic-sentinal-AI\audio_dataset\originals\animal_sound\animal_sound_0055.wav,animal_sound,3.0,16000,1,,,,1,train
animal_sound_0136,animal_sound_0136.wav,C:\Users\Afzal Compters\Desktop\Sonic-sentinal-AI\audio_dataset\originals\animal_sound\animal_sound_0136.wav,animal_sound,3.0,16000,1,,,,1,train
gunshot_0023,gunshot_0023.wav,C:\Users\Afzal Compters\Desktop\Sonic-sentinal-AI\audio_dataset\originals\gunshot\gunshot_0023.wav,gunshot,3.0,16000,1,,,,1,train
background_noise_0082,background_noise_0082.wav,C:\Users\Afzal Compters\Desktop\Sonic-sentinal-AI\audio_dataset\originals\background_noise\background_noise_0082.wav,background_noise,3.0,16000,1,,,,1,train
alarm_siren_0065,alarm_siren_0065.wav,C:\Users\Afzal Compters\Desktop\Sonic-sentinal-AI\audio_dataset\originals\alarm_siren\alarm_siren_0065.wav,alarm_siren,3.0,16000,1,,,,1,train
glass_breaking_0284,glass_breaking_0284.wav,C:\Users\Afzal Compters\Desktop\Sonic-sentinal-AI\audio_dataset\originals\glass_breaking\glass_breaking_0284.wav,glass_breaking,3.0,16000,1,,,,1,train
animal_sound_0068,animal_sound_0068.wav,C:\Users\Afzal Compters\Desktop\Sonic-sentinal-AI\audio_dataset\originals\animal_sound\animal_sound_0068.wav,animal_sound,3.0,16000,1,,,,1,train
glass_breaking_0205,glass_breaking_0205.wav,C:\Users\Afzal Compters\Desktop\Sonic-sentinal-AI\audio_dataset\originals\glass_breaking\glass_breaking_0205.wav,glass_breaking,3.0,16000,1,,,,1,train
background_noise_0034,background_noise_0034.wav,C:\Users\Afzal Compters\Desktop\Sonic-sentinal-AI\audio_dataset\originals\background_noise\background_noise_0034.wav,background_noise,3.0,16000,1,,,,1,train
panic_scream_0239,panic_scream_0239.wav,C:\Users\Afzal Compters\Desktop\Sonic-sentinal-AI\audio_dataset\originals\panic_scream\panic_scream_0239.wav,panic_scream,3.0,16000,1,,,,1,train
machinery_fault_0125,machinery_fault_0125.wav,C:\Users\Afzal Compters\Desktop\Sonic-sentinal-AI\audio_dataset\originals\machinery_fault\machinery_fault_0125.wav,machinery_fault,3.0,16000,1,,,,1,train
aggression_0096,aggression_0096.wav,C:\Users\Afzal Compters\Desktop\Sonic-sentinal-AI\audio_dataset\originals\aggression\aggression_0096.wav,aggression,3.0,16000,1,,,,1,train
animal_sound_0143,animal_sound_0143.wav,C:\Users\Afzal Compters\Desktop\Sonic-sentinal-AI\audio_dataset\originals\animal_sound\animal_sound_0143.wav,animal_sound,3.0,16000,1,,,,1,train
panic_scream_0167,panic_scream_0167.wav,C:\Users\Afzal Compters\Desktop\Sonic-sentinal-AI\audio_dataset\originals\panic_scream\panic_scream_0167.wav,panic_scream,3.0,16000,1,,,,1,train
gunshot_0142,gunshot_0142.wav,C:\Users\Afzal Compters\Desktop\Sonic-sentinal-AI\audio_dataset\originals\gunshot\gunshot_0142.wav,gunshot,3.0,16000,1,,,,1,train
animal_sound_0256,animal_sound_0256.wav,C:\Users\Afzal Compters\Desktop\Sonic-sentinal-AI\audio_dataset\originals\animal_sound\animal_sound_0256.wav,animal_sound,3.0,16000,1,,,,1,train
aggression_0079,aggression_0079.wav,C:\Users\Afzal Compters\Desktop\Sonic-sentinal-AI\audio_dataset\originals\aggression\aggression_0079.wav,aggression,3.0,16000,1,,,,1,train
background_noise_0114,background_noise_0114.wav,C:\Users\Afzal Compters\Desktop\Sonic-sentinal-AI\audio_dataset\originals\background_noise\background_noise_0114.wav,background_noise,3.0,16000,1,,,,1,train
gunshot_0158,gunshot_0158.wav,C:\Users\Afzal Compters\Desktop\Sonic-sentinal-AI\audio_dataset\originals\gunshot\gunshot_0158.wav,gunshot,3.0,16000,1,,,,1,train
background_noise_0134,background_noise_0134.wav,C:\Users\Afzal Compters\Desktop\Sonic-sentinal-AI\audio_dataset\originals\background_noise\background_noise_0134.wav,background_noise,3.0,16000,1,,,,1,train
machinery_fault_0036,machinery_fault_0036.wav,C:\Users\Afzal Compters\Desktop\Sonic-sentinal-AI\audio_dataset\originals\machinery_fault\machinery_fault_0036.wav,machinery_fault,3.0,16000,1,,,,1,train
gunshot_0098,gunshot_0098.wav,C:\Users\Afzal Compters\Desktop\Sonic-sentinal-AI\audio_dataset\originals\gunshot\gunshot_0098.wav,gunshot,3.0,16000,1,,,,1,train
background_noise_0139,background_noise_0139.wav,C:\Users\Afzal Compters\Desktop\Sonic-sentinal-AI\audio_dataset\originals\background_noise\background_noise_0139.wav,background_noise,3.0,16000,1,,,,1,train
animal_sound_0013,animal_sound_0013.wav,C:\Users\Afzal Compters\Desktop\Sonic-sentinal-AI\audio_dataset\originals\animal_sound\animal_sound_0013.wav,animal_sound,3.0,16000,1,,,,1,train
animal_sound_0061,animal_sound_0061.wav,C:\Users\Afzal Compters\Desktop\Sonic-sentinal-AI\audio_dataset\originals\animal_sound\animal_sound_0061.wav,animal_sound,3.0,16000,1,,,,1,train
glass_breaking_0038,glass_breaking_0038.wav,C:\Users\Afzal Compters\Desktop\Sonic-sentinal-AI\audio_dataset\originals\glass_breaking\glass_breaking_0038.wav,glass_breaking,3.0,16000,1,,,,1,train
animal_sound_0154,animal_sound_0154.wav,C:\Users\Afzal Compters\Desktop\Sonic-sentinal-AI\audio_dataset\originals\animal_sound\animal_sound_0154.wav,animal_sound,3.0,16000,1,,,,1,train
alarm_siren_0296,alarm_siren_0296.wav,C:\Users\Afzal Compters\Desktop\Sonic-sentinal-AI\audio_dataset\originals\alarm_siren\alarm_siren_0296.wav,alarm_siren,3.0,16000,1,,,,1,train
vehicle_horn_0100,vehicle_horn_0100.wav,C:\Users\Afzal Compters\Desktop\Sonic-sentinal-AI\audio_dataset\originals\vehicle_horn\vehicle_horn_0100.wav,vehicle_horn,3.0,16000,1,,,,1,train
panic_scream_0151,panic_scream_0151.wav,C:\Users\Afzal Compters\Desktop\Sonic-sentinal-AI\audio_dataset\originals\panic_scream\panic_scream_0151.wav,panic_scream,3.0,16000,1,,,,1,train
background_noise_0104,background_noise_0104.wav,C:\Users\Afzal Compters\Desktop\Sonic-sentinal-AI\audio_dataset\originals\background_noise\background_noise_0104.wav,background_noise,3.0,16000,1,,,,1,train
machinery_fault_0289,machinery_fault_0289.wav,C:\Users\Afzal Compters\Desktop\Sonic-sentinal-AI\audio_dataset\originals\machinery_fault\machinery_fault_0289.wav,machinery_fault,3.0,16000,1,,,,1,train
vehicle_horn_0235,vehicle_horn_0235.wav,C:\Users\Afzal Compters\Desktop\Sonic-sentinal-AI\audio_dataset\originals\vehicle_horn\vehicle_horn_0235.wav,vehicle_horn,3.0,16000,1,,,,1,train
gunshot_0049,gunshot_0049.wav,C:\Users\Afzal Compters\Desktop\Sonic-sentinal-AI\audio_dataset\originals\gunshot\gunshot_0049.wav,gunshot,3.0,16000,1,,,,1,train
gunshot_0009,gunshot_0009.wav,C:\Users\Afzal Compters\Desktop\Sonic-sentinal-AI\audio_dataset\originals\gunshot\gunshot_0009.wav,gunshot,3.0,16000,1,,,,1,train
animal_sound_0139,animal_sound_0139.wav,C:\Users\Afzal Compters\Desktop\Sonic-sentinal-AI\audio_dataset\originals\animal_sound\animal_sound_0139.wav,animal_sound,3.0,16000,1,,,,1,train
animal_sound_0194,animal_sound_0194.wav,C:\Users\Afzal Compters\Desktop\Sonic-sentinal-AI\audio_dataset\originals\animal_sound\animal_sound_0194.wav,animal_sound,3.0,16000,1,,,,1,train
glass_breaking_0291,glass_breaking_0291.wav,C:\Users\Afzal Compters\Desktop\Sonic-sentinal-AI\audio_dataset\originals\glass_breaking\glass_breaking_0291.wav,glass_breaking,3.0,16000,1,,,,1,train
vehicle_horn_0142,vehicle_horn_0142.wav,C:\Users\Afzal Compters\Desktop\Sonic-sentinal-AI\audio_dataset\originals\vehicle_horn\vehicle_horn_0142.wav,vehicle_horn,3.0,16000,1,,,,1,train
machinery_fault_0024,machinery_fault_0024.wav,C:\Users\Afzal Compters\Desktop\Sonic-sentinal-AI\audio_dataset\originals\machinery_fault\machinery_fault_0024.wav,machinery_fault,3.0,16000,1,,,,1,train
animal_sound_0278,animal_sound_0278.wav,C:\Users\Afzal Compters\Desktop\Sonic-sentinal-AI\audio_dataset\originals\animal_sound\animal_sound_0278.wav,animal_sound,3.0,16000,1,,,,1,train
background_noise_0133,background_noise_0133.wav,C:\Users\Afzal Compters\Desktop\Sonic-sentinal-AI\audio_dataset\originals\background_noise\background_noise_0133.wav,background_noise,3.0,16000,1,,,,1,train
vehicle_horn_0046,vehicle_horn_0046.wav,C:\Users\Afzal Compters\Desktop\Sonic-sentinal-AI\audio_dataset\originals\vehicle_horn\vehicle_horn_0046.wav,vehicle_horn,3.0,16000,1,,,,1,train
glass_breaking_0297,glass_breaking_0297.wav,C:\Users\Afzal Compters\Desktop\Sonic-sentinal-AI\audio_dataset\originals\glass_breaking\glass_breaking_0297.wav,glass_breaking,3.0,16000,1,,,,1,train
machinery_fault_0050,machinery_fault_0050.wav,C:\Users\Afzal Compters\Desktop\Sonic-sentinal-AI\audio_dataset\originals\machinery_fault\machinery_fault_0050.wav,machinery_fault,3.0,16000,1,,,,1,train
panic_scream_0052,panic_scream_0052.wav,C:\Users\Afzal Compters\Desktop\Sonic-sentinal-AI\audio_dataset\originals\panic_scream\panic_scream_0052.wav,panic_scream,3.0,16000,1,,,,1,train
aggression_0165,aggression_0165.wav,C:\Users\Afzal Compters\Desktop\Sonic-sentinal-AI\audio_dataset\originals\aggression\aggression_0165.wav,aggression,3.0,16000,1,,,,1,train
vehicle_horn_0027,vehicle_horn_0027.wav,C:\Users\Afzal Compters\Desktop\Sonic-sentinal-AI\audio_dataset\originals\vehicle_horn\vehicle_horn_0027.wav,vehicle_horn,3.0,16000,1,,,,1,train
panic_scream_0031,panic_scream_0031.wav,C:\Users\Afzal Compters\Desktop\Sonic-sentinal-AI\audio_dataset\originals\panic_scream\panic_scream_0031.wav,panic_scream,3.0,16000,1,,,,1,train
machinery_fault_0188,machinery_fault_0188.wav,C:\Users\Afzal Compters\Desktop\Sonic-sentinal-AI\audio_dataset\originals\machinery_fault\machinery_fault_0188.wav,machinery_fault,3.0,16000,1,,,,1,train
background_noise_0273,background_noise_0273.wav,C:\Users\Afzal Compters\Desktop\Sonic-sentinal-AI\audio_dataset\originals\background_noise\background_noise_0273.wav,background_noise,3.0,16000,1,,,,1,train
animal_sound_0075,animal_sound_0075.wav,C:\Users\Afzal Compters\Desktop\Sonic-sentinal-AI\audio_dataset\originals\animal_sound\animal_sound_0075.wav,animal_sound,3.0,16000,1,,,,1,train
alarm_siren_0278,alarm_siren_0278.wav,C:\Users\Afzal Compters\Desktop\Sonic-sentinal-AI\audio_dataset\originals\alarm_siren\alarm_siren_0278.wav,alarm_siren,3.0,16000,1,,,,1,train
gunshot_0206,gunshot_0206.wav,C:\Users\Afzal Compters\Desktop\Sonic-sentinal-AI\audio_dataset\originals\gunshot\gunshot_0206.wav,gunshot,3.0,16000,1,,,,1,train
glass_breaking_0054,glass_breaking_0054.wav,C:\Users\Afzal Compters\Desktop\Sonic-sentinal-AI\audio_dataset\originals\glass_breaking\glass_breaking_0054.wav,glass_breaking,3.0,16000,1,,,,1,train
background_noise_0125,background_noise_0125.wav,C:\Users\Afzal Compters\Desktop\Sonic-sentinal-AI\audio_dataset\originals\background_noise\background_noise_0125.wav,background_noise,3.0,16000,1,,,,1,train
alarm_siren_0061,alarm_siren_0061.wav,C:\Users\Afzal Compters\Desktop\Sonic-sentinal-AI\audio_dataset\originals\alarm_siren\alarm_siren_0061.wav,alarm_siren,3.0,16000,1,,,,1,train
glass_breaking_0012,glass_breaking_0012.wav,C:\Users\Afzal Compters\Desktop\Sonic-sentinal-AI\audio_dataset\originals\glass_breaking\glass_breaking_0012.wav,glass_breaking,3.0,16000,1,,,,1,train
aggression_0188,aggression_0188.wav,C:\Users\Afzal Compters\Desktop\Sonic-sentinal-AI\audio_dataset\originals\aggression\aggression_0188.wav,aggression,3.0,16000,1,,,,1,train
vehicle_horn_0079,vehicle_horn_0079.wav,C:\Users\Afzal Compters\Desktop\Sonic-sentinal-AI\audio_dataset\originals\vehicle_horn\vehicle_horn_0079.wav,vehicle_horn,3.0,16000,1,,,,1,train
panic_scream_0015,panic_scream_0015.wav,C:\Users\Afzal Compters\Desktop\Sonic-sentinal-AI\audio_dataset\originals\panic_scream\panic_scream_0015.wav,panic_scream,3.0,16000,1,,,,1,train
machinery_fault_0155,machinery_fault_0155.wav,C:\Users\Afzal Compters\Desktop\Sonic-sentinal-AI\audio_dataset\originals\machinery_fault\machinery_fault_0155.wav,machinery_fault,3.0,16000,1,,,,1,train
alarm_siren_0028,alarm_siren_0028.wav,C:\Users\Afzal Compters\Desktop\Sonic-sentinal-AI\audio_dataset\originals\alarm_siren\alarm_siren_0028.wav,alarm_siren,3.0,16000,1,,,,1,train
vehicle_horn_0068,vehicle_horn_0068.wav,C:\Users\Afzal Compters\Desktop\Sonic-sentinal-AI\audio_dataset\originals\vehicle_horn\vehicle_horn_0068.wav,vehicle_horn,3.0,16000,1,,,,1,train
alarm_siren_0261,alarm_siren_0261.wav,C:\Users\Afzal Compters\Desktop\Sonic-sentinal-AI\audio_dataset\originals\alarm_siren\alarm_siren_0261.wav,alarm_siren,3.0,16000,1,,,,1,train
vehicle_horn_0120,vehicle_horn_0120.wav,C:\Users\Afzal Compters\Desktop\Sonic-sentinal-AI\audio_dataset\originals\vehicle_horn\vehicle_horn_0120.wav,vehicle_horn,3.0,16000,1,,,,1,train
machinery_fault_0239,machinery_fault_0239.wav,C:\Users\Afzal Compters\Desktop\Sonic-sentinal-AI\audio_dataset\originals\machinery_fault\machinery_fault_0239.wav,machinery_fault,3.0,16000,1,,,,1,train
machinery_fault_0008,machinery_fault_0008.wav,C:\Users\Afzal Compters\Desktop\Sonic-sentinal-AI\audio_dataset\originals\machinery_fault\machinery_fault_0008.wav,machinery_fault,3.0,16000,1,,,,1,train
glass_breaking_0209,glass_breaking_0209.wav,C:\Users\Afzal Compters\Desktop\Sonic-sentinal-AI\audio_dataset\originals\glass_breaking\glass_breaking_0209.wav,glass_breaking,3.0,16000,1,,,,1,train
gunshot_0224,gunshot_0224.wav,C:\Users\Afzal Compters\Desktop\Sonic-sentinal-AI\audio_dataset\originals\gunshot\gunshot_0224.wav,gunshot,3.0,16000,1,,,,1,train
glass_breaking_0189,glass_breaking_0189.wav,C:\Users\Afzal Compters\Desktop\Sonic-sentinal-AI\audio_dataset\originals\glass_breaking\glass_breaking_0189.wav,glass_breaking,3.0,16000,1,,,,1,train
vehicle_horn_0192,vehicle_horn_0192.wav,C:\Users\Afzal Compters\Desktop\Sonic-sentinal-AI\audio_dataset\originals\vehicle_horn\vehicle_horn_0192.wav,vehicle_horn,3.0,16000,1,,,,1,train
machinery_fault_0030,machinery_fault_0030.wav,C:\Users\Afzal Compters\Desktop\Sonic-sentinal-AI\audio_dataset\originals\machinery_fault\machinery_fault_0030.wav,machinery_fault,3.0,16000,1,,,,1,train
vehicle_horn_0225,vehicle_horn_0225.wav,C:\Users\Afzal Compters\Desktop\Sonic-sentinal-AI\audio_dataset\originals\vehicle_horn\vehicle_horn_0225.wav,vehicle_horn,3.0,16000,1,,,,1,train
background_noise_0020,background_noise_0020.wav,C:\Users\Afzal Compters\Desktop\Sonic-sentinal-AI\audio_dataset\originals\background_noise\background_noise_0020.wav,background_noise,3.0,16000,1,,,,1,train
aggression_0028,aggression_0028.wav,C:\Users\Afzal Compters\Desktop\Sonic-sentinal-AI\audio_dataset\originals\aggression\aggression_0028.wav,aggression,3.0,16000,1,,,,1,train
background_noise_0262,background_noise_0262.wav,C:\Users\Afzal Compters\Desktop\Sonic-sentinal-AI\audio_dataset\originals\background_noise\background_noise_0262.wav,background_noise,3.0,16000,1,,,,1,train
background_noise_0255,background_noise_0255.wav,C:\Users\Afzal Compters\Desktop\Sonic-sentinal-AI\audio_dataset\originals\background_noise\background_noise_0255.wav,background_noise,3.0,16000,1,,,,1,train
aggression_0117,aggression_0117.wav,C:\Users\Afzal Compters\Desktop\Sonic-sentinal-AI\audio_dataset\originals\aggression\aggression_0117.wav,aggression,3.0,16000,1,,,,1,train
animal_sound_0104,animal_sound_0104.wav,C:\Users\Afzal Compters\Desktop\Sonic-sentinal-AI\audio_dataset\originals\animal_sound\animal_sound_0104.wav,animal_sound,3.0,16000,1,,,,1,train
background_noise_0185,background_noise_0185.wav,C:\Users\Afzal Compters\Desktop\Sonic-sentinal-AI\audio_dataset\originals\background_noise\background_noise_0185.wav,background_noise,3.0,16000,1,,,,1,train
animal_sound_0209,animal_sound_0209.wav,C:\Users\Afzal Compters\Desktop\Sonic-sentinal-AI\audio_dataset\originals\animal_sound\animal_sound_0209.wav,animal_sound,3.0,16000,1,,,,1,train
background_noise_0121,background_noise_0121.wav,C:\Users\Afzal Compters\Desktop\Sonic-sentinal-AI\audio_dataset\originals\background_noise\background_noise_0121.wav,background_noise,3.0,16000,1,,,,1,train
vehicle_horn_0169,vehicle_horn_0169.wav,C:\Users\Afzal Compters\Desktop\Sonic-sentinal-AI\audio_dataset\originals\vehicle_horn\vehicle_horn_0169.wav,vehicle_horn,3.0,16000,1,,,,1,train
machinery_fault_0159,machinery_fault_0159.wav,C:\Users\Afzal Compters\Desktop\Sonic-sentinal-AI\audio_dataset\originals\machinery_fault\machinery_fault_0159.wav,machinery_fault,3.0,16000,1,,,,1,train
glass_breaking_0008,glass_breaking_0008.wav,C:\Users\Afzal Compters\Desktop\Sonic-sentinal-AI\audio_dataset\originals\glass_breaking\glass_breaking_0008.wav,glass_breaking,3.0,16000,1,,,,1,train
aggression_0213,aggression_0213.wav,C:\Users\Afzal Compters\Desktop\Sonic-sentinal-AI\audio_dataset\originals\aggression\aggression_0213.wav,aggression,3.0,16000,1,,,,1,train
aggression_0250,aggression_0250.wav,C:\Users\Afzal Compters\Desktop\Sonic-sentinal-AI\audio_dataset\originals\aggression\aggression_0250.wav,aggression,3.0,16000,1,,,,1,train
aggression_0273,aggression_0273.wav,C:\Users\Afzal Compters\Desktop\Sonic-sentinal-AI\audio_dataset\originals\aggression\aggression_0273.wav,aggression,3.0,16000,1,,,,1,train
glass_breaking_0088,glass_breaking_0088.wav,C:\Users\Afzal Compters\Desktop\Sonic-sentinal-AI\audio_dataset\originals\glass_breaking\glass_breaking_0088.wav,glass_breaking,3.0,16000,1,,,,1,train
glass_breaking_0093,glass_breaking_0093.wav,C:\Users\Afzal Compters\Desktop\Sonic-sentinal-AI\audio_dataset\originals\glass_breaking\glass_breaking_0093.wav,glass_breaking,3.0,16000,1,,,,1,train
background_noise_0248,background_noise_0248.wav,C:\Users\Afzal Compters\Desktop\Sonic-sentinal-AI\audio_dataset\originals\background_noise\background_noise_0248.wav,background_noise,3.0,16000,1,,,,1,train
background_noise_0244,background_noise_0244.wav,C:\Users\Afzal Compters\Desktop\Sonic-sentinal-AI\audio_dataset\originals\background_noise\background_noise_0244.wav,background_noise,3.0,16000,1,,,,1,train
vehicle_horn_0195,vehicle_horn_0195.wav,C:\Users\Afzal Compters\Desktop\Sonic-sentinal-AI\audio_dataset\originals\vehicle_horn\vehicle_horn_0195.wav,vehicle_horn,3.0,16000,1,,,,1,train
glass_breaking_0263,glass_breaking_0263.wav,C:\Users\Afzal Compters\Desktop\Sonic-sentinal-AI\audio_dataset\originals\glass_breaking\glass_breaking_0263.wav,glass_breaking,3.0,16000,1,,,,1,train
gunshot_0181,gunshot_0181.wav,C:\Users\Afzal Compters\Desktop\Sonic-sentinal-AI\audio_dataset\originals\gunshot\gunshot_0181.wav,gunshot,3.0,16000,1,,,,1,train
background_noise_0234,background_noise_0234.wav,C:\Users\Afzal Compters\Desktop\Sonic-sentinal-AI\audio_dataset\originals\background_noise\background_noise_0234.wav,background_noise,3.0,16000,1,,,,1,train
machinery_fault_0223,machinery_fault_0223.wav,C:\Users\Afzal Compters\Desktop\Sonic-sentinal-AI\audio_dataset\originals\machinery_fault\machinery_fault_0223.wav,machinery_fault,3.0,16000,1,,,,1,train
panic_scream_0150,panic_scream_0150.wav,C:\Users\Afzal Compters\Desktop\Sonic-sentinal-AI\audio_dataset\originals\panic_scream\panic_scream_0150.wav,panic_scream,3.0,16000,1,,,,1,train
aggression_0228,aggression_0228.wav,C:\Users\Afzal Compters\Desktop\Sonic-sentinal-AI\audio_dataset\originals\aggression\aggression_0228.wav,aggression,3.0,16000,1,,,,1,train
aggression_0161,aggression_0161.wav,C:\Users\Afzal Compters\Desktop\Sonic-sentinal-AI\audio_dataset\originals\aggression\aggression_0161.wav,aggression,3.0,16000,1,,,,1,train
machinery_fault_0258,machinery_fault_0258.wav,C:\Users\Afzal Compters\Desktop\Sonic-sentinal-AI\audio_dataset\originals\machinery_fault\machinery_fault_0258.wav,machinery_fault,3.0,16000,1,,,,1,train
gunshot_0269,gunshot_0269.wav,C:\Users\Afzal Compters\Desktop\Sonic-sentinal-AI\audio_dataset\originals\gunshot\gunshot_0269.wav,gunshot,3.0,16000,1,,,,1,train
background_noise_0286,background_noise_0286.wav,C:\Users\Afzal Compters\Desktop\Sonic-sentinal-AI\audio_dataset\originals\background_noise\background_noise_0286.wav,background_noise,3.0,16000,1,,,,1,train
glass_breaking_0275,glass_breaking_0275.wav,C:\Users\Afzal Compters\Desktop\Sonic-sentinal-AI\audio_dataset\originals\glass_breaking\glass_breaking_0275.wav,glass_breaking,3.0,16000,1,,,,1,train
aggression_0242,aggression_0242.wav,C:\Users\Afzal Compters\Desktop\Sonic-sentinal-AI\audio_dataset\originals\aggression\aggression_0242.wav,aggression,3.0,16000,1,,,,1,train
background_noise_0181,background_noise_0181.wav,C:\Users\Afzal Compters\Desktop\Sonic-sentinal-AI\audio_dataset\originals\background_noise\background_noise_0181.wav,background_noise,3.0,16000,1,,,,1,train
aggression_0221,aggression_0221.wav,C:\Users\Afzal Compters\Desktop\Sonic-sentinal-AI\audio_dataset\originals\aggression\aggression_0221.wav,aggression,3.0,16000,1,,,,1,train
glass_breaking_0136,glass_breaking_0136.wav,C:\Users\Afzal Compters\Desktop\Sonic-sentinal-AI\audio_dataset\originals\glass_breaking\glass_breaking_0136.wav,glass_breaking,3.0,16000,1,,,,1,train
glass_breaking_0211,glass_breaking_0211.wav,C:\Users\Afzal Compters\Desktop\Sonic-sentinal-AI\audio_dataset\originals\glass_breaking\glass_breaking_0211.wav,glass_breaking,3.0,16000,1,,,,1,train
animal_sound_0019,animal_sound_0019.wav,C:\Users\Afzal Compters\Desktop\Sonic-sentinal-AI\audio_dataset\originals\animal_sound\animal_sound_0019.wav,animal_sound,3.0,16000,1,,,,1,train
background_noise_0038,background_noise_0038.wav,C:\Users\Afzal Compters\Desktop\Sonic-sentinal-AI\audio_dataset\originals\background_noise\background_noise_0038.wav,background_noise,3.0,16000,1,,,,1,train
vehicle_horn_0261,vehicle_horn_0261.wav,C:\Users\Afzal Compters\Desktop\Sonic-sentinal-AI\audio_dataset\originals\vehicle_horn\vehicle_horn_0261.wav,vehicle_horn,3.0,16000,1,,,,1,train
animal_sound_0274,animal_sound_0274.wav,C:\Users\Afzal Compters\Desktop\Sonic-sentinal-AI\audio_dataset\originals\animal_sound\animal_sound_0274.wav,animal_sound,3.0,16000,1,,,,1,train
aggression_0047,aggression_0047.wav,C:\Users\Afzal Compters\Desktop\Sonic-sentinal-AI\audio_dataset\originals\aggression\aggression_0047.wav,aggression,3.0,16000,1,,,,1,train
animal_sound_0293,animal_sound_0293.wav,C:\Users\Afzal Compters\Desktop\Sonic-sentinal-AI\audio_dataset\originals\animal_sound\animal_sound_0293.wav,animal_sound,3.0,16000,1,,,,1,train
machinery_fault_0113,machinery_fault_0113.wav,C:\Users\Afzal Compters\Desktop\Sonic-sentinal-AI\audio_dataset\originals\machinery_fault\machinery_fault_0113.wav,machinery_fault,3.0,16000,1,,,,1,train
glass_breaking_0125,glass_breaking_0125.wav,C:\Users\Afzal Compters\Desktop\Sonic-sentinal-AI\audio_dataset\originals\glass_breaking\glass_breaking_0125.wav,glass_breaking,3.0,16000,1,,,,1,train
aggression_0157,aggression_0157.wav,C:\Users\Afzal Compters\Desktop\Sonic-sentinal-AI\audio_dataset\originals\aggression\aggression_0157.wav,aggression,3.0,16000,1,,,,1,train
animal_sound_0128,animal_sound_0128.wav,C:\Users\Afzal Compters\Desktop\Sonic-sentinal-AI\audio_dataset\originals\animal_sound\animal_sound_0128.wav,animal_sound,3.0,16000,1,,,,1,train
alarm_siren_0149,alarm_siren_0149.wav,C:\Users\Afzal Compters\Desktop\Sonic-sentinal-AI\audio_dataset\originals\alarm_siren\alarm_siren_0149.wav,alarm_siren,3.0,16000,1,,,,1,train
machinery_fault_0252,machinery_fault_0252.wav,C:\Users\Afzal Compters\Desktop\Sonic-sentinal-AI\audio_dataset\originals\machinery_fault\machinery_fault_0252.wav,machinery_fault,3.0,16000,1,,,,1,train
background_noise_0145,background_noise_0145.wav,C:\Users\Afzal Compters\Desktop\Sonic-sentinal-AI\audio_dataset\originals\background_noise\background_noise_0145.wav,background_noise,3.0,16000,1,,,,1,train
gunshot_0037,gunshot_0037.wav,C:\Users\Afzal Compters\Desktop\Sonic-sentinal-AI\audio_dataset\originals\gunshot\gunshot_0037.wav,gunshot,3.0,16000,1,,,,1,train
animal_sound_0269,animal_sound_0269.wav,C:\Users\Afzal Compters\Desktop\Sonic-sentinal-AI\audio_dataset\originals\animal_sound\animal_sound_0269.wav,animal_sound,3.0,16000,1,,,,1,train
gunshot_0274,gunshot_0274.wav,C:\Users\Afzal Compters\Desktop\Sonic-sentinal-AI\audio_dataset\originals\gunshot\gunshot_0274.wav,gunshot,3.0,16000,1,,,,1,train
alarm_siren_0292,alarm_siren_0292.wav,C:\Users\Afzal Compters\Desktop\Sonic-sentinal-AI\audio_dataset\originals\alarm_siren\alarm_siren_0292.wav,alarm_siren,3.0,16000,1,,,,1,train
machinery_fault_0222,machinery_fault_0222.wav,C:\Users\Afzal Compters\Desktop\Sonic-sentinal-AI\audio_dataset\originals\machinery_fault\machinery_fault_0222.wav,machinery_fault,3.0,16000,1,,,,1,train
panic_scream_0107,panic_scream_0107.wav,C:\Users\Afzal Compters\Desktop\Sonic-sentinal-AI\audio_dataset\originals\panic_scream\panic_scream_0107.wav,panic_scream,3.0,16000,1,,,,1,train
background_noise_0085,background_noise_0085.wav,C:\Users\Afzal Compters\Desktop\Sonic-sentinal-AI\audio_dataset\originals\background_noise\background_noise_0085.wav,background_noise,3.0,16000,1,,,,1,train
panic_scream_0073,panic_scream_0073.wav,C:\Users\Afzal Compters\Desktop\Sonic-sentinal-AI\audio_dataset\originals\panic_scream\panic_scream_0073.wav,panic_scream,3.0,16000,1,,,,1,train
vehicle_horn_0121,vehicle_horn_0121.wav,C:\Users\Afzal Compters\Desktop\Sonic-sentinal-AI\audio_dataset\originals\vehicle_horn\vehicle_horn_0121.wav,vehicle_horn,3.0,16000,1,,,,1,train
vehicle_horn_0296,vehicle_horn_0296.wav,C:\Users\Afzal Compters\Desktop\Sonic-sentinal-AI\audio_dataset\originals\vehicle_horn\vehicle_horn_0296.wav,vehicle_horn,3.0,16000,1,,,,1,train
vehicle_horn_0209,vehicle_horn_0209.wav,C:\Users\Afzal Compters\Desktop\Sonic-sentinal-AI\audio_dataset\originals\vehicle_horn\vehicle_horn_0209.wav,vehicle_horn,3.0,16000,1,,,,1,train
machinery_fault_0073,machinery_fault_0073.wav,C:\Users\Afzal Compters\Desktop\Sonic-sentinal-AI\audio_dataset\originals\machinery_fault\machinery_fault_0073.wav,machinery_fault,3.0,16000,1,,,,1,train
machinery_fault_0187,machinery_fault_0187.wav,C:\Users\Afzal Compters\Desktop\Sonic-sentinal-AI\audio_dataset\originals\machinery_fault\machinery_fault_0187.wav,machinery_fault,3.0,16000,1,,,,1,train
gunshot_0240,gunshot_0240.wav,C:\Users\Afzal Compters\Desktop\Sonic-sentinal-AI\audio_dataset\originals\gunshot\gunshot_0240.wav,gunshot,3.0,16000,1,,,,1,train
background_noise_0118,background_noise_0118.wav,C:\Users\Afzal Compters\Desktop\Sonic-sentinal-AI\audio_dataset\originals\background_noise\background_noise_0118.wav,background_noise,3.0,16000,1,,,,1,train
background_noise_0152,background_noise_0152.wav,C:\Users\Afzal Compters\Desktop\Sonic-sentinal-AI\audio_dataset\originals\background_noise\background_noise_0152.wav,background_noise,3.0,16000,1,,,,1,train
gunshot_0075,gunshot_0075.wav,C:\Users\Afzal Compters\Desktop\Sonic-sentinal-AI\audio_dataset\originals\gunshot\gunshot_0075.wav,gunshot,3.0,16000,1,,,,1,train
machinery_fault_0089,machinery_fault_0089.wav,C:\Users\Afzal Compters\Desktop\Sonic-sentinal-AI\audio_dataset\originals\machinery_fault\machinery_fault_0089.wav,machinery_fault,3.0,16000,1,,,,1,train
alarm_siren_0009,alarm_siren_0009.wav,C:\Users\Afzal Compters\Desktop\Sonic-sentinal-AI\audio_dataset\originals\alarm_siren\alarm_siren_0009.wav,alarm_siren,3.0,16000,1,,,,1,train
alarm_siren_0055,alarm_siren_0055.wav,C:\Users\Afzal Compters\Desktop\Sonic-sentinal-AI\audio_dataset\originals\alarm_siren\alarm_siren_0055.wav,alarm_siren,3.0,16000,1,,,,1,train
vehicle_horn_0105,vehicle_horn_0105.wav,C:\Users\Afzal Compters\Desktop\Sonic-sentinal-AI\audio_dataset\originals\vehicle_horn\vehicle_horn_0105.wav,vehicle_horn,3.0,16000,1,,,,1,train
machinery_fault_0058,machinery_fault_0058.wav,C:\Users\Afzal Compters\Desktop\Sonic-sentinal-AI\audio_dataset\originals\machinery_fault\machinery_fault_0058.wav,machinery_fault,3.0,16000,1,,,,1,train
machinery_fault_0293,machinery_fault_0293.wav,C:\Users\Afzal Compters\Desktop\Sonic-sentinal-AI\audio_dataset\originals\machinery_fault\machinery_fault_0293.wav,machinery_fault,3.0,16000,1,,,,1,train
background_noise_0071,background_noise_0071.wav,C:\Users\Afzal Compters\Desktop\Sonic-sentinal-AI\audio_dataset\originals\background_noise\background_noise_0071.wav,background_noise,3.0,16000,1,,,,1,train
alarm_siren_0018,alarm_siren_0018.wav,C:\Users\Afzal Compters\Desktop\Sonic-sentinal-AI\audio_dataset\originals\alarm_siren\alarm_siren_0018.wav,alarm_siren,3.0,16000,1,,,,1,train
alarm_siren_0107,alarm_siren_0107.wav,C:\Users\Afzal Compters\Desktop\Sonic-sentinal-AI\audio_dataset\originals\alarm_siren\alarm_siren_0107.wav,alarm_siren,3.0,16000,1,,,,1,train
panic_scream_0027,panic_scream_0027.wav,C:\Users\Afzal Compters\Desktop\Sonic-sentinal-AI\audio_dataset\originals\panic_scream\panic_scream_0027.wav,panic_scream,3.0,16000,1,,,,1,train
panic_scream_0122,panic_scream_0122.wav,C:\Users\Afzal Compters\Desktop\Sonic-sentinal-AI\audio_dataset\originals\panic_scream\panic_scream_0122.wav,panic_scream,3.0,16000,1,,,,1,train
gunshot_0111,gunshot_0111.wav,C:\Users\Afzal Compters\Desktop\Sonic-sentinal-AI\audio_dataset\originals\gunshot\gunshot_0111.wav,gunshot,3.0,16000,1,,,,1,train
background_noise_0187,background_noise_0187.wav,C:\Users\Afzal Compters\Desktop\Sonic-sentinal-AI\audio_dataset\originals\background_noise\background_noise_0187.wav,background_noise,3.0,16000,1,,,,1,train
vehicle_horn_0129,vehicle_horn_0129.wav,C:\Users\Afzal Compters\Desktop\Sonic-sentinal-AI\audio_dataset\originals\vehicle_horn\vehicle_horn_0129.wav,vehicle_horn,3.0,16000,1,,,,1,train
glass_breaking_0051,glass_breaking_0051.wav,C:\Users\Afzal Compters\Desktop\Sonic-sentinal-AI\audio_dataset\originals\glass_breaking\glass_breaking_0051.wav,glass_breaking,3.0,16000,1,,,,1,train
alarm_siren_0050,alarm_siren_0050.wav,C:\Users\Afzal Compters\Desktop\Sonic-sentinal-AI\audio_dataset\originals\alarm_siren\alarm_siren_0050.wav,alarm_siren,3.0,16000,1,,,,1,train
animal_sound_0186,animal_sound_0186.wav,C:\Users\Afzal Compters\Desktop\Sonic-sentinal-AI\audio_dataset\originals\animal_sound\animal_sound_0186.wav,animal_sound,3.0,16000,1,,,,1,train
glass_breaking_0143,glass_breaking_0143.wav,C:\Users\Afzal Compters\Desktop\Sonic-sentinal-AI\audio_dataset\originals\glass_breaking\glass_breaking_0143.wav,glass_breaking,3.0,16000,1,,,,1,train
machinery_fault_0217,machinery_fault_0217.wav,C:\Users\Afzal Compters\Desktop\Sonic-sentinal-AI\audio_dataset\originals\machinery_fault\machinery_fault_0217.wav,machinery_fault,3.0,16000,1,,,,1,train
glass_breaking_0091,glass_breaking_0091.wav,C:\Users\Afzal Compters\Desktop\Sonic-sentinal-AI\audio_dataset\originals\glass_breaking\glass_breaking_0091.wav,glass_breaking,3.0,16000,1,,,,1,train
gunshot_0045,gunshot_0045.wav,C:\Users\Afzal Compters\Desktop\Sonic-sentinal-AI\audio_dataset\originals\gunshot\gunshot_0045.wav,gunshot,3.0,16000,1,,,,1,train
machinery_fault_0195,machinery_fault_0195.wav,C:\Users\Afzal Compters\Desktop\Sonic-sentinal-AI\audio_dataset\originals\machinery_fault\machinery_fault_0195.wav,machinery_fault,3.0,16000,1,,,,1,train
animal_sound_0138,animal_sound_0138.wav,C:\Users\Afzal Compters\Desktop\Sonic-sentinal-AI\audio_dataset\originals\animal_sound\animal_sound_0138.wav,animal_sound,3.0,16000,1,,,,1,train
alarm_siren_0021,alarm_siren_0021.wav,C:\Users\Afzal Compters\Desktop\Sonic-sentinal-AI\audio_dataset\originals\alarm_siren\alarm_siren_0021.wav,alarm_siren,3.0,16000,1,,,,1,train
gunshot_0030,gunshot_0030.wav,C:\Users\Afzal Compters\Desktop\Sonic-sentinal-AI\audio_dataset\originals\gunshot\gunshot_0030.wav,gunshot,3.0,16000,1,,,,1,train
gunshot_0077,gunshot_0077.wav,C:\Users\Afzal Compters\Desktop\Sonic-sentinal-AI\audio_dataset\originals\gunshot\gunshot_0077.wav,gunshot,3.0,16000,1,,,,1,train
machinery_fault_0130,machinery_fault_0130.wav,C:\Users\Afzal Compters\Desktop\Sonic-sentinal-AI\audio_dataset\originals\machinery_fault\machinery_fault_0130.wav,machinery_fault,3.0,16000,1,,,,1,train
animal_sound_0054,animal_sound_0054.wav,C:\Users\Afzal Compters\Desktop\Sonic-sentinal-AI\audio_dataset\originals\animal_sound\animal_sound_0054.wav,animal_sound,3.0,16000,1,,,,1,train
aggression_0130,aggression_0130.wav,C:\Users\Afzal Compters\Desktop\Sonic-sentinal-AI\audio_dataset\originals\aggression\aggression_0130.wav,aggression,3.0,16000,1,,,,1,train
panic_scream_0254,panic_scream_0254.wav,C:\Users\Afzal Compters\Desktop\Sonic-sentinal-AI\audio_dataset\originals\panic_scream\panic_scream_0254.wav,panic_scream,3.0,16000,1,,,,1,train
background_noise_0013,background_noise_0013.wav,C:\Users\Afzal Compters\Desktop\Sonic-sentinal-AI\audio_dataset\originals\background_noise\background_noise_0013.wav,background_noise,3.0,16000,1,,,,1,train
animal_sound_0088,animal_sound_0088.wav,C:\Users\Afzal Compters\Desktop\Sonic-sentinal-AI\audio_dataset\originals\animal_sound\animal_sound_0088.wav,animal_sound,3.0,16000,1,,,,1,train
gunshot_0053,gunshot_0053.wav,C:\Users\Afzal Compters\Desktop\Sonic-sentinal-AI\audio_dataset\originals\gunshot\gunshot_0053.wav,gunshot,3.0,16000,1,,,,1,train
vehicle_horn_0162,vehicle_horn_0162.wav,C:\Users\Afzal Compters\Desktop\Sonic-sentinal-AI\audio_dataset\originals\vehicle_horn\vehicle_horn_0162.wav,vehicle_horn,3.0,16000,1,,,,1,train
alarm_siren_0025,alarm_siren_0025.wav,C:\Users\Afzal Compters\Desktop\Sonic-sentinal-AI\audio_dataset\originals\alarm_siren\alarm_siren_0025.wav,alarm_siren,3.0,16000,1,,,,1,train
gunshot_0084,gunshot_0084.wav,C:\Users\Afzal Compters\Desktop\Sonic-sentinal-AI\audio_dataset\originals\gunshot\gunshot_0084.wav,gunshot,3.0,16000,1,,,,1,train
animal_sound_0207,animal_sound_0207.wav,C:\Users\Afzal Compters\Desktop\Sonic-sentinal-AI\audio_dataset\originals\animal_sound\animal_sound_0207.wav,animal_sound,3.0,16000,1,,,,1,train
glass_breaking_0115,glass_breaking_0115.wav,C:\Users\Afzal Compters\Desktop\Sonic-sentinal-AI\audio_dataset\originals\glass_breaking\glass_breaking_0115.wav,glass_breaking,3.0,16000,1,,,,1,train
background_noise_0222,background_noise_0222.wav,C:\Users\Afzal Compters\Desktop\Sonic-sentinal-AI\audio_dataset\originals\background_noise\background_noise_0222.wav,background_noise,3.0,16000,1,,,,1,train
panic_scream_0275,panic_scream_0275.wav,C:\Users\Afzal Compters\Desktop\Sonic-sentinal-AI\audio_dataset\originals\panic_scream\panic_scream_0275.wav,panic_scream,3.0,16000,1,,,,1,train
panic_scream_0090,panic_scream_0090.wav,C:\Users\Afzal Compters\Desktop\Sonic-sentinal-AI\audio_dataset\originals\panic_scream\panic_scream_0090.wav,panic_scream,3.0,16000,1,,,,1,train
aggression_0118,aggression_0118.wav,C:\Users\Afzal Compters\Desktop\Sonic-sentinal-AI\audio_dataset\originals\aggression\aggression_0118.wav,aggression,3.0,16000,1,,,,1,train
background_noise_0070,background_noise_0070.wav,C:\Users\Afzal Compters\Desktop\Sonic-sentinal-AI\audio_dataset\originals\background_noise\background_noise_0070.wav,background_noise,3.0,16000,1,,,,1,train
animal_sound_0178,animal_sound_0178.wav,C:\Users\Afzal Compters\Desktop\Sonic-sentinal-AI\audio_dataset\originals\animal_sound\animal_sound_0178.wav,animal_sound,3.0,16000,1,,,,1,train
gunshot_0007,gunshot_0007.wav,C:\Users\Afzal Compters\Desktop\Sonic-sentinal-AI\audio_dataset\originals\gunshot\gunshot_0007.wav,gunshot,3.0,16000,1,,,,1,train
aggression_0274,aggression_0274.wav,C:\Users\Afzal Compters\Desktop\Sonic-sentinal-AI\audio_dataset\originals\aggression\aggression_0274.wav,aggression,3.0,16000,1,,,,1,train
machinery_fault_0263,machinery_fault_0263.wav,C:\Users\Afzal Compters\Desktop\Sonic-sentinal-AI\audio_dataset\originals\machinery_fault\machinery_fault_0263.wav,machinery_fault,3.0,16000,1,,,,1,train
gunshot_0131,gunshot_0131.wav,C:\Users\Afzal Compters\Desktop\Sonic-sentinal-AI\audio_dataset\originals\gunshot\gunshot_0131.wav,gunshot,3.0,16000,1,,,,1,train
aggression_0101,aggression_0101.wav,C:\Users\Afzal Compters\Desktop\Sonic-sentinal-AI\audio_dataset\originals\aggression\aggression_0101.wav,aggression,3.0,16000,1,,,,1,train
panic_scream_0262,panic_scream_0262.wav,C:\Users\Afzal Compters\Desktop\Sonic-sentinal-AI\audio_dataset\originals\panic_scream\panic_scream_0262.wav,panic_scream,3.0,16000,1,,,,1,train
background_noise_0189,background_noise_0189.wav,C:\Users\Afzal Compters\Desktop\Sonic-sentinal-AI\audio_dataset\originals\background_noise\background_noise_0189.wav,background_noise,3.0,16000,1,,,,1,train
machinery_fault_0072,machinery_fault_0072.wav,C:\Users\Afzal Compters\Desktop\Sonic-sentinal-AI\audio_dataset\originals\machinery_fault\machinery_fault_0072.wav,machinery_fault,3.0,16000,1,,,,1,train
machinery_fault_0229,machinery_fault_0229.wav,C:\Users\Afzal Compters\Desktop\Sonic-sentinal-AI\audio_dataset\originals\machinery_fault\machinery_fault_0229.wav,machinery_fault,3.0,16000,1,,,,1,train
alarm_siren_0163,alarm_siren_0163.wav,C:\Users\Afzal Compters\Desktop\Sonic-sentinal-AI\audio_dataset\originals\alarm_siren\alarm_siren_0163.wav,alarm_siren,3.0,16000,1,,,,1,train
alarm_siren_0244,alarm_siren_0244.wav,C:\Users\Afzal Compters\Desktop\Sonic-sentinal-AI\audio_dataset\originals\alarm_siren\alarm_siren_0244.wav,alarm_siren,3.0,16000,1,,,,1,train
aggression_0277,aggression_0277.wav,C:\Users\Afzal Compters\Desktop\Sonic-sentinal-AI\audio_dataset\originals\aggression\aggression_0277.wav,aggression,3.0,16000,1,,,,1,train
glass_breaking_0064,glass_breaking_0064.wav,C:\Users\Afzal Compters\Desktop\Sonic-sentinal-AI\audio_dataset\originals\glass_breaking\glass_breaking_0064.wav,glass_breaking,3.0,16000,1,,,,1,train
background_noise_0117,background_noise_0117.wav,C:\Users\Afzal Compters\Desktop\Sonic-sentinal-AI\audio_dataset\originals\background_noise\background_noise_0117.wav,background_noise,3.0,16000,1,,,,1,train
animal_sound_0250,animal_sound_0250.wav,C:\Users\Afzal Compters\Desktop\Sonic-sentinal-AI\audio_dataset\originals\animal_sound\animal_sound_0250.wav,animal_sound,3.0,16000,1,,,,1,train
background_noise_0123,background_noise_0123.wav,C:\Users\Afzal Compters\Desktop\Sonic-sentinal-AI\audio_dataset\originals\background_noise\background_noise_0123.wav,background_noise,3.0,16000,1,,,,1,train
background_noise_0287,background_noise_0287.wav,C:\Users\Afzal Compters\Desktop\Sonic-sentinal-AI\audio_dataset\originals\background_noise\background_noise_0287.wav,background_noise,3.0,16000,1,,,,1,train
vehicle_horn_0292,vehicle_horn_0292.wav,C:\Users\Afzal Compters\Desktop\Sonic-sentinal-AI\audio_dataset\originals\vehicle_horn\vehicle_horn_0292.wav,vehicle_horn,3.0,16000,1,,,,1,train
panic_scream_0272,panic_scream_0272.wav,C:\Users\Afzal Compters\Desktop\Sonic-sentinal-AI\audio_dataset\originals\panic_scream\panic_scream_0272.wav,panic_scream,3.0,16000,1,,,,1,train
gunshot_0288,gunshot_0288.wav,C:\Users\Afzal Compters\Desktop\Sonic-sentinal-AI\audio_dataset\originals\gunshot\gunshot_0288.wav,gunshot,3.0,16000,1,,,,1,train
alarm_siren_0173,alarm_siren_0173.wav,C:\Users\Afzal Compters\Desktop\Sonic-sentinal-AI\audio_dataset\originals\alarm_siren\alarm_siren_0173.wav,alarm_siren,3.0,16000,1,,,,1,train
alarm_siren_0259,alarm_siren_0259.wav,C:\Users\Afzal Compters\Desktop\Sonic-sentinal-AI\audio_dataset\originals\alarm_siren\alarm_siren_0259.wav,alarm_siren,3.0,16000,1,,,,1,train
panic_scream_0205,panic_scream_0205.wav,C:\Users\Afzal Compters\Desktop\Sonic-sentinal-AI\audio_dataset\originals\panic_scream\panic_scream_0205.wav,panic_scream,3.0,16000,1,,,,1,train
panic_scream_0179,panic_scream_0179.wav,C:\Users\Afzal Compters\Desktop\Sonic-sentinal-AI\audio_dataset\originals\panic_scream\panic_scream_0179.wav,panic_scream,3.0,16000,1,,,,1,train
aggression_0099,aggression_0099.wav,C:\Users\Afzal Compters\Desktop\Sonic-sentinal-AI\audio_dataset\originals\aggression\aggression_0099.wav,aggression,3.0,16000,1,,,,1,train
gunshot_0212,gunshot_0212.wav,C:\Users\Afzal Compters\Desktop\Sonic-sentinal-AI\audio_dataset\originals\gunshot\gunshot_0212.wav,gunshot,3.0,16000,1,,,,1,train
alarm_siren_0194,alarm_siren_0194.wav,C:\Users\Afzal Compters\Desktop\Sonic-sentinal-AI\audio_dataset\originals\alarm_siren\alarm_siren_0194.wav,alarm_siren,3.0,16000,1,,,,1,train
animal_sound_0145,animal_sound_0145.wav,C:\Users\Afzal Compters\Desktop\Sonic-sentinal-AI\audio_dataset\originals\animal_sound\animal_sound_0145.wav,animal_sound,3.0,16000,1,,,,1,train
animal_sound_0215,animal_sound_0215.wav,C:\Users\Afzal Compters\Desktop\Sonic-sentinal-AI\audio_dataset\originals\animal_sound\animal_sound_0215.wav,animal_sound,3.0,16000,1,,,,1,train
animal_sound_0099,animal_sound_0099.wav,C:\Users\Afzal Compters\Desktop\Sonic-sentinal-AI\audio_dataset\originals\animal_sound\animal_sound_0099.wav,animal_sound,3.0,16000,1,,,,1,train
glass_breaking_0129,glass_breaking_0129.wav,C:\Users\Afzal Compters\Desktop\Sonic-sentinal-AI\audio_dataset\originals\glass_breaking\glass_breaking_0129.wav,glass_breaking,3.0,16000,1,,,,1,train
aggression_0012,aggression_0012.wav,C:\Users\Afzal Compters\Desktop\Sonic-sentinal-AI\audio_dataset\originals\aggression\aggression_0012.wav,aggression,3.0,16000,1,,,,1,train
gunshot_0203,gunshot_0203.wav,C:\Users\Afzal Compters\Desktop\Sonic-sentinal-AI\audio_dataset\originals\gunshot\gunshot_0203.wav,gunshot,3.0,16000,1,,,,1,train
panic_scream_0197,panic_scream_0197.wav,C:\Users\Afzal Compters\Desktop\Sonic-sentinal-AI\audio_dataset\originals\panic_scream\panic_scream_0197.wav,panic_scream,3.0,16000,1,,,,1,train
vehicle_horn_0281,vehicle_horn_0281.wav,C:\Users\Afzal Compters\Desktop\Sonic-sentinal-AI\audio_dataset\originals\vehicle_horn\vehicle_horn_0281.wav,vehicle_horn,3.0,16000,1,,,,1,train
background_noise_0094,background_noise_0094.wav,C:\Users\Afzal Compters\Desktop\Sonic-sentinal-AI\audio_dataset\originals\background_noise\background_noise_0094.wav,background_noise,3.0,16000,1,,,,1,train
vehicle_horn_0206,vehicle_horn_0206.wav,C:\Users\Afzal Compters\Desktop\Sonic-sentinal-AI\audio_dataset\originals\vehicle_horn\vehicle_horn_0206.wav,vehicle_horn,3.0,16000,1,,,,1,train
glass_breaking_0092,glass_breaking_0092.wav,C:\Users\Afzal Compters\Desktop\Sonic-sentinal-AI\audio_dataset\originals\glass_breaking\glass_breaking_0092.wav,glass_breaking,3.0,16000,1,,,,1,train
animal_sound_0177,animal_sound_0177.wav,C:\Users\Afzal Compters\Desktop\Sonic-sentinal-AI\audio_dataset\originals\animal_sound\animal_sound_0177.wav,animal_sound,3.0,16000,1,,,,1,train
panic_scream_0219,panic_scream_0219.wav,C:\Users\Afzal Compters\Desktop\Sonic-sentinal-AI\audio_dataset\originals\panic_scream\panic_scream_0219.wav,panic_scream,3.0,16000,1,,,,1,train
animal_sound_0243,animal_sound_0243.wav,C:\Users\Afzal Compters\Desktop\Sonic-sentinal-AI\audio_dataset\originals\animal_sound\animal_sound_0243.wav,animal_sound,3.0,16000,1,,,,1,train
gunshot_0040,gunshot_0040.wav,C:\Users\Afzal Compters\Desktop\Sonic-sentinal-AI\audio_dataset\originals\gunshot\gunshot_0040.wav,gunshot,3.0,16000,1,,,,1,train
panic_scream_0187,panic_scream_0187.wav,C:\Users\Afzal Compters\Desktop\Sonic-sentinal-AI\audio_dataset\originals\panic_scream\panic_scream_0187.wav,panic_scream,3.0,16000,1,,,,1,train
vehicle_horn_0252,vehicle_horn_0252.wav,C:\Users\Afzal Compters\Desktop\Sonic-sentinal-AI\audio_dataset\originals\vehicle_horn\vehicle_horn_0252.wav,vehicle_horn,3.0,16000,1,,,,1,train
alarm_siren_0008,alarm_siren_0008.wav,C:\Users\Afzal Compters\Desktop\Sonic-sentinal-AI\audio_dataset\originals\alarm_siren\alarm_siren_0008.wav,alarm_siren,3.0,16000,1,,,,1,train
glass_breaking_0299,glass_breaking_0299.wav,C:\Users\Afzal Compters\Desktop\Sonic-sentinal-AI\audio_dataset\originals\glass_breaking\glass_breaking_0299.wav,glass_breaking,3.0,16000,1,,,,1,train
panic_scream_0250,panic_scream_0250.wav,C:\Users\Afzal Compters\Desktop\Sonic-sentinal-AI\audio_dataset\originals\panic_scream\panic_scream_0250.wav,panic_scream,3.0,16000,1,,,,1,train
glass_breaking_0073,glass_breaking_0073.wav,C:\Users\Afzal Compters\Desktop\Sonic-sentinal-AI\audio_dataset\originals\glass_breaking\glass_breaking_0073.wav,glass_breaking,3.0,16000,1,,,,1,train
animal_sound_0073,animal_sound_0073.wav,C:\Users\Afzal Compters\Desktop\Sonic-sentinal-AI\audio_dataset\originals\animal_sound\animal_sound_0073.wav,animal_sound,3.0,16000,1,,,,1,train
aggression_0281,aggression_0281.wav,C:\Users\Afzal Compters\Desktop\Sonic-sentinal-AI\audio_dataset\originals\aggression\aggression_0281.wav,aggression,3.0,16000,1,,,,1,train
gunshot_0096,gunshot_0096.wav,C:\Users\Afzal Compters\Desktop\Sonic-sentinal-AI\audio_dataset\originals\gunshot\gunshot_0096.wav,gunshot,3.0,16000,1,,,,1,train
machinery_fault_0184,machinery_fault_0184.wav,C:\Users\Afzal Compters\Desktop\Sonic-sentinal-AI\audio_dataset\originals\machinery_fault\machinery_fault_0184.wav,machinery_fault,3.0,16000,1,,,,1,train
aggression_0010,aggression_0010.wav,C:\Users\Afzal Compters\Desktop\Sonic-sentinal-AI\audio_dataset\originals\aggression\aggression_0010.wav,aggression,3.0,16000,1,,,,1,train
alarm_siren_0144,alarm_siren_0144.wav,C:\Users\Afzal Compters\Desktop\Sonic-sentinal-AI\audio_dataset\originals\alarm_siren\alarm_siren_0144.wav,alarm_siren,3.0,16000,1,,,,1,train
panic_scream_0232,panic_scream_0232.wav,C:\Users\Afzal Compters\Desktop\Sonic-sentinal-AI\audio_dataset\originals\panic_scream\panic_scream_0232.wav,panic_scream,3.0,16000,1,,,,1,train
glass_breaking_0063,glass_breaking_0063.wav,C:\Users\Afzal Compters\Desktop\Sonic-sentinal-AI\audio_dataset\originals\glass_breaking\glass_breaking_0063.wav,glass_breaking,3.0,16000,1,,,,1,train
panic_scream_0056,panic_scream_0056.wav,C:\Users\Afzal Compters\Desktop\Sonic-sentinal-AI\audio_dataset\originals\panic_scream\panic_scream_0056.wav,panic_scream,3.0,16000,1,,,,1,train
animal_sound_0233,animal_sound_0233.wav,C:\Users\Afzal Compters\Desktop\Sonic-sentinal-AI\audio_dataset\originals\animal_sound\animal_sound_0233.wav,animal_sound,3.0,16000,1,,,,1,train
vehicle_horn_0011,vehicle_horn_0011.wav,C:\Users\Afzal Compters\Desktop\Sonic-sentinal-AI\audio_dataset\originals\vehicle_horn\vehicle_horn_0011.wav,vehicle_horn,3.0,16000,1,,,,1,train
glass_breaking_0240,glass_breaking_0240.wav,C:\Users\Afzal Compters\Desktop\Sonic-sentinal-AI\audio_dataset\originals\glass_breaking\glass_breaking_0240.wav,glass_breaking,3.0,16000,1,,,,1,train
animal_sound_0284,animal_sound_0284.wav,C:\Users\Afzal Compters\Desktop\Sonic-sentinal-AI\audio_dataset\originals\animal_sound\animal_sound_0284.wav,animal_sound,3.0,16000,1,,,,1,train
animal_sound_0146,animal_sound_0146.wav,C:\Users\Afzal Compters\Desktop\Sonic-sentinal-AI\audio_dataset\originals\animal_sound\animal_sound_0146.wav,animal_sound,3.0,16000,1,,,,1,train
machinery_fault_0275,machinery_fault_0275.wav,C:\Users\Afzal Compters\Desktop\Sonic-sentinal-AI\audio_dataset\originals\machinery_fault\machinery_fault_0275.wav,machinery_fault,3.0,16000,1,,,,1,train
aggression_0264,aggression_0264.wav,C:\Users\Afzal Compters\Desktop\Sonic-sentinal-AI\audio_dataset\originals\aggression\aggression_0264.wav,aggression,3.0,16000,1,,,,1,train
glass_breaking_0258,glass_breaking_0258.wav,C:\Users\Afzal Compters\Desktop\Sonic-sentinal-AI\audio_dataset\originals\glass_breaking\glass_breaking_0258.wav,glass_breaking,3.0,16000,1,,,,1,train
vehicle_horn_0165,vehicle_horn_0165.wav,C:\Users\Afzal Compters\Desktop\Sonic-sentinal-AI\audio_dataset\originals\vehicle_horn\vehicle_horn_0165.wav,vehicle_horn,3.0,16000,1,,,,1,train
vehicle_horn_0102,vehicle_horn_0102.wav,C:\Users\Afzal Compters\Desktop\Sonic-sentinal-AI\audio_dataset\originals\vehicle_horn\vehicle_horn_0102.wav,vehicle_horn,3.0,16000,1,,,,1,train
gunshot_0165,gunshot_0165.wav,C:\Users\Afzal Compters\Desktop\Sonic-sentinal-AI\audio_dataset\originals\gunshot\gunshot_0165.wav,gunshot,3.0,16000,1,,,,1,train
panic_scream_0119,panic_scream_0119.wav,C:\Users\Afzal Compters\Desktop\Sonic-sentinal-AI\audio_dataset\originals\panic_scream\panic_scream_0119.wav,panic_scream,3.0,16000,1,,,,1,train
panic_scream_0247,panic_scream_0247.wav,C:\Users\Afzal Compters\Desktop\Sonic-sentinal-AI\audio_dataset\originals\panic_scream\panic_scream_0247.wav,panic_scream,3.0,16000,1,,,,1,train
gunshot_0118,gunshot_0118.wav,C:\Users\Afzal Compters\Desktop\Sonic-sentinal-AI\audio_dataset\originals\gunshot\gunshot_0118.wav,gunshot,3.0,16000,1,,,,1,train
animal_sound_0151,animal_sound_0151.wav,C:\Users\Afzal Compters\Desktop\Sonic-sentinal-AI\audio_dataset\originals\animal_sound\animal_sound_0151.wav,animal_sound,3.0,16000,1,,,,1,train
background_noise_0277,background_noise_0277.wav,C:\Users\Afzal Compters\Desktop\Sonic-sentinal-AI\audio_dataset\originals\background_noise\background_noise_0277.wav,background_noise,3.0,16000,1,,,,1,train
background_noise_0219,background_noise_0219.wav,C:\Users\Afzal Compters\Desktop\Sonic-sentinal-AI\audio_dataset\originals\background_noise\background_noise_0219.wav,background_noise,3.0,16000,1,,,,1,train
background_noise_0246,background_noise_0246.wav,C:\Users\Afzal Compters\Desktop\Sonic-sentinal-AI\audio_dataset\originals\background_noise\background_noise_0246.wav,background_noise,3.0,16000,1,,,,1,train
machinery_fault_0246,machinery_fault_0246.wav,C:\Users\Afzal Compters\Desktop\Sonic-sentinal-AI\audio_dataset\originals\machinery_fault\machinery_fault_0246.wav,machinery_fault,3.0,16000,1,,,,1,train
background_noise_0160,background_noise_0160.wav,C:\Users\Afzal Compters\Desktop\Sonic-sentinal-AI\audio_dataset\originals\background_noise\background_noise_0160.wav,background_noise,3.0,16000,1,,,,1,train
machinery_fault_0123,machinery_fault_0123.wav,C:\Users\Afzal Compters\Desktop\Sonic-sentinal-AI\audio_dataset\originals\machinery_fault\machinery_fault_0123.wav,machinery_fault,3.0,16000,1,,,,1,train
gunshot_0144,gunshot_0144.wav,C:\Users\Afzal Compters\Desktop\Sonic-sentinal-AI\audio_dataset\originals\gunshot\gunshot_0144.wav,gunshot,3.0,16000,1,,,,1,train
animal_sound_0272,animal_sound_0272.wav,C:\Users\Afzal Compters\Desktop\Sonic-sentinal-AI\audio_dataset\originals\animal_sound\animal_sound_0272.wav,animal_sound,3.0,16000,1,,,,1,train
glass_breaking_0057,glass_breaking_0057.wav,C:\Users\Afzal Compters\Desktop\Sonic-sentinal-AI\audio_dataset\originals\glass_breaking\glass_breaking_0057.wav,glass_breaking,3.0,16000,1,,,,1,train
background_noise_0148,background_noise_0148.wav,C:\Users\Afzal Compters\Desktop\Sonic-sentinal-AI\audio_dataset\originals\background_noise\background_noise_0148.wav,background_noise,3.0,16000,1,,,,1,train
machinery_fault_0216,machinery_fault_0216.wav,C:\Users\Afzal Compters\Desktop\Sonic-sentinal-AI\audio_dataset\originals\machinery_fault\machinery_fault_0216.wav,machinery_fault,3.0,16000,1,,,,1,train
background_noise_0225,background_noise_0225.wav,C:\Users\Afzal Compters\Desktop\Sonic-sentinal-AI\audio_dataset\originals\background_noise\background_noise_0225.wav,background_noise,3.0,16000,1,,,,1,train
aggression_0284,aggression_0284.wav,C:\Users\Afzal Compters\Desktop\Sonic-sentinal-AI\audio_dataset\originals\aggression\aggression_0284.wav,aggression,3.0,16000,1,,,,1,train
animal_sound_0148,animal_sound_0148.wav,C:\Users\Afzal Compters\Desktop\Sonic-sentinal-AI\audio_dataset\originals\animal_sound\animal_sound_0148.wav,animal_sound,3.0,16000,1,,,,1,train
vehicle_horn_0270,vehicle_horn_0270.wav,C:\Users\Afzal Compters\Desktop\Sonic-sentinal-AI\audio_dataset\originals\vehicle_horn\vehicle_horn_0270.wav,vehicle_horn,3.0,16000,1,,,,1,train
gunshot_0160,gunshot_0160.wav,C:\Users\Afzal Compters\Desktop\Sonic-sentinal-AI\audio_dataset\originals\gunshot\gunshot_0160.wav,gunshot,3.0,16000,1,,,,1,train
background_noise_0053,background_noise_0053.wav,C:\Users\Afzal Compters\Desktop\Sonic-sentinal-AI\audio_dataset\originals\background_noise\background_noise_0053.wav,background_noise,3.0,16000,1,,,,1,train
animal_sound_0180,animal_sound_0180.wav,C:\Users\Afzal Compters\Desktop\Sonic-sentinal-AI\audio_dataset\originals\animal_sound\animal_sound_0180.wav,animal_sound,3.0,16000,1,,,,1,train
background_noise_0237,background_noise_0237.wav,C:\Users\Afzal Compters\Desktop\Sonic-sentinal-AI\audio_dataset\originals\background_noise\background_noise_0237.wav,background_noise,3.0,16000,1,,,,1,train
aggression_0030,aggression_0030.wav,C:\Users\Afzal Compters\Desktop\Sonic-sentinal-AI\audio_dataset\originals\aggression\aggression_0030.wav,aggression,3.0,16000,1,,,,1,train
animal_sound_0093,animal_sound_0093.wav,C:\Users\Afzal Compters\Desktop\Sonic-sentinal-AI\audio_dataset\originals\animal_sound\animal_sound_0093.wav,animal_sound,3.0,16000,1,,,,1,train
background_noise_0140,background_noise_0140.wav,C:\Users\Afzal Compters\Desktop\Sonic-sentinal-AI\audio_dataset\originals\background_noise\background_noise_0140.wav,background_noise,3.0,16000,1,,,,1,train
gunshot_0076,gunshot_0076.wav,C:\Users\Afzal Compters\Desktop\Sonic-sentinal-AI\audio_dataset\originals\gunshot\gunshot_0076.wav,gunshot,3.0,16000,1,,,,1,train
animal_sound_0029,animal_sound_0029.wav,C:\Users\Afzal Compters\Desktop\Sonic-sentinal-AI\audio_dataset\originals\animal_sound\animal_sound_0029.wav,animal_sound,3.0,16000,1,,,,1,train
vehicle_horn_0080,vehicle_horn_0080.wav,C:\Users\Afzal Compters\Desktop\Sonic-sentinal-AI\audio_dataset\originals\vehicle_horn\vehicle_horn_0080.wav,vehicle_horn,3.0,16000,1,,,,1,train
animal_sound_0004,animal_sound_0004.wav,C:\Users\Afzal Compters\Desktop\Sonic-sentinal-AI\audio_dataset\originals\animal_sound\animal_sound_0004.wav,animal_sound,3.0,16000,1,,,,1,train
panic_scream_0145,panic_scream_0145.wav,C:\Users\Afzal Compters\Desktop\Sonic-sentinal-AI\audio_dataset\originals\panic_scream\panic_scream_0145.wav,panic_scream,3.0,16000,1,,,,1,train
animal_sound_0084,animal_sound_0084.wav,C:\Users\Afzal Compters\Desktop\Sonic-sentinal-AI\audio_dataset\originals\animal_sound\animal_sound_0084.wav,animal_sound,3.0,16000,1,,,,1,train
gunshot_0208,gunshot_0208.wav,C:\Users\Afzal Compters\Desktop\Sonic-sentinal-AI\audio_dataset\originals\gunshot\gunshot_0208.wav,gunshot,3.0,16000,1,,,,1,train
vehicle_horn_0019,vehicle_horn_0019.wav,C:\Users\Afzal Compters\Desktop\Sonic-sentinal-AI\audio_dataset\originals\vehicle_horn\vehicle_horn_0019.wav,vehicle_horn,3.0,16000,1,,,,1,train
panic_scream_0094,panic_scream_0094.wav,C:\Users\Afzal Compters\Desktop\Sonic-sentinal-AI\audio_dataset\originals\panic_scream\panic_scream_0094.wav,panic_scream,3.0,16000,1,,,,1,train
glass_breaking_0168,glass_breaking_0168.wav,C:\Users\Afzal Compters\Desktop\Sonic-sentinal-AI\audio_dataset\originals\glass_breaking\glass_breaking_0168.wav,glass_breaking,3.0,16000,1,,,,1,train
glass_breaking_0256,glass_breaking_0256.wav,C:\Users\Afzal Compters\Desktop\Sonic-sentinal-AI\audio_dataset\originals\glass_breaking\glass_breaking_0256.wav,glass_breaking,3.0,16000,1,,,,1,train
glass_breaking_0154,glass_breaking_0154.wav,C:\Users\Afzal Compters\Desktop\Sonic-sentinal-AI\audio_dataset\originals\glass_breaking\glass_breaking_0154.wav,glass_breaking,3.0,16000,1,,,,1,train
background_noise_0055,background_noise_0055.wav,C:\Users\Afzal Compters\Desktop\Sonic-sentinal-AI\audio_dataset\originals\background_noise\background_noise_0055.wav,background_noise,3.0,16000,1,,,,1,train
panic_scream_0253,panic_scream_0253.wav,C:\Users\Afzal Compters\Desktop\Sonic-sentinal-AI\audio_dataset\originals\panic_scream\panic_scream_0253.wav,panic_scream,3.0,16000,1,,,,1,train
background_noise_0109,background_noise_0109.wav,C:\Users\Afzal Compters\Desktop\Sonic-sentinal-AI\audio_dataset\originals\background_noise\background_noise_0109.wav,background_noise,3.0,16000,1,,,,1,train
gunshot_0020,gunshot_0020.wav,C:\Users\Afzal Compters\Desktop\Sonic-sentinal-AI\audio_dataset\originals\gunshot\gunshot_0020.wav,gunshot,3.0,16000,1,,,,1,train
gunshot_0066,gunshot_0066.wav,C:\Users\Afzal Compters\Desktop\Sonic-sentinal-AI\audio_dataset\originals\gunshot\gunshot_0066.wav,gunshot,3.0,16000,1,,,,1,train
background_noise_0257,background_noise_0257.wav,C:\Users\Afzal Compters\Desktop\Sonic-sentinal-AI\audio_dataset\originals\background_noise\background_noise_0257.wav,background_noise,3.0,16000,1,,,,1,train
panic_scream_0258,panic_scream_0258.wav,C:\Users\Afzal Compters\Desktop\Sonic-sentinal-AI\audio_dataset\originals\panic_scream\panic_scream_0258.wav,panic_scream,3.0,16000,1,,,,1,train
aggression_0283,aggression_0283.wav,C:\Users\Afzal Compters\Desktop\Sonic-sentinal-AI\audio_dataset\originals\aggression\aggression_0283.wav,aggression,3.0,16000,1,,,,1,train
gunshot_0209,gunshot_0209.wav,C:\Users\Afzal Compters\Desktop\Sonic-sentinal-AI\audio_dataset\originals\gunshot\gunshot_0209.wav,gunshot,3.0,16000,1,,,,1,train
alarm_siren_0091,alarm_siren_0091.wav,C:\Users\Afzal Compters\Desktop\Sonic-sentinal-AI\audio_dataset\originals\alarm_siren\alarm_siren_0091.wav,alarm_siren,3.0,16000,1,,,,1,train
animal_sound_0046,animal_sound_0046.wav,C:\Users\Afzal Compters\Desktop\Sonic-sentinal-AI\audio_dataset\originals\animal_sound\animal_sound_0046.wav,animal_sound,3.0,16000,1,,,,1,train
aggression_0040,aggression_0040.wav,C:\Users\Afzal Compters\Desktop\Sonic-sentinal-AI\audio_dataset\originals\aggression\aggression_0040.wav,aggression,3.0,16000,1,,,,1,train
aggression_0254,aggression_0254.wav,C:\Users\Afzal Compters\Desktop\Sonic-sentinal-AI\audio_dataset\originals\aggression\aggression_0254.wav,aggression,3.0,16000,1,,,,1,train
machinery_fault_0127,machinery_fault_0127.wav,C:\Users\Afzal Compters\Desktop\Sonic-sentinal-AI\audio_dataset\originals\machinery_fault\machinery_fault_0127.wav,machinery_fault,3.0,16000,1,,,,1,train
glass_breaking_0050,glass_breaking_0050.wav,C:\Users\Afzal Compters\Desktop\Sonic-sentinal-AI\audio_dataset\originals\glass_breaking\glass_breaking_0050.wav,glass_breaking,3.0,16000,1,,,,1,train
panic_scream_0048,panic_scream_0048.wav,C:\Users\Afzal Compters\Desktop\Sonic-sentinal-AI\audio_dataset\originals\panic_scream\panic_scream_0048.wav,panic_scream,3.0,16000,1,,,,1,train
aggression_0032,aggression_0032.wav,C:\Users\Afzal Compters\Desktop\Sonic-sentinal-AI\audio_dataset\originals\aggression\aggression_0032.wav,aggression,3.0,16000,1,,,,1,train
alarm_siren_0068,alarm_siren_0068.wav,C:\Users\Afzal Compters\Desktop\Sonic-sentinal-AI\audio_dataset\originals\alarm_siren\alarm_siren_0068.wav,alarm_siren,3.0,16000,1,,,,1,train
alarm_siren_0280,alarm_siren_0280.wav,C:\Users\Afzal Compters\Desktop\Sonic-sentinal-AI\audio_dataset\originals\alarm_siren\alarm_siren_0280.wav,alarm_siren,3.0,16000,1,,,,1,train
alarm_siren_0298,alarm_siren_0298.wav,C:\Users\Afzal Compters\Desktop\Sonic-sentinal-AI\audio_dataset\originals\alarm_siren\alarm_siren_0298.wav,alarm_siren,3.0,16000,1,,,,1,train
glass_breaking_0116,glass_breaking_0116.wav,C:\Users\Afzal Compters\Desktop\Sonic-sentinal-AI\audio_dataset\originals\glass_breaking\glass_breaking_0116.wav,glass_breaking,3.0,16000,1,,,,1,train
aggression_0154,aggression_0154.wav,C:\Users\Afzal Compters\Desktop\Sonic-sentinal-AI\audio_dataset\originals\aggression\aggression_0154.wav,aggression,3.0,16000,1,,,,1,train
alarm_siren_0066,alarm_siren_0066.wav,C:\Users\Afzal Compters\Desktop\Sonic-sentinal-AI\audio_dataset\originals\alarm_siren\alarm_siren_0066.wav,alarm_siren,3.0,16000,1,,,,1,train
aggression_0090,aggression_0090.wav,C:\Users\Afzal Compters\Desktop\Sonic-sentinal-AI\audio_dataset\originals\aggression\aggression_0090.wav,aggression,3.0,16000,1,,,,1,train
animal_sound_0117,animal_sound_0117.wav,C:\Users\Afzal Compters\Desktop\Sonic-sentinal-AI\audio_dataset\originals\animal_sound\animal_sound_0117.wav,animal_sound,3.0,16000,1,,,,1,train
alarm_siren_0056,alarm_siren_0056.wav,C:\Users\Afzal Compters\Desktop\Sonic-sentinal-AI\audio_dataset\originals\alarm_siren\alarm_siren_0056.wav,alarm_siren,3.0,16000,1,,,,1,train
gunshot_0140,gunshot_0140.wav,C:\Users\Afzal Compters\Desktop\Sonic-sentinal-AI\audio_dataset\originals\gunshot\gunshot_0140.wav,gunshot,3.0,16000,1,,,,1,train
vehicle_horn_0291,vehicle_horn_0291.wav,C:\Users\Afzal Compters\Desktop\Sonic-sentinal-AI\audio_dataset\originals\vehicle_horn\vehicle_horn_0291.wav,vehicle_horn,3.0,16000,1,,,,1,train
gunshot_0005,gunshot_0005.wav,C:\Users\Afzal Compters\Desktop\Sonic-sentinal-AI\audio_dataset\originals\gunshot\gunshot_0005.wav,gunshot,3.0,16000,1,,,,1,train
vehicle_horn_0054,vehicle_horn_0054.wav,C:\Users\Afzal Compters\Desktop\Sonic-sentinal-AI\audio_dataset\originals\vehicle_horn\vehicle_horn_0054.wav,vehicle_horn,3.0,16000,1,,,,1,train
gunshot_0227,gunshot_0227.wav,C:\Users\Afzal Compters\Desktop\Sonic-sentinal-AI\audio_dataset\originals\gunshot\gunshot_0227.wav,gunshot,3.0,16000,1,,,,1,train
aggression_0037,aggression_0037.wav,C:\Users\Afzal Compters\Desktop\Sonic-sentinal-AI\audio_dataset\originals\aggression\aggression_0037.wav,aggression,3.0,16000,1,,,,1,train
alarm_siren_0120,alarm_siren_0120.wav,C:\Users\Afzal Compters\Desktop\Sonic-sentinal-AI\audio_dataset\originals\alarm_siren\alarm_siren_0120.wav,alarm_siren,3.0,16000,1,,,,1,train
gunshot_0019,gunshot_0019.wav,C:\Users\Afzal Compters\Desktop\Sonic-sentinal-AI\audio_dataset\originals\gunshot\gunshot_0019.wav,gunshot,3.0,16000,1,,,,1,train
animal_sound_0227,animal_sound_0227.wav,C:\Users\Afzal Compters\Desktop\Sonic-sentinal-AI\audio_dataset\originals\animal_sound\animal_sound_0227.wav,animal_sound,3.0,16000,1,,,,1,train
machinery_fault_0102,machinery_fault_0102.wav,C:\Users\Afzal Compters\Desktop\Sonic-sentinal-AI\audio_dataset\originals\machinery_fault\machinery_fault_0102.wav,machinery_fault,3.0,16000,1,,,,1,train
vehicle_horn_0285,vehicle_horn_0285.wav,C:\Users\Afzal Compters\Desktop\Sonic-sentinal-AI\audio_dataset\originals\vehicle_horn\vehicle_horn_0285.wav,vehicle_horn,3.0,16000,1,,,,1,train
alarm_siren_0272,alarm_siren_0272.wav,C:\Users\Afzal Compters\Desktop\Sonic-sentinal-AI\audio_dataset\originals\alarm_siren\alarm_siren_0272.wav,alarm_siren,3.0,16000,1,,,,1,train
vehicle_horn_0210,vehicle_horn_0210.wav,C:\Users\Afzal Compters\Desktop\Sonic-sentinal-AI\audio_dataset\originals\vehicle_horn\vehicle_horn_0210.wav,vehicle_horn,3.0,16000,1,,,,1,train
glass_breaking_0237,glass_breaking_0237.wav,C:\Users\Afzal Compters\Desktop\Sonic-sentinal-AI\audio_dataset\originals\glass_breaking\glass_breaking_0237.wav,glass_breaking,3.0,16000,1,,,,1,train
background_noise_0010,background_noise_0010.wav,C:\Users\Afzal Compters\Desktop\Sonic-sentinal-AI\audio_dataset\originals\background_noise\background_noise_0010.wav,background_noise,3.0,16000,1,,,,1,train
vehicle_horn_0023,vehicle_horn_0023.wav,C:\Users\Afzal Compters\Desktop\Sonic-sentinal-AI\audio_dataset\originals\vehicle_horn\vehicle_horn_0023.wav,vehicle_horn,3.0,16000,1,,,,1,train
machinery_fault_0290,machinery_fault_0290.wav,C:\Users\Afzal Compters\Desktop\Sonic-sentinal-AI\audio_dataset\originals\machinery_fault\machinery_fault_0290.wav,machinery_fault,3.0,16000,1,,,,1,train
animal_sound_0112,animal_sound_0112.wav,C:\Users\Afzal Compters\Desktop\Sonic-sentinal-AI\audio_dataset\originals\animal_sound\animal_sound_0112.wav,animal_sound,3.0,16000,1,,,,1,train
glass_breaking_0146,glass_breaking_0146.wav,C:\Users\Afzal Compters\Desktop\Sonic-sentinal-AI\audio_dataset\originals\glass_breaking\glass_breaking_0146.wav,glass_breaking,3.0,16000,1,,,,1,train
alarm_siren_0019,alarm_siren_0019.wav,C:\Users\Afzal Compters\Desktop\Sonic-sentinal-AI\audio_dataset\originals\alarm_siren\alarm_siren_0019.wav,alarm_siren,3.0,16000,1,,,,1,train
machinery_fault_0001,machinery_fault_0001.wav,C:\Users\Afzal Compters\Desktop\Sonic-sentinal-AI\audio_dataset\originals\machinery_fault\machinery_fault_0001.wav,machinery_fault,3.0,16000,1,,,,1,train
background_noise_0258,background_noise_0258.wav,C:\Users\Afzal Compters\Desktop\Sonic-sentinal-AI\audio_dataset\originals\background_noise\background_noise_0258.wav,background_noise,3.0,16000,1,,,,1,train
animal_sound_0226,animal_sound_0226.wav,C:\Users\Afzal Compters\Desktop\Sonic-sentinal-AI\audio_dataset\originals\animal_sound\animal_sound_0226.wav,animal_sound,3.0,16000,1,,,,1,train
alarm_siren_0230,alarm_siren_0230.wav,C:\Users\Afzal Compters\Desktop\Sonic-sentinal-AI\audio_dataset\originals\alarm_siren\alarm_siren_0230.wav,alarm_siren,3.0,16000,1,,,,1,train
glass_breaking_0060,glass_breaking_0060.wav,C:\Users\Afzal Compters\Desktop\Sonic-sentinal-AI\audio_dataset\originals\glass_breaking\glass_breaking_0060.wav,glass_breaking,3.0,16000,1,,,,1,train
gunshot_0149,gunshot_0149.wav,C:\Users\Afzal Compters\Desktop\Sonic-sentinal-AI\audio_dataset\originals\gunshot\gunshot_0149.wav,gunshot,3.0,16000,1,,,,1,train
animal_sound_0255,animal_sound_0255.wav,C:\Users\Afzal Compters\Desktop\Sonic-sentinal-AI\audio_dataset\originals\animal_sound\animal_sound_0255.wav,animal_sound,3.0,16000,1,,,,1,train
aggression_0050,aggression_0050.wav,C:\Users\Afzal Compters\Desktop\Sonic-sentinal-AI\audio_dataset\originals\aggression\aggression_0050.wav,aggression,3.0,16000,1,,,,1,train
panic_scream_0013,panic_scream_0013.wav,C:\Users\Afzal Compters\Desktop\Sonic-sentinal-AI\audio_dataset\originals\panic_scream\panic_scream_0013.wav,panic_scream,3.0,16000,1,,,,1,train
animal_sound_0280,animal_sound_0280.wav,C:\Users\Afzal Compters\Desktop\Sonic-sentinal-AI\audio_dataset\originals\animal_sound\animal_sound_0280.wav,animal_sound,3.0,16000,1,,,,1,train
machinery_fault_0037,machinery_fault_0037.wav,C:\Users\Afzal Compters\Desktop\Sonic-sentinal-AI\audio_dataset\originals\machinery_fault\machinery_fault_0037.wav,machinery_fault,3.0,16000,1,,,,1,train
background_noise_0279,background_noise_0279.wav,C:\Users\Afzal Compters\Desktop\Sonic-sentinal-AI\audio_dataset\originals\background_noise\background_noise_0279.wav,background_noise,3.0,16000,1,,,,1,train
aggression_0260,aggression_0260.wav,C:\Users\Afzal Compters\Desktop\Sonic-sentinal-AI\audio_dataset\originals\aggression\aggression_0260.wav,aggression,3.0,16000,1,,,,1,train
aggression_0059,aggression_0059.wav,C:\Users\Afzal Compters\Desktop\Sonic-sentinal-AI\audio_dataset\originals\aggression\aggression_0059.wav,aggression,3.0,16000,1,,,,1,train
aggression_0236,aggression_0236.wav,C:\Users\Afzal Compters\Desktop\Sonic-sentinal-AI\audio_dataset\originals\aggression\aggression_0236.wav,aggression,3.0,16000,1,,,,1,train
panic_scream_0287,panic_scream_0287.wav,C:\Users\Afzal Compters\Desktop\Sonic-sentinal-AI\audio_dataset\originals\panic_scream\panic_scream_0287.wav,panic_scream,3.0,16000,1,,,,1,train
panic_scream_0121,panic_scream_0121.wav,C:\Users\Afzal Compters\Desktop\Sonic-sentinal-AI\audio_dataset\originals\panic_scream\panic_scream_0121.wav,panic_scream,3.0,16000,1,,,,1,train
gunshot_0263,gunshot_0263.wav,C:\Users\Afzal Compters\Desktop\Sonic-sentinal-AI\audio_dataset\originals\gunshot\gunshot_0263.wav,gunshot,3.0,16000,1,,,,1,train
gunshot_0080,gunshot_0080.wav,C:\Users\Afzal Compters\Desktop\Sonic-sentinal-AI\audio_dataset\originals\gunshot\gunshot_0080.wav,gunshot,3.0,16000,1,,,,1,train
vehicle_horn_0061,vehicle_horn_0061.wav,C:\Users\Afzal Compters\Desktop\Sonic-sentinal-AI\audio_dataset\originals\vehicle_horn\vehicle_horn_0061.wav,vehicle_horn,3.0,16000,1,,,,1,train
alarm_siren_0240,alarm_siren_0240.wav,C:\Users\Afzal Compters\Desktop\Sonic-sentinal-AI\audio_dataset\originals\alarm_siren\alarm_siren_0240.wav,alarm_siren,3.0,16000,1,,,,1,train
gunshot_0115,gunshot_0115.wav,C:\Users\Afzal Compters\Desktop\Sonic-sentinal-AI\audio_dataset\originals\gunshot\gunshot_0115.wav,gunshot,3.0,16000,1,,,,1,train
gunshot_0220,gunshot_0220.wav,C:\Users\Afzal Compters\Desktop\Sonic-sentinal-AI\audio_dataset\originals\gunshot\gunshot_0220.wav,gunshot,3.0,16000,1,,,,1,train
background_noise_0141,background_noise_0141.wav,C:\Users\Afzal Compters\Desktop\Sonic-sentinal-AI\audio_dataset\originals\background_noise\background_noise_0141.wav,background_noise,3.0,16000,1,,,,1,train
machinery_fault_0240,machinery_fault_0240.wav,C:\Users\Afzal Compters\Desktop\Sonic-sentinal-AI\audio_dataset\originals\machinery_fault\machinery_fault_0240.wav,machinery_fault,3.0,16000,1,,,,1,train
animal_sound_0144,animal_sound_0144.wav,C:\Users\Afzal Compters\Desktop\Sonic-sentinal-AI\audio_dataset\originals\animal_sound\animal_sound_0144.wav,animal_sound,3.0,16000,1,,,,1,train
panic_scream_0099,panic_scream_0099.wav,C:\Users\Afzal Compters\Desktop\Sonic-sentinal-AI\audio_dataset\originals\panic_scream\panic_scream_0099.wav,panic_scream,3.0,16000,1,,,,1,train
alarm_siren_0111,alarm_siren_0111.wav,C:\Users\Afzal Compters\Desktop\Sonic-sentinal-AI\audio_dataset\originals\alarm_siren\alarm_siren_0111.wav,alarm_siren,3.0,16000,1,,,,1,train
gunshot_0002,gunshot_0002.wav,C:\Users\Afzal Compters\Desktop\Sonic-sentinal-AI\audio_dataset\originals\gunshot\gunshot_0002.wav,gunshot,3.0,16000,1,,,,1,train
panic_scream_0051,panic_scream_0051.wav,C:\Users\Afzal Compters\Desktop\Sonic-sentinal-AI\audio_dataset\originals\panic_scream\panic_scream_0051.wav,panic_scream,3.0,16000,1,,,,1,train
alarm_siren_0223,alarm_siren_0223.wav,C:\Users\Afzal Compters\Desktop\Sonic-sentinal-AI\audio_dataset\originals\alarm_siren\alarm_siren_0223.wav,alarm_siren,3.0,16000,1,,,,1,train
gunshot_0300,gunshot_0300.wav,C:\Users\Afzal Compters\Desktop\Sonic-sentinal-AI\audio_dataset\originals\gunshot\gunshot_0300.wav,gunshot,3.0,16000,1,,,,1,train
glass_breaking_0110,glass_breaking_0110.wav,C:\Users\Afzal Compters\Desktop\Sonic-sentinal-AI\audio_dataset\originals\glass_breaking\glass_breaking_0110.wav,glass_breaking,3.0,16000,1,,,,1,train
alarm_siren_0226,alarm_siren_0226.wav,C:\Users\Afzal Compters\Desktop\Sonic-sentinal-AI\audio_dataset\originals\alarm_siren\alarm_siren_0226.wav,alarm_siren,3.0,16000,1,,,,1,train
machinery_fault_0160,machinery_fault_0160.wav,C:\Users\Afzal Compters\Desktop\Sonic-sentinal-AI\audio_dataset\originals\machinery_fault\machinery_fault_0160.wav,machinery_fault,3.0,16000,1,,,,1,train
alarm_siren_0049,alarm_siren_0049.wav,C:\Users\Afzal Compters\Desktop\Sonic-sentinal-AI\audio_dataset\originals\alarm_siren\alarm_siren_0049.wav,alarm_siren,3.0,16000,1,,,,1,train
animal_sound_0064,animal_sound_0064.wav,C:\Users\Afzal Compters\Desktop\Sonic-sentinal-AI\audio_dataset\originals\animal_sound\animal_sound_0064.wav,animal_sound,3.0,16000,1,,,,1,train
vehicle_horn_0297,vehicle_horn_0297.wav,C:\Users\Afzal Compters\Desktop\Sonic-sentinal-AI\audio_dataset\originals\vehicle_horn\vehicle_horn_0297.wav,vehicle_horn,3.0,16000,1,,,,1,train
panic_scream_0072,panic_scream_0072.wav,C:\Users\Afzal Compters\Desktop\Sonic-sentinal-AI\audio_dataset\originals\panic_scream\panic_scream_0072.wav,panic_scream,3.0,16000,1,,,,1,train
alarm_siren_0159,alarm_siren_0159.wav,C:\Users\Afzal Compters\Desktop\Sonic-sentinal-AI\audio_dataset\originals\alarm_siren\alarm_siren_0159.wav,alarm_siren,3.0,16000,1,,,,1,train
vehicle_horn_0268,vehicle_horn_0268.wav,C:\Users\Afzal Compters\Desktop\Sonic-sentinal-AI\audio_dataset\originals\vehicle_horn\vehicle_horn_0268.wav,vehicle_horn,3.0,16000,1,,,,1,train
alarm_siren_0131,alarm_siren_0131.wav,C:\Users\Afzal Compters\Desktop\Sonic-sentinal-AI\audio_dataset\originals\alarm_siren\alarm_siren_0131.wav,alarm_siren,3.0,16000,1,,,,1,train
gunshot_0130,gunshot_0130.wav,C:\Users\Afzal Compters\Desktop\Sonic-sentinal-AI\audio_dataset\originals\gunshot\gunshot_0130.wav,gunshot,3.0,16000,1,,,,1,train
panic_scream_0012,panic_scream_0012.wav,C:\Users\Afzal Compters\Desktop\Sonic-sentinal-AI\audio_dataset\originals\panic_scream\panic_scream_0012.wav,panic_scream,3.0,16000,1,,,,1,train
panic_scream_0242,panic_scream_0242.wav,C:\Users\Afzal Compters\Desktop\Sonic-sentinal-AI\audio_dataset\originals\panic_scream\panic_scream_0242.wav,panic_scream,3.0,16000,1,,,,1,train
alarm_siren_0046,alarm_siren_0046.wav,C:\Users\Afzal Compters\Desktop\Sonic-sentinal-AI\audio_dataset\originals\alarm_siren\alarm_siren_0046.wav,alarm_siren,3.0,16000,1,,,,1,train
panic_scream_0200,panic_scream_0200.wav,C:\Users\Afzal Compters\Desktop\Sonic-sentinal-AI\audio_dataset\originals\panic_scream\panic_scream_0200.wav,panic_scream,3.0,16000,1,,,,1,train
machinery_fault_0274,machinery_fault_0274.wav,C:\Users\Afzal Compters\Desktop\Sonic-sentinal-AI\audio_dataset\originals\machinery_fault\machinery_fault_0274.wav,machinery_fault,3.0,16000,1,,,,1,train
background_noise_0115,background_noise_0115.wav,C:\Users\Afzal Compters\Desktop\Sonic-sentinal-AI\audio_dataset\originals\background_noise\background_noise_0115.wav,background_noise,3.0,16000,1,,,,1,train
aggression_0239,aggression_0239.wav,C:\Users\Afzal Compters\Desktop\Sonic-sentinal-AI\audio_dataset\originals\aggression\aggression_0239.wav,aggression,3.0,16000,1,,,,1,train
alarm_siren_0007,alarm_siren_0007.wav,C:\Users\Afzal Compters\Desktop\Sonic-sentinal-AI\audio_dataset\originals\alarm_siren\alarm_siren_0007.wav,alarm_siren,3.0,16000,1,,,,1,train
alarm_siren_0170,alarm_siren_0170.wav,C:\Users\Afzal Compters\Desktop\Sonic-sentinal-AI\audio_dataset\originals\alarm_siren\alarm_siren_0170.wav,alarm_siren,3.0,16000,1,,,,1,train
glass_breaking_0184,glass_breaking_0184.wav,C:\Users\Afzal Compters\Desktop\Sonic-sentinal-AI\audio_dataset\originals\glass_breaking\glass_breaking_0184.wav,glass_breaking,3.0,16000,1,,,,1,train
glass_breaking_0274,glass_breaking_0274.wav,C:\Users\Afzal Compters\Desktop\Sonic-sentinal-AI\audio_dataset\originals\glass_breaking\glass_breaking_0274.wav,glass_breaking,3.0,16000,1,,,,1,train
alarm_siren_0199,alarm_siren_0199.wav,C:\Users\Afzal Compters\Desktop\Sonic-sentinal-AI\audio_dataset\originals\alarm_siren\alarm_siren_0199.wav,alarm_siren,3.0,16000,1,,,,1,train
glass_breaking_0053,glass_breaking_0053.wav,C:\Users\Afzal Compters\Desktop\Sonic-sentinal-AI\audio_dataset\originals\glass_breaking\glass_breaking_0053.wav,glass_breaking,3.0,16000,1,,,,1,train
background_noise_0098,background_noise_0098.wav,C:\Users\Afzal Compters\Desktop\Sonic-sentinal-AI\audio_dataset\originals\background_noise\background_noise_0098.wav,background_noise,3.0,16000,1,,,,1,train
alarm_siren_0162,alarm_siren_0162.wav,C:\Users\Afzal Compters\Desktop\Sonic-sentinal-AI\audio_dataset\originals\alarm_siren\alarm_siren_0162.wav,alarm_siren,3.0,16000,1,,,,1,train
alarm_siren_0039,alarm_siren_0039.wav,C:\Users\Afzal Compters\Desktop\Sonic-sentinal-AI\audio_dataset\originals\alarm_siren\alarm_siren_0039.wav,alarm_siren,3.0,16000,1,,,,1,train
animal_sound_0241,animal_sound_0241.wav,C:\Users\Afzal Compters\Desktop\Sonic-sentinal-AI\audio_dataset\originals\animal_sound\animal_sound_0241.wav,animal_sound,3.0,16000,1,,,,1,train
glass_breaking_0293,glass_breaking_0293.wav,C:\Users\Afzal Compters\Desktop\Sonic-sentinal-AI\audio_dataset\originals\glass_breaking\glass_breaking_0293.wav,glass_breaking,3.0,16000,1,,,,1,train
alarm_siren_0036,alarm_siren_0036.wav,C:\Users\Afzal Compters\Desktop\Sonic-sentinal-AI\audio_dataset\originals\alarm_siren\alarm_siren_0036.wav,alarm_siren,3.0,16000,1,,,,1,train
aggression_0006,aggression_0006.wav,C:\Users\Afzal Compters\Desktop\Sonic-sentinal-AI\audio_dataset\originals\aggression\aggression_0006.wav,aggression,3.0,16000,1,,,,1,train
glass_breaking_0101,glass_breaking_0101.wav,C:\Users\Afzal Compters\Desktop\Sonic-sentinal-AI\audio_dataset\originals\glass_breaking\glass_breaking_0101.wav,glass_breaking,3.0,16000,1,,,,1,train
machinery_fault_0128,machinery_fault_0128.wav,C:\Users\Afzal Compters\Desktop\Sonic-sentinal-AI\audio_dataset\originals\machinery_fault\machinery_fault_0128.wav,machinery_fault,3.0,16000,1,,,,1,train
glass_breaking_0097,glass_breaking_0097.wav,C:\Users\Afzal Compters\Desktop\Sonic-sentinal-AI\audio_dataset\originals\glass_breaking\glass_breaking_0097.wav,glass_breaking,3.0,16000,1,,,,1,train
gunshot_0298,gunshot_0298.wav,C:\Users\Afzal Compters\Desktop\Sonic-sentinal-AI\audio_dataset\originals\gunshot\gunshot_0298.wav,gunshot,3.0,16000,1,,,,1,train
background_noise_0267,background_noise_0267.wav,C:\Users\Afzal Compters\Desktop\Sonic-sentinal-AI\audio_dataset\originals\background_noise\background_noise_0267.wav,background_noise,3.0,16000,1,,,,1,train
background_noise_0169,background_noise_0169.wav,C:\Users\Afzal Compters\Desktop\Sonic-sentinal-AI\audio_dataset\originals\background_noise\background_noise_0169.wav,background_noise,3.0,16000,1,,,,1,train
gunshot_0072,gunshot_0072.wav,C:\Users\Afzal Compters\Desktop\Sonic-sentinal-AI\audio_dataset\originals\gunshot\gunshot_0072.wav,gunshot,3.0,16000,1,,,,1,train
vehicle_horn_0220,vehicle_horn_0220.wav,C:\Users\Afzal Compters\Desktop\Sonic-sentinal-AI\audio_dataset\originals\vehicle_horn\vehicle_horn_0220.wav,vehicle_horn,3.0,16000,1,,,,1,train
aggression_0237,aggression_0237.wav,C:\Users\Afzal Compters\Desktop\Sonic-sentinal-AI\audio_dataset\originals\aggression\aggression_0237.wav,aggression,3.0,16000,1,,,,1,train
gunshot_0012,gunshot_0012.wav,C:\Users\Afzal Compters\Desktop\Sonic-sentinal-AI\audio_dataset\originals\gunshot\gunshot_0012.wav,gunshot,3.0,16000,1,,,,1,train
vehicle_horn_0036,vehicle_horn_0036.wav,C:\Users\Afzal Compters\Desktop\Sonic-sentinal-AI\audio_dataset\originals\vehicle_horn\vehicle_horn_0036.wav,vehicle_horn,3.0,16000,1,,,,1,train
panic_scream_0274,panic_scream_0274.wav,C:\Users\Afzal Compters\Desktop\Sonic-sentinal-AI\audio_dataset\originals\panic_scream\panic_scream_0274.wav,panic_scream,3.0,16000,1,,,,1,train
glass_breaking_0015,glass_breaking_0015.wav,C:\Users\Afzal Compters\Desktop\Sonic-sentinal-AI\audio_dataset\originals\glass_breaking\glass_breaking_0015.wav,glass_breaking,3.0,16000,1,,,,1,train
aggression_0087,aggression_0087.wav,C:\Users\Afzal Compters\Desktop\Sonic-sentinal-AI\audio_dataset\originals\aggression\aggression_0087.wav,aggression,3.0,16000,1,,,,1,train
panic_scream_0165,panic_scream_0165.wav,C:\Users\Afzal Compters\Desktop\Sonic-sentinal-AI\audio_dataset\originals\panic_scream\panic_scream_0165.wav,panic_scream,3.0,16000,1,,,,1,train
machinery_fault_0180,machinery_fault_0180.wav,C:\Users\Afzal Compters\Desktop\Sonic-sentinal-AI\audio_dataset\originals\machinery_fault\machinery_fault_0180.wav,machinery_fault,3.0,16000,1,,,,1,train
panic_scream_0246,panic_scream_0246.wav,C:\Users\Afzal Compters\Desktop\Sonic-sentinal-AI\audio_dataset\originals\panic_scream\panic_scream_0246.wav,panic_scream,3.0,16000,1,,,,1,train
animal_sound_0176,animal_sound_0176.wav,C:\Users\Afzal Compters\Desktop\Sonic-sentinal-AI\audio_dataset\originals\animal_sound\animal_sound_0176.wav,animal_sound,3.0,16000,1,,,,1,train
aggression_0098,aggression_0098.wav,C:\Users\Afzal Compters\Desktop\Sonic-sentinal-AI\audio_dataset\originals\aggression\aggression_0098.wav,aggression,3.0,16000,1,,,,1,train
glass_breaking_0150,glass_breaking_0150.wav,C:\Users\Afzal Compters\Desktop\Sonic-sentinal-AI\audio_dataset\originals\glass_breaking\glass_breaking_0150.wav,glass_breaking,3.0,16000,1,,,,1,train
vehicle_horn_0200,vehicle_horn_0200.wav,C:\Users\Afzal Compters\Desktop\Sonic-sentinal-AI\audio_dataset\originals\vehicle_horn\vehicle_horn_0200.wav,vehicle_horn,3.0,16000,1,,,,1,train
gunshot_0185,gunshot_0185.wav,C:\Users\Afzal Compters\Desktop\Sonic-sentinal-AI\audio_dataset\originals\gunshot\gunshot_0185.wav,gunshot,3.0,16000,1,,,,1,train
vehicle_horn_0226,vehicle_horn_0226.wav,C:\Users\Afzal Compters\Desktop\Sonic-sentinal-AI\audio_dataset\originals\vehicle_horn\vehicle_horn_0226.wav,vehicle_horn,3.0,16000,1,,,,1,train
glass_breaking_0029,glass_breaking_0029.wav,C:\Users\Afzal Compters\Desktop\Sonic-sentinal-AI\audio_dataset\originals\glass_breaking\glass_breaking_0029.wav,glass_breaking,3.0,16000,1,,,,1,train
machinery_fault_0042,machinery_fault_0042.wav,C:\Users\Afzal Compters\Desktop\Sonic-sentinal-AI\audio_dataset\originals\machinery_fault\machinery_fault_0042.wav,machinery_fault,3.0,16000,1,,,,1,train
machinery_fault_0041,machinery_fault_0041.wav,C:\Users\Afzal Compters\Desktop\Sonic-sentinal-AI\audio_dataset\originals\machinery_fault\machinery_fault_0041.wav,machinery_fault,3.0,16000,1,,,,1,train
alarm_siren_0117,alarm_siren_0117.wav,C:\Users\Afzal Compters\Desktop\Sonic-sentinal-AI\audio_dataset\originals\alarm_siren\alarm_siren_0117.wav,alarm_siren,3.0,16000,1,,,,1,train
alarm_siren_0266,alarm_siren_0266.wav,C:\Users\Afzal Compters\Desktop\Sonic-sentinal-AI\audio_dataset\originals\alarm_siren\alarm_siren_0266.wav,alarm_siren,3.0,16000,1,,,,1,train
machinery_fault_0174,machinery_fault_0174.wav,C:\Users\Afzal Compters\Desktop\Sonic-sentinal-AI\audio_dataset\originals\machinery_fault\machinery_fault_0174.wav,machinery_fault,3.0,16000,1,,,,1,train
aggression_0029,aggression_0029.wav,C:\Users\Afzal Compters\Desktop\Sonic-sentinal-AI\audio_dataset\originals\aggression\aggression_0029.wav,aggression,3.0,16000,1,,,,1,train
glass_breaking_0114,glass_breaking_0114.wav,C:\Users\Afzal Compters\Desktop\Sonic-sentinal-AI\audio_dataset\originals\glass_breaking\glass_breaking_0114.wav,glass_breaking,3.0,16000,1,,,,1,train
machinery_fault_0142,machinery_fault_0142.wav,C:\Users\Afzal Compters\Desktop\Sonic-sentinal-AI\audio_dataset\originals\machinery_fault\machinery_fault_0142.wav,machinery_fault,3.0,16000,1,,,,1,train
panic_scream_0043,panic_scream_0043.wav,C:\Users\Afzal Compters\Desktop\Sonic-sentinal-AI\audio_dataset\originals\panic_scream\panic_scream_0043.wav,panic_scream,3.0,16000,1,,,,1,train
animal_sound_0202,animal_sound_0202.wav,C:\Users\Afzal Compters\Desktop\Sonic-sentinal-AI\audio_dataset\originals\animal_sound\animal_sound_0202.wav,animal_sound,3.0,16000,1,,,,1,train
gunshot_0258,gunshot_0258.wav,C:\Users\Afzal Compters\Desktop\Sonic-sentinal-AI\audio_dataset\originals\gunshot\gunshot_0258.wav,gunshot,3.0,16000,1,,,,1,train
background_noise_0188,background_noise_0188.wav,C:\Users\Afzal Compters\Desktop\Sonic-sentinal-AI\audio_dataset\originals\background_noise\background_noise_0188.wav,background_noise,3.0,16000,1,,,,1,train
aggression_0136,aggression_0136.wav,C:\Users\Afzal Compters\Desktop\Sonic-sentinal-AI\audio_dataset\originals\aggression\aggression_0136.wav,aggression,3.0,16000,1,,,,1,train
panic_scream_0266,panic_scream_0266.wav,C:\Users\Afzal Compters\Desktop\Sonic-sentinal-AI\audio_dataset\originals\panic_scream\panic_scream_0266.wav,panic_scream,3.0,16000,1,,,,1,train
animal_sound_0062,animal_sound_0062.wav,C:\Users\Afzal Compters\Desktop\Sonic-sentinal-AI\audio_dataset\originals\animal_sound\animal_sound_0062.wav,animal_sound,3.0,16000,1,,,,1,train
panic_scream_0115,panic_scream_0115.wav,C:\Users\Afzal Compters\Desktop\Sonic-sentinal-AI\audio_dataset\originals\panic_scream\panic_scream_0115.wav,panic_scream,3.0,16000,1,,,,1,train
aggression_0289,aggression_0289.wav,C:\Users\Afzal Compters\Desktop\Sonic-sentinal-AI\audio_dataset\originals\aggression\aggression_0289.wav,aggression,3.0,16000,1,,,,1,train
panic_scream_0283,panic_scream_0283.wav,C:\Users\Afzal Compters\Desktop\Sonic-sentinal-AI\audio_dataset\originals\panic_scream\panic_scream_0283.wav,panic_scream,3.0,16000,1,,,,1,train
gunshot_0141,gunshot_0141.wav,C:\Users\Afzal Compters\Desktop\Sonic-sentinal-AI\audio_dataset\originals\gunshot\gunshot_0141.wav,gunshot,3.0,16000,1,,,,1,train
gunshot_0223,gunshot_0223.wav,C:\Users\Afzal Compters\Desktop\Sonic-sentinal-AI\audio_dataset\originals\gunshot\gunshot_0223.wav,gunshot,3.0,16000,1,,,,1,train
aggression_0295,aggression_0295.wav,C:\Users\Afzal Compters\Desktop\Sonic-sentinal-AI\audio_dataset\originals\aggression\aggression_0295.wav,aggression,3.0,16000,1,,,,1,train
machinery_fault_0156,machinery_fault_0156.wav,C:\Users\Afzal Compters\Desktop\Sonic-sentinal-AI\audio_dataset\originals\machinery_fault\machinery_fault_0156.wav,machinery_fault,3.0,16000,1,,,,1,train
panic_scream_0260,panic_scream_0260.wav,C:\Users\Afzal Compters\Desktop\Sonic-sentinal-AI\audio_dataset\originals\panic_scream\panic_scream_0260.wav,panic_scream,3.0,16000,1,,,,1,train
alarm_siren_0014,alarm_siren_0014.wav,C:\Users\Afzal Compters\Desktop\Sonic-sentinal-AI\audio_dataset\originals\alarm_siren\alarm_siren_0014.wav,alarm_siren,3.0,16000,1,,,,1,train
alarm_siren_0138,alarm_siren_0138.wav,C:\Users\Afzal Compters\Desktop\Sonic-sentinal-AI\audio_dataset\originals\alarm_siren\alarm_siren_0138.wav,alarm_siren,3.0,16000,1,,,,1,train
aggression_0278,aggression_0278.wav,C:\Users\Afzal Compters\Desktop\Sonic-sentinal-AI\audio_dataset\originals\aggression\aggression_0278.wav,aggression,3.0,16000,1,,,,1,train
glass_breaking_0111,glass_breaking_0111.wav,C:\Users\Afzal Compters\Desktop\Sonic-sentinal-AI\audio_dataset\originals\glass_breaking\glass_breaking_0111.wav,glass_breaking,3.0,16000,1,,,,1,train
glass_breaking_0279,glass_breaking_0279.wav,C:\Users\Afzal Compters\Desktop\Sonic-sentinal-AI\audio_dataset\originals\glass_breaking\glass_breaking_0279.wav,glass_breaking,3.0,16000,1,,,,1,train
machinery_fault_0051,machinery_fault_0051.wav,C:\Users\Afzal Compters\Desktop\Sonic-sentinal-AI\audio_dataset\originals\machinery_fault\machinery_fault_0051.wav,machinery_fault,3.0,16000,1,,,,1,train
vehicle_horn_0031,vehicle_horn_0031.wav,C:\Users\Afzal Compters\Desktop\Sonic-sentinal-AI\audio_dataset\originals\vehicle_horn\vehicle_horn_0031.wav,vehicle_horn,3.0,16000,1,,,,1,train
glass_breaking_0122,glass_breaking_0122.wav,C:\Users\Afzal Compters\Desktop\Sonic-sentinal-AI\audio_dataset\originals\glass_breaking\glass_breaking_0122.wav,glass_breaking,3.0,16000,1,,,,1,train
animal_sound_0045,animal_sound_0045.wav,C:\Users\Afzal Compters\Desktop\Sonic-sentinal-AI\audio_dataset\originals\animal_sound\animal_sound_0045.wav,animal_sound,3.0,16000,1,,,,1,train
panic_scream_0291,panic_scream_0291.wav,C:\Users\Afzal Compters\Desktop\Sonic-sentinal-AI\audio_dataset\originals\panic_scream\panic_scream_0291.wav,panic_scream,3.0,16000,1,,,,1,train
panic_scream_0039,panic_scream_0039.wav,C:\Users\Afzal Compters\Desktop\Sonic-sentinal-AI\audio_dataset\originals\panic_scream\panic_scream_0039.wav,panic_scream,3.0,16000,1,,,,1,train
vehicle_horn_0248,vehicle_horn_0248.wav,C:\Users\Afzal Compters\Desktop\Sonic-sentinal-AI\audio_dataset\originals\vehicle_horn\vehicle_horn_0248.wav,vehicle_horn,3.0,16000,1,,,,1,train
background_noise_0259,background_noise_0259.wav,C:\Users\Afzal Compters\Desktop\Sonic-sentinal-AI\audio_dataset\originals\background_noise\background_noise_0259.wav,background_noise,3.0,16000,1,,,,1,train
panic_scream_0123,panic_scream_0123.wav,C:\Users\Afzal Compters\Desktop\Sonic-sentinal-AI\audio_dataset\originals\panic_scream\panic_scream_0123.wav,panic_scream,3.0,16000,1,,,,1,train
background_noise_0063,background_noise_0063.wav,C:\Users\Afzal Compters\Desktop\Sonic-sentinal-AI\audio_dataset\originals\background_noise\background_noise_0063.wav,background_noise,3.0,16000,1,,,,1,train
vehicle_horn_0262,vehicle_horn_0262.wav,C:\Users\Afzal Compters\Desktop\Sonic-sentinal-AI\audio_dataset\originals\vehicle_horn\vehicle_horn_0262.wav,vehicle_horn,3.0,16000,1,,,,1,train
glass_breaking_0011,glass_breaking_0011.wav,C:\Users\Afzal Compters\Desktop\Sonic-sentinal-AI\audio_dataset\originals\glass_breaking\glass_breaking_0011.wav,glass_breaking,3.0,16000,1,,,,1,train
glass_breaking_0246,glass_breaking_0246.wav,C:\Users\Afzal Compters\Desktop\Sonic-sentinal-AI\audio_dataset\originals\glass_breaking\glass_breaking_0246.wav,glass_breaking,3.0,16000,1,,,,1,train
animal_sound_0260,animal_sound_0260.wav,C:\Users\Afzal Compters\Desktop\Sonic-sentinal-AI\audio_dataset\originals\animal_sound\animal_sound_0260.wav,animal_sound,3.0,16000,1,,,,1,train
animal_sound_0210,animal_sound_0210.wav,C:\Users\Afzal Compters\Desktop\Sonic-sentinal-AI\audio_dataset\originals\animal_sound\animal_sound_0210.wav,animal_sound,3.0,16000,1,,,,1,train
alarm_siren_0297,alarm_siren_0297.wav,C:\Users\Afzal Compters\Desktop\Sonic-sentinal-AI\audio_dataset\originals\alarm_siren\alarm_siren_0297.wav,alarm_siren,3.0,16000,1,,,,1,train
gunshot_0270,gunshot_0270.wav,C:\Users\Afzal Compters\Desktop\Sonic-sentinal-AI\audio_dataset\originals\gunshot\gunshot_0270.wav,gunshot,3.0,16000,1,,,,1,train
background_noise_0001,background_noise_0001.wav,C:\Users\Afzal Compters\Desktop\Sonic-sentinal-AI\audio_dataset\originals\background_noise\background_noise_0001.wav,background_noise,3.0,16000,1,,,,1,train
aggression_0171,aggression_0171.wav,C:\Users\Afzal Compters\Desktop\Sonic-sentinal-AI\audio_dataset\originals\aggression\aggression_0171.wav,aggression,3.0,16000,1,,,,1,train
animal_sound_0087,animal_sound_0087.wav,C:\Users\Afzal Compters\Desktop\Sonic-sentinal-AI\audio_dataset\originals\animal_sound\animal_sound_0087.wav,animal_sound,3.0,16000,1,,,,1,train
vehicle_horn_0229,vehicle_horn_0229.wav,C:\Users\Afzal Compters\Desktop\Sonic-sentinal-AI\audio_dataset\originals\vehicle_horn\vehicle_horn_0229.wav,vehicle_horn,3.0,16000,1,,,,1,train
machinery_fault_0233,machinery_fault_0233.wav,C:\Users\Afzal Compters\Desktop\Sonic-sentinal-AI\audio_dataset\originals\machinery_fault\machinery_fault_0233.wav,machinery_fault,3.0,16000,1,,,,1,train
aggression_0102,aggression_0102.wav,C:\Users\Afzal Compters\Desktop\Sonic-sentinal-AI\audio_dataset\originals\aggression\aggression_0102.wav,aggression,3.0,16000,1,,,,1,train
gunshot_0286,gunshot_0286.wav,C:\Users\Afzal Compters\Desktop\Sonic-sentinal-AI\audio_dataset\originals\gunshot\gunshot_0286.wav,gunshot,3.0,16000,1,,,,1,train
vehicle_horn_0233,vehicle_horn_0233.wav,C:\Users\Afzal Compters\Desktop\Sonic-sentinal-AI\audio_dataset\originals\vehicle_horn\vehicle_horn_0233.wav,vehicle_horn,3.0,16000,1,,,,1,train
alarm_siren_0124,alarm_siren_0124.wav,C:\Users\Afzal Compters\Desktop\Sonic-sentinal-AI\audio_dataset\originals\alarm_siren\alarm_siren_0124.wav,alarm_siren,3.0,16000,1,,,,1,train
vehicle_horn_0028,vehicle_horn_0028.wav,C:\Users\Afzal Compters\Desktop\Sonic-sentinal-AI\audio_dataset\originals\vehicle_horn\vehicle_horn_0028.wav,vehicle_horn,3.0,16000,1,,,,1,train
panic_scream_0218,panic_scream_0218.wav,C:\Users\Afzal Compters\Desktop\Sonic-sentinal-AI\audio_dataset\originals\panic_scream\panic_scream_0218.wav,panic_scream,3.0,16000,1,,,,1,train
animal_sound_0277,animal_sound_0277.wav,C:\Users\Afzal Compters\Desktop\Sonic-sentinal-AI\audio_dataset\originals\animal_sound\animal_sound_0277.wav,animal_sound,3.0,16000,1,,,,1,train
gunshot_0163,gunshot_0163.wav,C:\Users\Afzal Compters\Desktop\Sonic-sentinal-AI\audio_dataset\originals\gunshot\gunshot_0163.wav,gunshot,3.0,16000,1,,,,1,train
glass_breaking_0204,glass_breaking_0204.wav,C:\Users\Afzal Compters\Desktop\Sonic-sentinal-AI\audio_dataset\originals\glass_breaking\glass_breaking_0204.wav,glass_breaking,3.0,16000,1,,,,1,train
vehicle_horn_0161,vehicle_horn_0161.wav,C:\Users\Afzal Compters\Desktop\Sonic-sentinal-AI\audio_dataset\originals\vehicle_horn\vehicle_horn_0161.wav,vehicle_horn,3.0,16000,1,,,,1,train
alarm_siren_0101,alarm_siren_0101.wav,C:\Users\Afzal Compters\Desktop\Sonic-sentinal-AI\audio_dataset\originals\alarm_siren\alarm_siren_0101.wav,alarm_siren,3.0,16000,1,,,,1,train
panic_scream_0017,panic_scream_0017.wav,C:\Users\Afzal Compters\Desktop\Sonic-sentinal-AI\audio_dataset\originals\panic_scream\panic_scream_0017.wav,panic_scream,3.0,16000,1,,,,1,train
background_noise_0136,background_noise_0136.wav,C:\Users\Afzal Compters\Desktop\Sonic-sentinal-AI\audio_dataset\originals\background_noise\background_noise_0136.wav,background_noise,3.0,16000,1,,,,1,train
panic_scream_0061,panic_scream_0061.wav,C:\Users\Afzal Compters\Desktop\Sonic-sentinal-AI\audio_dataset\originals\panic_scream\panic_scream_0061.wav,panic_scream,3.0,16000,1,,,,1,train
machinery_fault_0243,machinery_fault_0243.wav,C:\Users\Afzal Compters\Desktop\Sonic-sentinal-AI\audio_dataset\originals\machinery_fault\machinery_fault_0243.wav,machinery_fault,3.0,16000,1,,,,1,train
alarm_siren_0102,alarm_siren_0102.wav,C:\Users\Afzal Compters\Desktop\Sonic-sentinal-AI\audio_dataset\originals\alarm_siren\alarm_siren_0102.wav,alarm_siren,3.0,16000,1,,,,1,train
vehicle_horn_0125,vehicle_horn_0125.wav,C:\Users\Afzal Compters\Desktop\Sonic-sentinal-AI\audio_dataset\originals\vehicle_horn\vehicle_horn_0125.wav,vehicle_horn,3.0,16000,1,,,,1,train
gunshot_0199,gunshot_0199.wav,C:\Users\Afzal Compters\Desktop\Sonic-sentinal-AI\audio_dataset\originals\gunshot\gunshot_0199.wav,gunshot,3.0,16000,1,,,,1,train
aggression_0140,aggression_0140.wav,C:\Users\Afzal Compters\Desktop\Sonic-sentinal-AI\audio_dataset\originals\aggression\aggression_0140.wav,aggression,3.0,16000,1,,,,1,train
machinery_fault_0084,machinery_fault_0084.wav,C:\Users\Afzal Compters\Desktop\Sonic-sentinal-AI\audio_dataset\originals\machinery_fault\machinery_fault_0084.wav,machinery_fault,3.0,16000,1,,,,1,train
vehicle_horn_0112,vehicle_horn_0112.wav,C:\Users\Afzal Compters\Desktop\Sonic-sentinal-AI\audio_dataset\originals\vehicle_horn\vehicle_horn_0112.wav,vehicle_horn,3.0,16000,1,,,,1,train
glass_breaking_0135,glass_breaking_0135.wav,C:\Users\Afzal Compters\Desktop\Sonic-sentinal-AI\audio_dataset\originals\glass_breaking\glass_breaking_0135.wav,glass_breaking,3.0,16000,1,,,,1,train
panic_scream_0201,panic_scream_0201.wav,C:\Users\Afzal Compters\Desktop\Sonic-sentinal-AI\audio_dataset\originals\panic_scream\panic_scream_0201.wav,panic_scream,3.0,16000,1,,,,1,train
panic_scream_0100,panic_scream_0100.wav,C:\Users\Afzal Compters\Desktop\Sonic-sentinal-AI\audio_dataset\originals\panic_scream\panic_scream_0100.wav,panic_scream,3.0,16000,1,,,,1,train
aggression_0025,aggression_0025.wav,C:\Users\Afzal Compters\Desktop\Sonic-sentinal-AI\audio_dataset\originals\aggression\aggression_0025.wav,aggression,3.0,16000,1,,,,1,train
vehicle_horn_0280,vehicle_horn_0280.wav,C:\Users\Afzal Compters\Desktop\Sonic-sentinal-AI\audio_dataset\originals\vehicle_horn\vehicle_horn_0280.wav,vehicle_horn,3.0,16000,1,,,,1,train
glass_breaking_0072,glass_breaking_0072.wav,C:\Users\Afzal Compters\Desktop\Sonic-sentinal-AI\audio_dataset\originals\glass_breaking\glass_breaking_0072.wav,glass_breaking,3.0,16000,1,,,,1,train
glass_breaking_0190,glass_breaking_0190.wav,C:\Users\Afzal Compters\Desktop\Sonic-sentinal-AI\audio_dataset\originals\glass_breaking\glass_breaking_0190.wav,glass_breaking,3.0,16000,1,,,,1,train
machinery_fault_0196,machinery_fault_0196.wav,C:\Users\Afzal Compters\Desktop\Sonic-sentinal-AI\audio_dataset\originals\machinery_fault\machinery_fault_0196.wav,machinery_fault,3.0,16000,1,,,,1,train
background_noise_0205,background_noise_0205.wav,C:\Users\Afzal Compters\Desktop\Sonic-sentinal-AI\audio_dataset\originals\background_noise\background_noise_0205.wav,background_noise,3.0,16000,1,,,,1,train
panic_scream_0189,panic_scream_0189.wav,C:\Users\Afzal Compters\Desktop\Sonic-sentinal-AI\audio_dataset\originals\panic_scream\panic_scream_0189.wav,panic_scream,3.0,16000,1,,,,1,train
glass_breaking_0031,glass_breaking_0031.wav,C:\Users\Afzal Compters\Desktop\Sonic-sentinal-AI\audio_dataset\originals\glass_breaking\glass_breaking_0031.wav,glass_breaking,3.0,16000,1,,,,1,train
aggression_0245,aggression_0245.wav,C:\Users\Afzal Compters\Desktop\Sonic-sentinal-AI\audio_dataset\originals\aggression\aggression_0245.wav,aggression,3.0,16000,1,,,,1,train
gunshot_0207,gunshot_0207.wav,C:\Users\Afzal Compters\Desktop\Sonic-sentinal-AI\audio_dataset\originals\gunshot\gunshot_0207.wav,gunshot,3.0,16000,1,,,,1,train
gunshot_0295,gunshot_0295.wav,C:\Users\Afzal Compters\Desktop\Sonic-sentinal-AI\audio_dataset\originals\gunshot\gunshot_0295.wav,gunshot,3.0,16000,1,,,,1,train
glass_breaking_0133,glass_breaking_0133.wav,C:\Users\Afzal Compters\Desktop\Sonic-sentinal-AI\audio_dataset\originals\glass_breaking\glass_breaking_0133.wav,glass_breaking,3.0,16000,1,,,,1,train
vehicle_horn_0092,vehicle_horn_0092.wav,C:\Users\Afzal Compters\Desktop\Sonic-sentinal-AI\audio_dataset\originals\vehicle_horn\vehicle_horn_0092.wav,vehicle_horn,3.0,16000,1,,,,1,train
panic_scream_0016,panic_scream_0016.wav,C:\Users\Afzal Compters\Desktop\Sonic-sentinal-AI\audio_dataset\originals\panic_scream\panic_scream_0016.wav,panic_scream,3.0,16000,1,,,,1,train
panic_scream_0263,panic_scream_0263.wav,C:\Users\Afzal Compters\Desktop\Sonic-sentinal-AI\audio_dataset\originals\panic_scream\panic_scream_0263.wav,panic_scream,3.0,16000,1,,,,1,train
vehicle_horn_0249,vehicle_horn_0249.wav,C:\Users\Afzal Compters\Desktop\Sonic-sentinal-AI\audio_dataset\originals\vehicle_horn\vehicle_horn_0249.wav,vehicle_horn,3.0,16000,1,,,,1,train
vehicle_horn_0179,vehicle_horn_0179.wav,C:\Users\Afzal Compters\Desktop\Sonic-sentinal-AI\audio_dataset\originals\vehicle_horn\vehicle_horn_0179.wav,vehicle_horn,3.0,16000,1,,,,1,train
panic_scream_0108,panic_scream_0108.wav,C:\Users\Afzal Compters\Desktop\Sonic-sentinal-AI\audio_dataset\originals\panic_scream\panic_scream_0108.wav,panic_scream,3.0,16000,1,,,,1,train
panic_scream_0286,panic_scream_0286.wav,C:\Users\Afzal Compters\Desktop\Sonic-sentinal-AI\audio_dataset\originals\panic_scream\panic_scream_0286.wav,panic_scream,3.0,16000,1,,,,1,train
machinery_fault_0282,machinery_fault_0282.wav,C:\Users\Afzal Compters\Desktop\Sonic-sentinal-AI\audio_dataset\originals\machinery_fault\machinery_fault_0282.wav,machinery_fault,3.0,16000,1,,,,1,train
glass_breaking_0004,glass_breaking_0004.wav,C:\Users\Afzal Compters\Desktop\Sonic-sentinal-AI\audio_dataset\originals\glass_breaking\glass_breaking_0004.wav,glass_breaking,3.0,16000,1,,,,1,train
glass_breaking_0102,glass_breaking_0102.wav,C:\Users\Afzal Compters\Desktop\Sonic-sentinal-AI\audio_dataset\originals\glass_breaking\glass_breaking_0102.wav,glass_breaking,3.0,16000,1,,,,1,train
animal_sound_0096,animal_sound_0096.wav,C:\Users\Afzal Compters\Desktop\Sonic-sentinal-AI\audio_dataset\originals\animal_sound\animal_sound_0096.wav,animal_sound,3.0,16000,1,,,,1,train
gunshot_0114,gunshot_0114.wav,C:\Users\Afzal Compters\Desktop\Sonic-sentinal-AI\audio_dataset\originals\gunshot\gunshot_0114.wav,gunshot,3.0,16000,1,,,,1,train
aggression_0262,aggression_0262.wav,C:\Users\Afzal Compters\Desktop\Sonic-sentinal-AI\audio_dataset\originals\aggression\aggression_0262.wav,aggression,3.0,16000,1,,,,1,train
aggression_0085,aggression_0085.wav,C:\Users\Afzal Compters\Desktop\Sonic-sentinal-AI\audio_dataset\originals\aggression\aggression_0085.wav,aggression,3.0,16000,1,,,,1,train
glass_breaking_0142,glass_breaking_0142.wav,C:\Users\Afzal Compters\Desktop\Sonic-sentinal-AI\audio_dataset\originals\glass_breaking\glass_breaking_0142.wav,glass_breaking,3.0,16000,1,,,,1,train
alarm_siren_0242,alarm_siren_0242.wav,C:\Users\Afzal Compters\Desktop\Sonic-sentinal-AI\audio_dataset\originals\alarm_siren\alarm_siren_0242.wav,alarm_siren,3.0,16000,1,,,,1,train
aggression_0145,aggression_0145.wav,C:\Users\Afzal Compters\Desktop\Sonic-sentinal-AI\audio_dataset\originals\aggression\aggression_0145.wav,aggression,3.0,16000,1,,,,1,train
aggression_0227,aggression_0227.wav,C:\Users\Afzal Compters\Desktop\Sonic-sentinal-AI\audio_dataset\originals\aggression\aggression_0227.wav,aggression,3.0,16000,1,,,,1,train
aggression_0183,aggression_0183.wav,C:\Users\Afzal Compters\Desktop\Sonic-sentinal-AI\audio_dataset\originals\aggression\aggression_0183.wav,aggression,3.0,16000,1,,,,1,train
glass_breaking_0238,glass_breaking_0238.wav,C:\Users\Afzal Compters\Desktop\Sonic-sentinal-AI\audio_dataset\originals\glass_breaking\glass_breaking_0238.wav,glass_breaking,3.0,16000,1,,,,1,train
alarm_siren_0190,alarm_siren_0190.wav,C:\Users\Afzal Compters\Desktop\Sonic-sentinal-AI\audio_dataset\originals\alarm_siren\alarm_siren_0190.wav,alarm_siren,3.0,16000,1,,,,1,train
vehicle_horn_0128,vehicle_horn_0128.wav,C:\Users\Afzal Compters\Desktop\Sonic-sentinal-AI\audio_dataset\originals\vehicle_horn\vehicle_horn_0128.wav,vehicle_horn,3.0,16000,1,,,,1,train
gunshot_0184,gunshot_0184.wav,C:\Users\Afzal Compters\Desktop\Sonic-sentinal-AI\audio_dataset\originals\gunshot\gunshot_0184.wav,gunshot,3.0,16000,1,,,,1,train
animal_sound_0037,animal_sound_0037.wav,C:\Users\Afzal Compters\Desktop\Sonic-sentinal-AI\audio_dataset\originals\animal_sound\animal_sound_0037.wav,animal_sound,3.0,16000,1,,,,1,train
aggression_0148,aggression_0148.wav,C:\Users\Afzal Compters\Desktop\Sonic-sentinal-AI\audio_dataset\originals\aggression\aggression_0148.wav,aggression,3.0,16000,1,,,,1,train
background_noise_0294,background_noise_0294.wav,C:\Users\Afzal Compters\Desktop\Sonic-sentinal-AI\audio_dataset\originals\background_noise\background_noise_0294.wav,background_noise,3.0,16000,1,,,,1,train
animal_sound_0040,animal_sound_0040.wav,C:\Users\Afzal Compters\Desktop\Sonic-sentinal-AI\audio_dataset\originals\animal_sound\animal_sound_0040.wav,animal_sound,3.0,16000,1,,,,1,train
panic_scream_0208,panic_scream_0208.wav,C:\Users\Afzal Compters\Desktop\Sonic-sentinal-AI\audio_dataset\originals\panic_scream\panic_scream_0208.wav,panic_scream,3.0,16000,1,,,,1,train
vehicle_horn_0110,vehicle_horn_0110.wav,C:\Users\Afzal Compters\Desktop\Sonic-sentinal-AI\audio_dataset\originals\vehicle_horn\vehicle_horn_0110.wav,vehicle_horn,3.0,16000,1,,,,1,train
vehicle_horn_0003,vehicle_horn_0003.wav,C:\Users\Afzal Compters\Desktop\Sonic-sentinal-AI\audio_dataset\originals\vehicle_horn\vehicle_horn_0003.wav,vehicle_horn,3.0,16000,1,,,,1,train
glass_breaking_0130,glass_breaking_0130.wav,C:\Users\Afzal Compters\Desktop\Sonic-sentinal-AI\audio_dataset\originals\glass_breaking\glass_breaking_0130.wav,glass_breaking,3.0,16000,1,,,,1,train
aggression_0109,aggression_0109.wav,C:\Users\Afzal Compters\Desktop\Sonic-sentinal-AI\audio_dataset\originals\aggression\aggression_0109.wav,aggression,3.0,16000,1,,,,1,train
animal_sound_0063,animal_sound_0063.wav,C:\Users\Afzal Compters\Desktop\Sonic-sentinal-AI\audio_dataset\originals\animal_sound\animal_sound_0063.wav,animal_sound,3.0,16000,1,,,,1,train
aggression_0259,aggression_0259.wav,C:\Users\Afzal Compters\Desktop\Sonic-sentinal-AI\audio_dataset\originals\aggression\aggression_0259.wav,aggression,3.0,16000,1,,,,1,train
aggression_0299,aggression_0299.wav,C:\Users\Afzal Compters\Desktop\Sonic-sentinal-AI\audio_dataset\originals\aggression\aggression_0299.wav,aggression,3.0,16000,1,,,,1,train
aggression_0203,aggression_0203.wav,C:\Users\Afzal Compters\Desktop\Sonic-sentinal-AI\audio_dataset\originals\aggression\aggression_0203.wav,aggression,3.0,16000,1,,,,1,train
vehicle_horn_0231,vehicle_horn_0231.wav,C:\Users\Afzal Compters\Desktop\Sonic-sentinal-AI\audio_dataset\originals\vehicle_horn\vehicle_horn_0231.wav,vehicle_horn,3.0,16000,1,,,,1,train
background_noise_0199,background_noise_0199.wav,C:\Users\Afzal Compters\Desktop\Sonic-sentinal-AI\audio_dataset\originals\background_noise\background_noise_0199.wav,background_noise,3.0,16000,1,,,,1,train
machinery_fault_0033,machinery_fault_0033.wav,C:\Users\Afzal Compters\Desktop\Sonic-sentinal-AI\audio_dataset\originals\machinery_fault\machinery_fault_0033.wav,machinery_fault,3.0,16000,1,,,,1,train
background_noise_0006,background_noise_0006.wav,C:\Users\Afzal Compters\Desktop\Sonic-sentinal-AI\audio_dataset\originals\background_noise\background_noise_0006.wav,background_noise,3.0,16000,1,,,,1,train
machinery_fault_0071,machinery_fault_0071.wav,C:\Users\Afzal Compters\Desktop\Sonic-sentinal-AI\audio_dataset\originals\machinery_fault\machinery_fault_0071.wav,machinery_fault,3.0,16000,1,,,,1,train
animal_sound_0100,animal_sound_0100.wav,C:\Users\Afzal Compters\Desktop\Sonic-sentinal-AI\audio_dataset\originals\animal_sound\animal_sound_0100.wav,animal_sound,3.0,16000,1,,,,1,train
glass_breaking_0098,glass_breaking_0098.wav,C:\Users\Afzal Compters\Desktop\Sonic-sentinal-AI\audio_dataset\originals\glass_breaking\glass_breaking_0098.wav,glass_breaking,3.0,16000,1,,,,1,train
panic_scream_0035,panic_scream_0035.wav,C:\Users\Afzal Compters\Desktop\Sonic-sentinal-AI\audio_dataset\originals\panic_scream\panic_scream_0035.wav,panic_scream,3.0,16000,1,,,,1,train
background_noise_0253,background_noise_0253.wav,C:\Users\Afzal Compters\Desktop\Sonic-sentinal-AI\audio_dataset\originals\background_noise\background_noise_0253.wav,background_noise,3.0,16000,1,,,,1,train
machinery_fault_0111,machinery_fault_0111.wav,C:\Users\Afzal Compters\Desktop\Sonic-sentinal-AI\audio_dataset\originals\machinery_fault\machinery_fault_0111.wav,machinery_fault,3.0,16000,1,,,,1,train
panic_scream_0083,panic_scream_0083.wav,C:\Users\Afzal Compters\Desktop\Sonic-sentinal-AI\audio_dataset\originals\panic_scream\panic_scream_0083.wav,panic_scream,3.0,16000,1,,,,1,train
machinery_fault_0300,machinery_fault_0300.wav,C:\Users\Afzal Compters\Desktop\Sonic-sentinal-AI\audio_dataset\originals\machinery_fault\machinery_fault_0300.wav,machinery_fault,3.0,16000,1,,,,1,train
alarm_siren_0026,alarm_siren_0026.wav,C:\Users\Afzal Compters\Desktop\Sonic-sentinal-AI\audio_dataset\originals\alarm_siren\alarm_siren_0026.wav,alarm_siren,3.0,16000,1,,,,1,train
animal_sound_0095,animal_sound_0095.wav,C:\Users\Afzal Compters\Desktop\Sonic-sentinal-AI\audio_dataset\originals\animal_sound\animal_sound_0095.wav,animal_sound,3.0,16000,1,,,,1,train
gunshot_0204,gunshot_0204.wav,C:\Users\Afzal Compters\Desktop\Sonic-sentinal-AI\audio_dataset\originals\gunshot\gunshot_0204.wav,gunshot,3.0,16000,1,,,,1,train
glass_breaking_0260,glass_breaking_0260.wav,C:\Users\Afzal Compters\Desktop\Sonic-sentinal-AI\audio_dataset\originals\glass_breaking\glass_breaking_0260.wav,glass_breaking,3.0,16000,1,,,,1,train
background_noise_0221,background_noise_0221.wav,C:\Users\Afzal Compters\Desktop\Sonic-sentinal-AI\audio_dataset\originals\background_noise\background_noise_0221.wav,background_noise,3.0,16000,1,,,,1,train
glass_breaking_0103,glass_breaking_0103.wav,C:\Users\Afzal Compters\Desktop\Sonic-sentinal-AI\audio_dataset\originals\glass_breaking\glass_breaking_0103.wav,glass_breaking,3.0,16000,1,,,,1,train
aggression_0146,aggression_0146.wav,C:\Users\Afzal Compters\Desktop\Sonic-sentinal-AI\audio_dataset\originals\aggression\aggression_0146.wav,aggression,3.0,16000,1,,,,1,train
animal_sound_0232,animal_sound_0232.wav,C:\Users\Afzal Compters\Desktop\Sonic-sentinal-AI\audio_dataset\originals\animal_sound\animal_sound_0232.wav,animal_sound,3.0,16000,1,,,,1,train
machinery_fault_0299,machinery_fault_0299.wav,C:\Users\Afzal Compters\Desktop\Sonic-sentinal-AI\audio_dataset\originals\machinery_fault\machinery_fault_0299.wav,machinery_fault,3.0,16000,1,,,,1,train
gunshot_0242,gunshot_0242.wav,C:\Users\Afzal Compters\Desktop\Sonic-sentinal-AI\audio_dataset\originals\gunshot\gunshot_0242.wav,gunshot,3.0,16000,1,,,,1,train
panic_scream_0256,panic_scream_0256.wav,C:\Users\Afzal Compters\Desktop\Sonic-sentinal-AI\audio_dataset\originals\panic_scream\panic_scream_0256.wav,panic_scream,3.0,16000,1,,,,1,train
machinery_fault_0245,machinery_fault_0245.wav,C:\Users\Afzal Compters\Desktop\Sonic-sentinal-AI\audio_dataset\originals\machinery_fault\machinery_fault_0245.wav,machinery_fault,3.0,16000,1,,,,1,train
animal_sound_0286,animal_sound_0286.wav,C:\Users\Afzal Compters\Desktop\Sonic-sentinal-AI\audio_dataset\originals\animal_sound\animal_sound_0286.wav,animal_sound,3.0,16000,1,,,,1,train
panic_scream_0058,panic_scream_0058.wav,C:\Users\Afzal Compters\Desktop\Sonic-sentinal-AI\audio_dataset\originals\panic_scream\panic_scream_0058.wav,panic_scream,3.0,16000,1,,,,1,train
glass_breaking_0043,glass_breaking_0043.wav,C:\Users\Afzal Compters\Desktop\Sonic-sentinal-AI\audio_dataset\originals\glass_breaking\glass_breaking_0043.wav,glass_breaking,3.0,16000,1,,,,1,train
glass_breaking_0030,glass_breaking_0030.wav,C:\Users\Afzal Compters\Desktop\Sonic-sentinal-AI\audio_dataset\originals\glass_breaking\glass_breaking_0030.wav,glass_breaking,3.0,16000,1,,,,1,train
glass_breaking_0273,glass_breaking_0273.wav,C:\Users\Afzal Compters\Desktop\Sonic-sentinal-AI\audio_dataset\originals\glass_breaking\glass_breaking_0273.wav,glass_breaking,3.0,16000,1,,,,1,train
alarm_siren_0043,alarm_siren_0043.wav,C:\Users\Afzal Compters\Desktop\Sonic-sentinal-AI\audio_dataset\originals\alarm_siren\alarm_siren_0043.wav,alarm_siren,3.0,16000,1,,,,1,train
animal_sound_0048,animal_sound_0048.wav,C:\Users\Afzal Compters\Desktop\Sonic-sentinal-AI\audio_dataset\originals\animal_sound\animal_sound_0048.wav,animal_sound,3.0,16000,1,,,,1,train
alarm_siren_0095,alarm_siren_0095.wav,C:\Users\Afzal Compters\Desktop\Sonic-sentinal-AI\audio_dataset\originals\alarm_siren\alarm_siren_0095.wav,alarm_siren,3.0,16000,1,,,,1,train
background_noise_0031,background_noise_0031.wav,C:\Users\Afzal Compters\Desktop\Sonic-sentinal-AI\audio_dataset\originals\background_noise\background_noise_0031.wav,background_noise,3.0,16000,1,,,,1,train
vehicle_horn_0290,vehicle_horn_0290.wav,C:\Users\Afzal Compters\Desktop\Sonic-sentinal-AI\audio_dataset\originals\vehicle_horn\vehicle_horn_0290.wav,vehicle_horn,3.0,16000,1,,,,1,train
alarm_siren_0287,alarm_siren_0287.wav,C:\Users\Afzal Compters\Desktop\Sonic-sentinal-AI\audio_dataset\originals\alarm_siren\alarm_siren_0287.wav,alarm_siren,3.0,16000,1,,,,1,train
alarm_siren_0139,alarm_siren_0139.wav,C:\Users\Afzal Compters\Desktop\Sonic-sentinal-AI\audio_dataset\originals\alarm_siren\alarm_siren_0139.wav,alarm_siren,3.0,16000,1,,,,1,train
animal_sound_0085,animal_sound_0085.wav,C:\Users\Afzal Compters\Desktop\Sonic-sentinal-AI\audio_dataset\originals\animal_sound\animal_sound_0085.wav,animal_sound,3.0,16000,1,,,,1,train
aggression_0056,aggression_0056.wav,C:\Users\Afzal Compters\Desktop\Sonic-sentinal-AI\audio_dataset\originals\aggression\aggression_0056.wav,aggression,3.0,16000,1,,,,1,train
alarm_siren_0248,alarm_siren_0248.wav,C:\Users\Afzal Compters\Desktop\Sonic-sentinal-AI\audio_dataset\originals\alarm_siren\alarm_siren_0248.wav,alarm_siren,3.0,16000,1,,,,1,train
gunshot_0027,gunshot_0027.wav,C:\Users\Afzal Compters\Desktop\Sonic-sentinal-AI\audio_dataset\originals\gunshot\gunshot_0027.wav,gunshot,3.0,16000,1,,,,1,train
background_noise_0183,background_noise_0183.wav,C:\Users\Afzal Compters\Desktop\Sonic-sentinal-AI\audio_dataset\originals\background_noise\background_noise_0183.wav,background_noise,3.0,16000,1,,,,1,train
machinery_fault_0284,machinery_fault_0284.wav,C:\Users\Afzal Compters\Desktop\Sonic-sentinal-AI\audio_dataset\originals\machinery_fault\machinery_fault_0284.wav,machinery_fault,3.0,16000,1,,,,1,train
background_noise_0172,background_noise_0172.wav,C:\Users\Afzal Compters\Desktop\Sonic-sentinal-AI\audio_dataset\originals\background_noise\background_noise_0172.wav,background_noise,3.0,16000,1,,,,1,train
machinery_fault_0218,machinery_fault_0218.wav,C:\Users\Afzal Compters\Desktop\Sonic-sentinal-AI\audio_dataset\originals\machinery_fault\machinery_fault_0218.wav,machinery_fault,3.0,16000,1,,,,1,train
gunshot_0291,gunshot_0291.wav,C:\Users\Afzal Compters\Desktop\Sonic-sentinal-AI\audio_dataset\originals\gunshot\gunshot_0291.wav,gunshot,3.0,16000,1,,,,1,train
glass_breaking_0147,glass_breaking_0147.wav,C:\Users\Afzal Compters\Desktop\Sonic-sentinal-AI\audio_dataset\originals\glass_breaking\glass_breaking_0147.wav,glass_breaking,3.0,16000,1,,,,1,train
machinery_fault_0173,machinery_fault_0173.wav,C:\Users\Afzal Compters\Desktop\Sonic-sentinal-AI\audio_dataset\originals\machinery_fault\machinery_fault_0173.wav,machinery_fault,3.0,16000,1,,,,1,train
machinery_fault_0242,machinery_fault_0242.wav,C:\Users\Afzal Compters\Desktop\Sonic-sentinal-AI\audio_dataset\originals\machinery_fault\machinery_fault_0242.wav,machinery_fault,3.0,16000,1,,,,1,train
alarm_siren_0152,alarm_siren_0152.wav,C:\Users\Afzal Compters\Desktop\Sonic-sentinal-AI\audio_dataset\originals\alarm_siren\alarm_siren_0152.wav,alarm_siren,3.0,16000,1,,,,1,train
panic_scream_0288,panic_scream_0288.wav,C:\Users\Afzal Compters\Desktop\Sonic-sentinal-AI\audio_dataset\originals\panic_scream\panic_scream_0288.wav,panic_scream,3.0,16000,1,,,,1,train
aggression_0291,aggression_0291.wav,C:\Users\Afzal Compters\Desktop\Sonic-sentinal-AI\audio_dataset\originals\aggression\aggression_0291.wav,aggression,3.0,16000,1,,,,1,train
glass_breaking_0233,glass_breaking_0233.wav,C:\Users\Afzal Compters\Desktop\Sonic-sentinal-AI\audio_dataset\originals\glass_breaking\glass_breaking_0233.wav,glass_breaking,3.0,16000,1,,,,1,train
aggression_0142,aggression_0142.wav,C:\Users\Afzal Compters\Desktop\Sonic-sentinal-AI\audio_dataset\originals\aggression\aggression_0142.wav,aggression,3.0,16000,1,,,,1,train
aggression_0162,aggression_0162.wav,C:\Users\Afzal Compters\Desktop\Sonic-sentinal-AI\audio_dataset\originals\aggression\aggression_0162.wav,aggression,3.0,16000,1,,,,1,train
background_noise_0011,background_noise_0011.wav,C:\Users\Afzal Compters\Desktop\Sonic-sentinal-AI\audio_dataset\originals\background_noise\background_noise_0011.wav,background_noise,3.0,16000,1,,,,1,train
glass_breaking_0140,glass_breaking_0140.wav,C:\Users\Afzal Compters\Desktop\Sonic-sentinal-AI\audio_dataset\originals\glass_breaking\glass_breaking_0140.wav,glass_breaking,3.0,16000,1,,,,1,train
alarm_siren_0013,alarm_siren_0013.wav,C:\Users\Afzal Compters\Desktop\Sonic-sentinal-AI\audio_dataset\originals\alarm_siren\alarm_siren_0013.wav,alarm_siren,3.0,16000,1,,,,1,train
panic_scream_0211,panic_scream_0211.wav,C:\Users\Afzal Compters\Desktop\Sonic-sentinal-AI\audio_dataset\originals\panic_scream\panic_scream_0211.wav,panic_scream,3.0,16000,1,,,,1,train
aggression_0080,aggression_0080.wav,C:\Users\Afzal Compters\Desktop\Sonic-sentinal-AI\audio_dataset\originals\aggression\aggression_0080.wav,aggression,3.0,16000,1,,,,1,train
alarm_siren_0169,alarm_siren_0169.wav,C:\Users\Afzal Compters\Desktop\Sonic-sentinal-AI\audio_dataset\originals\alarm_siren\alarm_siren_0169.wav,alarm_siren,3.0,16000,1,,,,1,train
vehicle_horn_0241,vehicle_horn_0241.wav,C:\Users\Afzal Compters\Desktop\Sonic-sentinal-AI\audio_dataset\originals\vehicle_horn\vehicle_horn_0241.wav,vehicle_horn,3.0,16000,1,,,,1,train
animal_sound_0090,animal_sound_0090.wav,C:\Users\Afzal Compters\Desktop\Sonic-sentinal-AI\audio_dataset\originals\animal_sound\animal_sound_0090.wav,animal_sound,3.0,16000,1,,,,1,train
machinery_fault_0283,machinery_fault_0283.wav,C:\Users\Afzal Compters\Desktop\Sonic-sentinal-AI\audio_dataset\originals\machinery_fault\machinery_fault_0283.wav,machinery_fault,3.0,16000,1,,,,1,train
gunshot_0138,gunshot_0138.wav,C:\Users\Afzal Compters\Desktop\Sonic-sentinal-AI\audio_dataset\originals\gunshot\gunshot_0138.wav,gunshot,3.0,16000,1,,,,1,train
machinery_fault_0194,machinery_fault_0194.wav,C:\Users\Afzal Compters\Desktop\Sonic-sentinal-AI\audio_dataset\originals\machinery_fault\machinery_fault_0194.wav,machinery_fault,3.0,16000,1,,,,1,train
alarm_siren_0174,alarm_siren_0174.wav,C:\Users\Afzal Compters\Desktop\Sonic-sentinal-AI\audio_dataset\originals\alarm_siren\alarm_siren_0174.wav,alarm_siren,3.0,16000,1,,,,1,train
gunshot_0243,gunshot_0243.wav,C:\Users\Afzal Compters\Desktop\Sonic-sentinal-AI\audio_dataset\originals\gunshot\gunshot_0243.wav,gunshot,3.0,16000,1,,,,1,train
background_noise_0143,background_noise_0143.wav,C:\Users\Afzal Compters\Desktop\Sonic-sentinal-AI\audio_dataset\originals\background_noise\background_noise_0143.wav,background_noise,3.0,16000,1,,,,1,train
vehicle_horn_0191,vehicle_horn_0191.wav,C:\Users\Afzal Compters\Desktop\Sonic-sentinal-AI\audio_dataset\originals\vehicle_horn\vehicle_horn_0191.wav,vehicle_horn,3.0,16000,1,,,,1,train
vehicle_horn_0109,vehicle_horn_0109.wav,C:\Users\Afzal Compters\Desktop\Sonic-sentinal-AI\audio_dataset\originals\vehicle_horn\vehicle_horn_0109.wav,vehicle_horn,3.0,16000,1,,,,1,train
machinery_fault_0031,machinery_fault_0031.wav,C:\Users\Afzal Compters\Desktop\Sonic-sentinal-AI\audio_dataset\originals\machinery_fault\machinery_fault_0031.wav,machinery_fault,3.0,16000,1,,,,1,train
gunshot_0087,gunshot_0087.wav,C:\Users\Afzal Compters\Desktop\Sonic-sentinal-AI\audio_dataset\originals\gunshot\gunshot_0087.wav,gunshot,3.0,16000,1,,,,1,train
alarm_siren_0051,alarm_siren_0051.wav,C:\Users\Afzal Compters\Desktop\Sonic-sentinal-AI\audio_dataset\originals\alarm_siren\alarm_siren_0051.wav,alarm_siren,3.0,16000,1,,,,1,train
alarm_siren_0020,alarm_siren_0020.wav,C:\Users\Afzal Compters\Desktop\Sonic-sentinal-AI\audio_dataset\originals\alarm_siren\alarm_siren_0020.wav,alarm_siren,3.0,16000,1,,,,1,train
alarm_siren_0158,alarm_siren_0158.wav,C:\Users\Afzal Compters\Desktop\Sonic-sentinal-AI\audio_dataset\originals\alarm_siren\alarm_siren_0158.wav,alarm_siren,3.0,16000,1,,,,1,train
glass_breaking_0163,glass_breaking_0163.wav,C:\Users\Afzal Compters\Desktop\Sonic-sentinal-AI\audio_dataset\originals\glass_breaking\glass_breaking_0163.wav,glass_breaking,3.0,16000,1,,,,1,train
aggression_0211,aggression_0211.wav,C:\Users\Afzal Compters\Desktop\Sonic-sentinal-AI\audio_dataset\originals\aggression\aggression_0211.wav,aggression,3.0,16000,1,,,,1,train
aggression_0286,aggression_0286.wav,C:\Users\Afzal Compters\Desktop\Sonic-sentinal-AI\audio_dataset\originals\aggression\aggression_0286.wav,aggression,3.0,16000,1,,,,1,train
animal_sound_0199,animal_sound_0199.wav,C:\Users\Afzal Compters\Desktop\Sonic-sentinal-AI\audio_dataset\originals\animal_sound\animal_sound_0199.wav,animal_sound,3.0,16000,1,,,,1,train
animal_sound_0182,animal_sound_0182.wav,C:\Users\Afzal Compters\Desktop\Sonic-sentinal-AI\audio_dataset\originals\animal_sound\animal_sound_0182.wav,animal_sound,3.0,16000,1,,,,1,train
alarm_siren_0116,alarm_siren_0116.wav,C:\Users\Afzal Compters\Desktop\Sonic-sentinal-AI\audio_dataset\originals\alarm_siren\alarm_siren_0116.wav,alarm_siren,3.0,16000,1,,,,1,train
gunshot_0089,gunshot_0089.wav,C:\Users\Afzal Compters\Desktop\Sonic-sentinal-AI\audio_dataset\originals\gunshot\gunshot_0089.wav,gunshot,3.0,16000,1,,,,1,train
vehicle_horn_0044,vehicle_horn_0044.wav,C:\Users\Afzal Compters\Desktop\Sonic-sentinal-AI\audio_dataset\originals\vehicle_horn\vehicle_horn_0044.wav,vehicle_horn,3.0,16000,1,,,,1,train
machinery_fault_0278,machinery_fault_0278.wav,C:\Users\Afzal Compters\Desktop\Sonic-sentinal-AI\audio_dataset\originals\machinery_fault\machinery_fault_0278.wav,machinery_fault,3.0,16000,1,,,,1,train
vehicle_horn_0265,vehicle_horn_0265.wav,C:\Users\Afzal Compters\Desktop\Sonic-sentinal-AI\audio_dataset\originals\vehicle_horn\vehicle_horn_0265.wav,vehicle_horn,3.0,16000,1,,,,1,train
gunshot_0196,gunshot_0196.wav,C:\Users\Afzal Compters\Desktop\Sonic-sentinal-AI\audio_dataset\originals\gunshot\gunshot_0196.wav,gunshot,3.0,16000,1,,,,1,train
gunshot_0135,gunshot_0135.wav,C:\Users\Afzal Compters\Desktop\Sonic-sentinal-AI\audio_dataset\originals\gunshot\gunshot_0135.wav,gunshot,3.0,16000,1,,,,1,train
background_noise_0084,background_noise_0084.wav,C:\Users\Afzal Compters\Desktop\Sonic-sentinal-AI\audio_dataset\originals\background_noise\background_noise_0084.wav,background_noise,3.0,16000,1,,,,1,train
panic_scream_0296,panic_scream_0296.wav,C:\Users\Afzal Compters\Desktop\Sonic-sentinal-AI\audio_dataset\originals\panic_scream\panic_scream_0296.wav,panic_scream,3.0,16000,1,,,,1,train
glass_breaking_0045,glass_breaking_0045.wav,C:\Users\Afzal Compters\Desktop\Sonic-sentinal-AI\audio_dataset\originals\glass_breaking\glass_breaking_0045.wav,glass_breaking,3.0,16000,1,,,,1,train
panic_scream_0024,panic_scream_0024.wav,C:\Users\Afzal Compters\Desktop\Sonic-sentinal-AI\audio_dataset\originals\panic_scream\panic_scream_0024.wav,panic_scream,3.0,16000,1,,,,1,train
gunshot_0097,gunshot_0097.wav,C:\Users\Afzal Compters\Desktop\Sonic-sentinal-AI\audio_dataset\originals\gunshot\gunshot_0097.wav,gunshot,3.0,16000,1,,,,1,train
background_noise_0159,background_noise_0159.wav,C:\Users\Afzal Compters\Desktop\Sonic-sentinal-AI\audio_dataset\originals\background_noise\background_noise_0159.wav,background_noise,3.0,16000,1,,,,1,train
vehicle_horn_0189,vehicle_horn_0189.wav,C:\Users\Afzal Compters\Desktop\Sonic-sentinal-AI\audio_dataset\originals\vehicle_horn\vehicle_horn_0189.wav,vehicle_horn,3.0,16000,1,,,,1,train
vehicle_horn_0181,vehicle_horn_0181.wav,C:\Users\Afzal Compters\Desktop\Sonic-sentinal-AI\audio_dataset\originals\vehicle_horn\vehicle_horn_0181.wav,vehicle_horn,3.0,16000,1,,,,1,train
vehicle_horn_0187,vehicle_horn_0187.wav,C:\Users\Afzal Compters\Desktop\Sonic-sentinal-AI\audio_dataset\originals\vehicle_horn\vehicle_horn_0187.wav,vehicle_horn,3.0,16000,1,,,,1,train
background_noise_0091,background_noise_0091.wav,C:\Users\Afzal Compters\Desktop\Sonic-sentinal-AI\audio_dataset\originals\background_noise\background_noise_0091.wav,background_noise,3.0,16000,1,,,,1,train
aggression_0009,aggression_0009.wav,C:\Users\Afzal Compters\Desktop\Sonic-sentinal-AI\audio_dataset\originals\aggression\aggression_0009.wav,aggression,3.0,16000,1,,,,1,train
background_noise_0102,background_noise_0102.wav,C:\Users\Afzal Compters\Desktop\Sonic-sentinal-AI\audio_dataset\originals\background_noise\background_noise_0102.wav,background_noise,3.0,16000,1,,,,1,train
panic_scream_0021,panic_scream_0021.wav,C:\Users\Afzal Compters\Desktop\Sonic-sentinal-AI\audio_dataset\originals\panic_scream\panic_scream_0021.wav,panic_scream,3.0,16000,1,,,,1,train
gunshot_0119,gunshot_0119.wav,C:\Users\Afzal Compters\Desktop\Sonic-sentinal-AI\audio_dataset\originals\gunshot\gunshot_0119.wav,gunshot,3.0,16000,1,,,,1,train
vehicle_horn_0173,vehicle_horn_0173.wav,C:\Users\Afzal Compters\Desktop\Sonic-sentinal-AI\audio_dataset\originals\vehicle_horn\vehicle_horn_0173.wav,vehicle_horn,3.0,16000,1,,,,1,train
machinery_fault_0221,machinery_fault_0221.wav,C:\Users\Afzal Compters\Desktop\Sonic-sentinal-AI\audio_dataset\originals\machinery_fault\machinery_fault_0221.wav,machinery_fault,3.0,16000,1,,,,1,train
gunshot_0153,gunshot_0153.wav,C:\Users\Afzal Compters\Desktop\Sonic-sentinal-AI\audio_dataset\originals\gunshot\gunshot_0153.wav,gunshot,3.0,16000,1,,,,1,train
panic_scream_0022,panic_scream_0022.wav,C:\Users\Afzal Compters\Desktop\Sonic-sentinal-AI\audio_dataset\originals\panic_scream\panic_scream_0022.wav,panic_scream,3.0,16000,1,,,,1,train
aggression_0270,aggression_0270.wav,C:\Users\Afzal Compters\Desktop\Sonic-sentinal-AI\audio_dataset\originals\aggression\aggression_0270.wav,aggression,3.0,16000,1,,,,1,train
animal_sound_0002,animal_sound_0002.wav,C:\Users\Afzal Compters\Desktop\Sonic-sentinal-AI\audio_dataset\originals\animal_sound\animal_sound_0002.wav,animal_sound,3.0,16000,1,,,,1,train
vehicle_horn_0201,vehicle_horn_0201.wav,C:\Users\Afzal Compters\Desktop\Sonic-sentinal-AI\audio_dataset\originals\vehicle_horn\vehicle_horn_0201.wav,vehicle_horn,3.0,16000,1,,,,1,train
panic_scream_0295,panic_scream_0295.wav,C:\Users\Afzal Compters\Desktop\Sonic-sentinal-AI\audio_dataset\originals\panic_scream\panic_scream_0295.wav,panic_scream,3.0,16000,1,,,,1,train
background_noise_0101,background_noise_0101.wav,C:\Users\Afzal Compters\Desktop\Sonic-sentinal-AI\audio_dataset\originals\background_noise\background_noise_0101.wav,background_noise,3.0,16000,1,,,,1,train
vehicle_horn_0114,vehicle_horn_0114.wav,C:\Users\Afzal Compters\Desktop\Sonic-sentinal-AI\audio_dataset\originals\vehicle_horn\vehicle_horn_0114.wav,vehicle_horn,3.0,16000,1,,,,1,train
vehicle_horn_0219,vehicle_horn_0219.wav,C:\Users\Afzal Compters\Desktop\Sonic-sentinal-AI\audio_dataset\originals\vehicle_horn\vehicle_horn_0219.wav,vehicle_horn,3.0,16000,1,,,,1,train
background_noise_0210,background_noise_0210.wav,C:\Users\Afzal Compters\Desktop\Sonic-sentinal-AI\audio_dataset\originals\background_noise\background_noise_0210.wav,background_noise,3.0,16000,1,,,,1,train
background_noise_0215,background_noise_0215.wav,C:\Users\Afzal Compters\Desktop\Sonic-sentinal-AI\audio_dataset\originals\background_noise\background_noise_0215.wav,background_noise,3.0,16000,1,,,,1,train
panic_scream_0192,panic_scream_0192.wav,C:\Users\Afzal Compters\Desktop\Sonic-sentinal-AI\audio_dataset\originals\panic_scream\panic_scream_0192.wav,panic_scream,3.0,16000,1,,,,1,train
glass_breaking_0201,glass_breaking_0201.wav,C:\Users\Afzal Compters\Desktop\Sonic-sentinal-AI\audio_dataset\originals\glass_breaking\glass_breaking_0201.wav,glass_breaking,3.0,16000,1,,,,1,train
animal_sound_0033,animal_sound_0033.wav,C:\Users\Afzal Compters\Desktop\Sonic-sentinal-AI\audio_dataset\originals\animal_sound\animal_sound_0033.wav,animal_sound,3.0,16000,1,,,,1,train
panic_scream_0277,panic_scream_0277.wav,C:\Users\Afzal Compters\Desktop\Sonic-sentinal-AI\audio_dataset\originals\panic_scream\panic_scream_0277.wav,panic_scream,3.0,16000,1,,,,1,train
background_noise_0047,background_noise_0047.wav,C:\Users\Afzal Compters\Desktop\Sonic-sentinal-AI\audio_dataset\originals\background_noise\background_noise_0047.wav,background_noise,3.0,16000,1,,,,1,train
aggression_0217,aggression_0217.wav,C:\Users\Afzal Compters\Desktop\Sonic-sentinal-AI\audio_dataset\originals\aggression\aggression_0217.wav,aggression,3.0,16000,1,,,,1,train
glass_breaking_0215,glass_breaking_0215.wav,C:\Users\Afzal Compters\Desktop\Sonic-sentinal-AI\audio_dataset\originals\glass_breaking\glass_breaking_0215.wav,glass_breaking,3.0,16000,1,,,,1,train
animal_sound_0044,animal_sound_0044.wav,C:\Users\Afzal Compters\Desktop\Sonic-sentinal-AI\audio_dataset\originals\animal_sound\animal_sound_0044.wav,animal_sound,3.0,16000,1,,,,1,train
aggression_0191,aggression_0191.wav,C:\Users\Afzal Compters\Desktop\Sonic-sentinal-AI\audio_dataset\originals\aggression\aggression_0191.wav,aggression,3.0,16000,1,,,,1,train
vehicle_horn_0132,vehicle_horn_0132.wav,C:\Users\Afzal Compters\Desktop\Sonic-sentinal-AI\audio_dataset\originals\vehicle_horn\vehicle_horn_0132.wav,vehicle_horn,3.0,16000,1,,,,1,train
machinery_fault_0065,machinery_fault_0065.wav,C:\Users\Afzal Compters\Desktop\Sonic-sentinal-AI\audio_dataset\originals\machinery_fault\machinery_fault_0065.wav,machinery_fault,3.0,16000,1,,,,1,train
alarm_siren_0277,alarm_siren_0277.wav,C:\Users\Afzal Compters\Desktop\Sonic-sentinal-AI\audio_dataset\originals\alarm_siren\alarm_siren_0277.wav,alarm_siren,3.0,16000,1,,,,1,train
vehicle_horn_0269,vehicle_horn_0269.wav,C:\Users\Afzal Compters\Desktop\Sonic-sentinal-AI\audio_dataset\originals\vehicle_horn\vehicle_horn_0269.wav,vehicle_horn,3.0,16000,1,,,,1,train
gunshot_0043,gunshot_0043.wav,C:\Users\Afzal Compters\Desktop\Sonic-sentinal-AI\audio_dataset\originals\gunshot\gunshot_0043.wav,gunshot,3.0,16000,1,,,,1,train
panic_scream_0117,panic_scream_0117.wav,C:\Users\Afzal Compters\Desktop\Sonic-sentinal-AI\audio_dataset\originals\panic_scream\panic_scream_0117.wav,panic_scream,3.0,16000,1,,,,1,train
vehicle_horn_0064,vehicle_horn_0064.wav,C:\Users\Afzal Compters\Desktop\Sonic-sentinal-AI\audio_dataset\originals\vehicle_horn\vehicle_horn_0064.wav,vehicle_horn,3.0,16000,1,,,,1,train
machinery_fault_0291,machinery_fault_0291.wav,C:\Users\Afzal Compters\Desktop\Sonic-sentinal-AI\audio_dataset\originals\machinery_fault\machinery_fault_0291.wav,machinery_fault,3.0,16000,1,,,,1,train
aggression_0181,aggression_0181.wav,C:\Users\Afzal Compters\Desktop\Sonic-sentinal-AI\audio_dataset\originals\aggression\aggression_0181.wav,aggression,3.0,16000,1,,,,1,train
vehicle_horn_0146,vehicle_horn_0146.wav,C:\Users\Afzal Compters\Desktop\Sonic-sentinal-AI\audio_dataset\originals\vehicle_horn\vehicle_horn_0146.wav,vehicle_horn,3.0,16000,1,,,,1,train
animal_sound_0024,animal_sound_0024.wav,C:\Users\Afzal Compters\Desktop\Sonic-sentinal-AI\audio_dataset\originals\animal_sound\animal_sound_0024.wav,animal_sound,3.0,16000,1,,,,1,train
gunshot_0161,gunshot_0161.wav,C:\Users\Afzal Compters\Desktop\Sonic-sentinal-AI\audio_dataset\originals\gunshot\gunshot_0161.wav,gunshot,3.0,16000,1,,,,1,train
gunshot_0267,gunshot_0267.wav,C:\Users\Afzal Compters\Desktop\Sonic-sentinal-AI\audio_dataset\originals\gunshot\gunshot_0267.wav,gunshot,3.0,16000,1,,,,1,train
gunshot_0028,gunshot_0028.wav,C:\Users\Afzal Compters\Desktop\Sonic-sentinal-AI\audio_dataset\originals\gunshot\gunshot_0028.wav,gunshot,3.0,16000,1,,,,1,train
alarm_siren_0211,alarm_siren_0211.wav,C:\Users\Afzal Compters\Desktop\Sonic-sentinal-AI\audio_dataset\originals\alarm_siren\alarm_siren_0211.wav,alarm_siren,3.0,16000,1,,,,1,train
alarm_siren_0083,alarm_siren_0083.wav,C:\Users\Afzal Compters\Desktop\Sonic-sentinal-AI\audio_dataset\originals\alarm_siren\alarm_siren_0083.wav,alarm_siren,3.0,16000,1,,,,1,train
glass_breaking_0183,glass_breaking_0183.wav,C:\Users\Afzal Compters\Desktop\Sonic-sentinal-AI\audio_dataset\originals\glass_breaking\glass_breaking_0183.wav,glass_breaking,3.0,16000,1,,,,1,train
alarm_siren_0155,alarm_siren_0155.wav,C:\Users\Afzal Compters\Desktop\Sonic-sentinal-AI\audio_dataset\originals\alarm_siren\alarm_siren_0155.wav,alarm_siren,3.0,16000,1,,,,1,train
panic_scream_0142,panic_scream_0142.wav,C:\Users\Afzal Compters\Desktop\Sonic-sentinal-AI\audio_dataset\originals\panic_scream\panic_scream_0142.wav,panic_scream,3.0,16000,1,,,,1,train
aggression_0070,aggression_0070.wav,C:\Users\Afzal Compters\Desktop\Sonic-sentinal-AI\audio_dataset\originals\aggression\aggression_0070.wav,aggression,3.0,16000,1,,,,1,train
machinery_fault_0202,machinery_fault_0202.wav,C:\Users\Afzal Compters\Desktop\Sonic-sentinal-AI\audio_dataset\originals\machinery_fault\machinery_fault_0202.wav,machinery_fault,3.0,16000,1,,,,1,train
glass_breaking_0085,glass_breaking_0085.wav,C:\Users\Afzal Compters\Desktop\Sonic-sentinal-AI\audio_dataset\originals\glass_breaking\glass_breaking_0085.wav,glass_breaking,3.0,16000,1,,,,1,train
machinery_fault_0151,machinery_fault_0151.wav,C:\Users\Afzal Compters\Desktop\Sonic-sentinal-AI\audio_dataset\originals\machinery_fault\machinery_fault_0151.wav,machinery_fault,3.0,16000,1,,,,1,train
gunshot_0166,gunshot_0166.wav,C:\Users\Afzal Compters\Desktop\Sonic-sentinal-AI\audio_dataset\originals\gunshot\gunshot_0166.wav,gunshot,3.0,16000,1,,,,1,train
background_noise_0036,background_noise_0036.wav,C:\Users\Afzal Compters\Desktop\Sonic-sentinal-AI\audio_dataset\originals\background_noise\background_noise_0036.wav,background_noise,3.0,16000,1,,,,1,train
gunshot_0190,gunshot_0190.wav,C:\Users\Afzal Compters\Desktop\Sonic-sentinal-AI\audio_dataset\originals\gunshot\gunshot_0190.wav,gunshot,3.0,16000,1,,,,1,train
glass_breaking_0159,glass_breaking_0159.wav,C:\Users\Afzal Compters\Desktop\Sonic-sentinal-AI\audio_dataset\originals\glass_breaking\glass_breaking_0159.wav,glass_breaking,3.0,16000,1,,,,1,train
background_noise_0110,background_noise_0110.wav,C:\Users\Afzal Compters\Desktop\Sonic-sentinal-AI\audio_dataset\originals\background_noise\background_noise_0110.wav,background_noise,3.0,16000,1,,,,1,train
background_noise_0057,background_noise_0057.wav,C:\Users\Afzal Compters\Desktop\Sonic-sentinal-AI\audio_dataset\originals\background_noise\background_noise_0057.wav,background_noise,3.0,16000,1,,,,1,train
alarm_siren_0216,alarm_siren_0216.wav,C:\Users\Afzal Compters\Desktop\Sonic-sentinal-AI\audio_dataset\originals\alarm_siren\alarm_siren_0216.wav,alarm_siren,3.0,16000,1,,,,1,train
vehicle_horn_0157,vehicle_horn_0157.wav,C:\Users\Afzal Compters\Desktop\Sonic-sentinal-AI\audio_dataset\originals\vehicle_horn\vehicle_horn_0157.wav,vehicle_horn,3.0,16000,1,,,,1,train
background_noise_0202,background_noise_0202.wav,C:\Users\Afzal Compters\Desktop\Sonic-sentinal-AI\audio_dataset\originals\background_noise\background_noise_0202.wav,background_noise,3.0,16000,1,,,,1,train
background_noise_0165,background_noise_0165.wav,C:\Users\Afzal Compters\Desktop\Sonic-sentinal-AI\audio_dataset\originals\background_noise\background_noise_0165.wav,background_noise,3.0,16000,1,,,,1,train
animal_sound_0058,animal_sound_0058.wav,C:\Users\Afzal Compters\Desktop\Sonic-sentinal-AI\audio_dataset\originals\animal_sound\animal_sound_0058.wav,animal_sound,3.0,16000,1,,,,1,train
alarm_siren_0235,alarm_siren_0235.wav,C:\Users\Afzal Compters\Desktop\Sonic-sentinal-AI\audio_dataset\originals\alarm_siren\alarm_siren_0235.wav,alarm_siren,3.0,16000,1,,,,1,train
vehicle_horn_0223,vehicle_horn_0223.wav,C:\Users\Afzal Compters\Desktop\Sonic-sentinal-AI\audio_dataset\originals\vehicle_horn\vehicle_horn_0223.wav,vehicle_horn,3.0,16000,1,,,,1,train
gunshot_0034,gunshot_0034.wav,C:\Users\Afzal Compters\Desktop\Sonic-sentinal-AI\audio_dataset\originals\gunshot\gunshot_0034.wav,gunshot,3.0,16000,1,,,,1,train
gunshot_0275,gunshot_0275.wav,C:\Users\Afzal Compters\Desktop\Sonic-sentinal-AI\audio_dataset\originals\gunshot\gunshot_0275.wav,gunshot,3.0,16000,1,,,,1,train
gunshot_0094,gunshot_0094.wav,C:\Users\Afzal Compters\Desktop\Sonic-sentinal-AI\audio_dataset\originals\gunshot\gunshot_0094.wav,gunshot,3.0,16000,1,,,,1,train
machinery_fault_0261,machinery_fault_0261.wav,C:\Users\Afzal Compters\Desktop\Sonic-sentinal-AI\audio_dataset\originals\machinery_fault\machinery_fault_0261.wav,machinery_fault,3.0,16000,1,,,,1,train
vehicle_horn_0123,vehicle_horn_0123.wav,C:\Users\Afzal Compters\Desktop\Sonic-sentinal-AI\audio_dataset\originals\vehicle_horn\vehicle_horn_0123.wav,vehicle_horn,3.0,16000,1,,,,1,train
background_noise_0147,background_noise_0147.wav,C:\Users\Afzal Compters\Desktop\Sonic-sentinal-AI\audio_dataset\originals\background_noise\background_noise_0147.wav,background_noise,3.0,16000,1,,,,1,train
gunshot_0006,gunshot_0006.wav,C:\Users\Afzal Compters\Desktop\Sonic-sentinal-AI\audio_dataset\originals\gunshot\gunshot_0006.wav,gunshot,3.0,16000,1,,,,1,train
vehicle_horn_0127,vehicle_horn_0127.wav,C:\Users\Afzal Compters\Desktop\Sonic-sentinal-AI\audio_dataset\originals\vehicle_horn\vehicle_horn_0127.wav,vehicle_horn,3.0,16000,1,,,,1,train
animal_sound_0082,animal_sound_0082.wav,C:\Users\Afzal Compters\Desktop\Sonic-sentinal-AI\audio_dataset\originals\animal_sound\animal_sound_0082.wav,animal_sound,3.0,16000,1,,,,1,train
machinery_fault_0273,machinery_fault_0273.wav,C:\Users\Afzal Compters\Desktop\Sonic-sentinal-AI\audio_dataset\originals\machinery_fault\machinery_fault_0273.wav,machinery_fault,3.0,16000,1,,,,1,train
aggression_0091,aggression_0091.wav,C:\Users\Afzal Compters\Desktop\Sonic-sentinal-AI\audio_dataset\originals\aggression\aggression_0091.wav,aggression,3.0,16000,1,,,,1,train
alarm_siren_0047,alarm_siren_0047.wav,C:\Users\Afzal Compters\Desktop\Sonic-sentinal-AI\audio_dataset\originals\alarm_siren\alarm_siren_0047.wav,alarm_siren,3.0,16000,1,,,,1,train
panic_scream_0222,panic_scream_0222.wav,C:\Users\Afzal Compters\Desktop\Sonic-sentinal-AI\audio_dataset\originals\panic_scream\panic_scream_0222.wav,panic_scream,3.0,16000,1,,,,1,train
animal_sound_0111,animal_sound_0111.wav,C:\Users\Afzal Compters\Desktop\Sonic-sentinal-AI\audio_dataset\originals\animal_sound\animal_sound_0111.wav,animal_sound,3.0,16000,1,,,,1,train
alarm_siren_0064,alarm_siren_0064.wav,C:\Users\Afzal Compters\Desktop\Sonic-sentinal-AI\audio_dataset\originals\alarm_siren\alarm_siren_0064.wav,alarm_siren,3.0,16000,1,,,,1,train
aggression_0071,aggression_0071.wav,C:\Users\Afzal Compters\Desktop\Sonic-sentinal-AI\audio_dataset\originals\aggression\aggression_0071.wav,aggression,3.0,16000,1,,,,1,train
animal_sound_0132,animal_sound_0132.wav,C:\Users\Afzal Compters\Desktop\Sonic-sentinal-AI\audio_dataset\originals\animal_sound\animal_sound_0132.wav,animal_sound,3.0,16000,1,,,,1,train
aggression_0081,aggression_0081.wav,C:\Users\Afzal Compters\Desktop\Sonic-sentinal-AI\audio_dataset\originals\aggression\aggression_0081.wav,aggression,3.0,16000,1,,,,1,train
aggression_0116,aggression_0116.wav,C:\Users\Afzal Compters\Desktop\Sonic-sentinal-AI\audio_dataset\originals\aggression\aggression_0116.wav,aggression,3.0,16000,1,,,,1,train
machinery_fault_0166,machinery_fault_0166.wav,C:\Users\Afzal Compters\Desktop\Sonic-sentinal-AI\audio_dataset\originals\machinery_fault\machinery_fault_0166.wav,machinery_fault,3.0,16000,1,,,,1,train
vehicle_horn_0203,vehicle_horn_0203.wav,C:\Users\Afzal Compters\Desktop\Sonic-sentinal-AI\audio_dataset\originals\vehicle_horn\vehicle_horn_0203.wav,vehicle_horn,3.0,16000,1,,,,1,train
vehicle_horn_0052,vehicle_horn_0052.wav,C:\Users\Afzal Compters\Desktop\Sonic-sentinal-AI\audio_dataset\originals\vehicle_horn\vehicle_horn_0052.wav,vehicle_horn,3.0,16000,1,,,,1,train
animal_sound_0191,animal_sound_0191.wav,C:\Users\Afzal Compters\Desktop\Sonic-sentinal-AI\audio_dataset\originals\animal_sound\animal_sound_0191.wav,animal_sound,3.0,16000,1,,,,1,train
animal_sound_0110,animal_sound_0110.wav,C:\Users\Afzal Compters\Desktop\Sonic-sentinal-AI\audio_dataset\originals\animal_sound\animal_sound_0110.wav,animal_sound,3.0,16000,1,,,,1,train
vehicle_horn_0258,vehicle_horn_0258.wav,C:\Users\Afzal Compters\Desktop\Sonic-sentinal-AI\audio_dataset\originals\vehicle_horn\vehicle_horn_0258.wav,vehicle_horn,3.0,16000,1,,,,1,train
aggression_0158,aggression_0158.wav,C:\Users\Afzal Compters\Desktop\Sonic-sentinal-AI\audio_dataset\originals\aggression\aggression_0158.wav,aggression,3.0,16000,1,,,,1,train
animal_sound_0185,animal_sound_0185.wav,C:\Users\Afzal Compters\Desktop\Sonic-sentinal-AI\audio_dataset\originals\animal_sound\animal_sound_0185.wav,animal_sound,3.0,16000,1,,,,1,train
background_noise_0120,background_noise_0120.wav,C:\Users\Afzal Compters\Desktop\Sonic-sentinal-AI\audio_dataset\originals\background_noise\background_noise_0120.wav,background_noise,3.0,16000,1,,,,1,train
aggression_0189,aggression_0189.wav,C:\Users\Afzal Compters\Desktop\Sonic-sentinal-AI\audio_dataset\originals\aggression\aggression_0189.wav,aggression,3.0,16000,1,,,,1,train
vehicle_horn_0272,vehicle_horn_0272.wav,C:\Users\Afzal Compters\Desktop\Sonic-sentinal-AI\audio_dataset\originals\vehicle_horn\vehicle_horn_0272.wav,vehicle_horn,3.0,16000,1,,,,1,train
machinery_fault_0214,machinery_fault_0214.wav,C:\Users\Afzal Compters\Desktop\Sonic-sentinal-AI\audio_dataset\originals\machinery_fault\machinery_fault_0214.wav,machinery_fault,3.0,16000,1,,,,1,train
glass_breaking_0285,glass_breaking_0285.wav,C:\Users\Afzal Compters\Desktop\Sonic-sentinal-AI\audio_dataset\originals\glass_breaking\glass_breaking_0285.wav,glass_breaking,3.0,16000,1,,,,1,train
vehicle_horn_0300,vehicle_horn_0300.wav,C:\Users\Afzal Compters\Desktop\Sonic-sentinal-AI\audio_dataset\originals\vehicle_horn\vehicle_horn_0300.wav,vehicle_horn,3.0,16000,1,,,,1,train
alarm_siren_0099,alarm_siren_0099.wav,C:\Users\Afzal Compters\Desktop\Sonic-sentinal-AI\audio_dataset\originals\alarm_siren\alarm_siren_0099.wav,alarm_siren,3.0,16000,1,,,,1,train
aggression_0185,aggression_0185.wav,C:\Users\Afzal Compters\Desktop\Sonic-sentinal-AI\audio_dataset\originals\aggression\aggression_0185.wav,aggression,3.0,16000,1,,,,1,train
animal_sound_0289,animal_sound_0289.wav,C:\Users\Afzal Compters\Desktop\Sonic-sentinal-AI\audio_dataset\originals\animal_sound\animal_sound_0289.wav,animal_sound,3.0,16000,1,,,,1,train
machinery_fault_0088,machinery_fault_0088.wav,C:\Users\Afzal Compters\Desktop\Sonic-sentinal-AI\audio_dataset\originals\machinery_fault\machinery_fault_0088.wav,machinery_fault,3.0,16000,1,,,,1,train
background_noise_0220,background_noise_0220.wav,C:\Users\Afzal Compters\Desktop\Sonic-sentinal-AI\audio_dataset\originals\background_noise\background_noise_0220.wav,background_noise,3.0,16000,1,,,,1,train
background_noise_0243,background_noise_0243.wav,C:\Users\Afzal Compters\Desktop\Sonic-sentinal-AI\audio_dataset\originals\background_noise\background_noise_0243.wav,background_noise,3.0,16000,1,,,,1,train
machinery_fault_0043,machinery_fault_0043.wav,C:\Users\Afzal Compters\Desktop\Sonic-sentinal-AI\audio_dataset\originals\machinery_fault\machinery_fault_0043.wav,machinery_fault,3.0,16000,1,,,,1,train
glass_breaking_0026,glass_breaking_0026.wav,C:\Users\Afzal Compters\Desktop\Sonic-sentinal-AI\audio_dataset\originals\glass_breaking\glass_breaking_0026.wav,glass_breaking,3.0,16000,1,,,,1,train
animal_sound_0223,animal_sound_0223.wav,C:\Users\Afzal Compters\Desktop\Sonic-sentinal-AI\audio_dataset\originals\animal_sound\animal_sound_0223.wav,animal_sound,3.0,16000,1,,,,1,train
panic_scream_0195,panic_scream_0195.wav,C:\Users\Afzal Compters\Desktop\Sonic-sentinal-AI\audio_dataset\originals\panic_scream\panic_scream_0195.wav,panic_scream,3.0,16000,1,,,,1,train
glass_breaking_0264,glass_breaking_0264.wav,C:\Users\Afzal Compters\Desktop\Sonic-sentinal-AI\audio_dataset\originals\glass_breaking\glass_breaking_0264.wav,glass_breaking,3.0,16000,1,,,,1,train
aggression_0218,aggression_0218.wav,C:\Users\Afzal Compters\Desktop\Sonic-sentinal-AI\audio_dataset\originals\aggression\aggression_0218.wav,aggression,3.0,16000,1,,,,1,train
vehicle_horn_0228,vehicle_horn_0228.wav,C:\Users\Afzal Compters\Desktop\Sonic-sentinal-AI\audio_dataset\originals\vehicle_horn\vehicle_horn_0228.wav,vehicle_horn,3.0,16000,1,,,,1,train
background_noise_0251,background_noise_0251.wav,C:\Users\Afzal Compters\Desktop\Sonic-sentinal-AI\audio_dataset\originals\background_noise\background_noise_0251.wav,background_noise,3.0,16000,1,,,,1,train
vehicle_horn_0217,vehicle_horn_0217.wav,C:\Users\Afzal Compters\Desktop\Sonic-sentinal-AI\audio_dataset\originals\vehicle_horn\vehicle_horn_0217.wav,vehicle_horn,3.0,16000,1,,,,1,train
aggression_0206,aggression_0206.wav,C:\Users\Afzal Compters\Desktop\Sonic-sentinal-AI\audio_dataset\originals\aggression\aggression_0206.wav,aggression,3.0,16000,1,,,,1,train
alarm_siren_0006,alarm_siren_0006.wav,C:\Users\Afzal Compters\Desktop\Sonic-sentinal-AI\audio_dataset\originals\alarm_siren\alarm_siren_0006.wav,alarm_siren,3.0,16000,1,,,,1,train
aggression_0141,aggression_0141.wav,C:\Users\Afzal Compters\Desktop\Sonic-sentinal-AI\audio_dataset\originals\aggression\aggression_0141.wav,aggression,3.0,16000,1,,,,1,train
vehicle_horn_0056,vehicle_horn_0056.wav,C:\Users\Afzal Compters\Desktop\Sonic-sentinal-AI\audio_dataset\originals\vehicle_horn\vehicle_horn_0056.wav,vehicle_horn,3.0,16000,1,,,,1,train
panic_scream_0059,panic_scream_0059.wav,C:\Users\Afzal Compters\Desktop\Sonic-sentinal-AI\audio_dataset\originals\panic_scream\panic_scream_0059.wav,panic_scream,3.0,16000,1,,,,1,train
background_noise_0065,background_noise_0065.wav,C:\Users\Afzal Compters\Desktop\Sonic-sentinal-AI\audio_dataset\originals\background_noise\background_noise_0065.wav,background_noise,3.0,16000,1,,,,1,train
animal_sound_0245,animal_sound_0245.wav,C:\Users\Afzal Compters\Desktop\Sonic-sentinal-AI\audio_dataset\originals\animal_sound\animal_sound_0245.wav,animal_sound,3.0,16000,1,,,,1,train
vehicle_horn_0250,vehicle_horn_0250.wav,C:\Users\Afzal Compters\Desktop\Sonic-sentinal-AI\audio_dataset\originals\vehicle_horn\vehicle_horn_0250.wav,vehicle_horn,3.0,16000,1,,,,1,train
animal_sound_0206,animal_sound_0206.wav,C:\Users\Afzal Compters\Desktop\Sonic-sentinal-AI\audio_dataset\originals\animal_sound\animal_sound_0206.wav,animal_sound,3.0,16000,1,,,,1,train
aggression_0216,aggression_0216.wav,C:\Users\Afzal Compters\Desktop\Sonic-sentinal-AI\audio_dataset\originals\aggression\aggression_0216.wav,aggression,3.0,16000,1,,,,1,train
aggression_0200,aggression_0200.wav,C:\Users\Afzal Compters\Desktop\Sonic-sentinal-AI\audio_dataset\originals\aggression\aggression_0200.wav,aggression,3.0,16000,1,,,,1,train
glass_breaking_0016,glass_breaking_0016.wav,C:\Users\Afzal Compters\Desktop\Sonic-sentinal-AI\audio_dataset\originals\glass_breaking\glass_breaking_0016.wav,glass_breaking,3.0,16000,1,,,,1,train
alarm_siren_0201,alarm_siren_0201.wav,C:\Users\Afzal Compters\Desktop\Sonic-sentinal-AI\audio_dataset\originals\alarm_siren\alarm_siren_0201.wav,alarm_siren,3.0,16000,1,,,,1,train
background_noise_0093,background_noise_0093.wav,C:\Users\Afzal Compters\Desktop\Sonic-sentinal-AI\audio_dataset\originals\background_noise\background_noise_0093.wav,background_noise,3.0,16000,1,,,,1,train
background_noise_0144,background_noise_0144.wav,C:\Users\Afzal Compters\Desktop\Sonic-sentinal-AI\audio_dataset\originals\background_noise\background_noise_0144.wav,background_noise,3.0,16000,1,,,,1,train
panic_scream_0001,panic_scream_0001.wav,C:\Users\Afzal Compters\Desktop\Sonic-sentinal-AI\audio_dataset\originals\panic_scream\panic_scream_0001.wav,panic_scream,3.0,16000,1,,,,1,train
glass_breaking_0003,glass_breaking_0003.wav,C:\Users\Afzal Compters\Desktop\Sonic-sentinal-AI\audio_dataset\originals\glass_breaking\glass_breaking_0003.wav,glass_breaking,3.0,16000,1,,,,1,train
panic_scream_0188,panic_scream_0188.wav,C:\Users\Afzal Compters\Desktop\Sonic-sentinal-AI\audio_dataset\originals\panic_scream\panic_scream_0188.wav,panic_scream,3.0,16000,1,,,,1,train
glass_breaking_0134,glass_breaking_0134.wav,C:\Users\Afzal Compters\Desktop\Sonic-sentinal-AI\audio_dataset\originals\glass_breaking\glass_breaking_0134.wav,glass_breaking,3.0,16000,1,,,,1,train
aggression_0088,aggression_0088.wav,C:\Users\Afzal Compters\Desktop\Sonic-sentinal-AI\audio_dataset\originals\aggression\aggression_0088.wav,aggression,3.0,16000,1,,,,1,train
aggression_0103,aggression_0103.wav,C:\Users\Afzal Compters\Desktop\Sonic-sentinal-AI\audio_dataset\originals\aggression\aggression_0103.wav,aggression,3.0,16000,1,,,,1,train
glass_breaking_0262,glass_breaking_0262.wav,C:\Users\Afzal Compters\Desktop\Sonic-sentinal-AI\audio_dataset\originals\glass_breaking\glass_breaking_0262.wav,glass_breaking,3.0,16000,1,,,,1,train
aggression_0008,aggression_0008.wav,C:\Users\Afzal Compters\Desktop\Sonic-sentinal-AI\audio_dataset\originals\aggression\aggression_0008.wav,aggression,3.0,16000,1,,,,1,train
panic_scream_0005,panic_scream_0005.wav,C:\Users\Afzal Compters\Desktop\Sonic-sentinal-AI\audio_dataset\originals\panic_scream\panic_scream_0005.wav,panic_scream,3.0,16000,1,,,,1,train
glass_breaking_0270,glass_breaking_0270.wav,C:\Users\Afzal Compters\Desktop\Sonic-sentinal-AI\audio_dataset\originals\glass_breaking\glass_breaking_0270.wav,glass_breaking,3.0,16000,1,,,,1,train
alarm_siren_0233,alarm_siren_0233.wav,C:\Users\Afzal Compters\Desktop\Sonic-sentinal-AI\audio_dataset\originals\alarm_siren\alarm_siren_0233.wav,alarm_siren,3.0,16000,1,,,,1,train
glass_breaking_0282,glass_breaking_0282.wav,C:\Users\Afzal Compters\Desktop\Sonic-sentinal-AI\audio_dataset\originals\glass_breaking\glass_breaking_0282.wav,glass_breaking,3.0,16000,1,,,,1,train
animal_sound_0141,animal_sound_0141.wav,C:\Users\Afzal Compters\Desktop\Sonic-sentinal-AI\audio_dataset\originals\animal_sound\animal_sound_0141.wav,animal_sound,3.0,16000,1,,,,1,train
vehicle_horn_0288,vehicle_horn_0288.wav,C:\Users\Afzal Compters\Desktop\Sonic-sentinal-AI\audio_dataset\originals\vehicle_horn\vehicle_horn_0288.wav,vehicle_horn,3.0,16000,1,,,,1,train
gunshot_0081,gunshot_0081.wav,C:\Users\Afzal Compters\Desktop\Sonic-sentinal-AI\audio_dataset\originals\gunshot\gunshot_0081.wav,gunshot,3.0,16000,1,,,,1,train
machinery_fault_0190,machinery_fault_0190.wav,C:\Users\Afzal Compters\Desktop\Sonic-sentinal-AI\audio_dataset\originals\machinery_fault\machinery_fault_0190.wav,machinery_fault,3.0,16000,1,,,,1,train
aggression_0078,aggression_0078.wav,C:\Users\Afzal Compters\Desktop\Sonic-sentinal-AI\audio_dataset\originals\aggression\aggression_0078.wav,aggression,3.0,16000,1,,,,1,train
panic_scream_0089,panic_scream_0089.wav,C:\Users\Afzal Compters\Desktop\Sonic-sentinal-AI\audio_dataset\originals\panic_scream\panic_scream_0089.wav,panic_scream,3.0,16000,1,,,,1,train
gunshot_0047,gunshot_0047.wav,C:\Users\Afzal Compters\Desktop\Sonic-sentinal-AI\audio_dataset\originals\gunshot\gunshot_0047.wav,gunshot,3.0,16000,1,,,,1,train
aggression_0180,aggression_0180.wav,C:\Users\Afzal Compters\Desktop\Sonic-sentinal-AI\audio_dataset\originals\aggression\aggression_0180.wav,aggression,3.0,16000,1,,,,1,train
glass_breaking_0090,glass_breaking_0090.wav,C:\Users\Afzal Compters\Desktop\Sonic-sentinal-AI\audio_dataset\originals\glass_breaking\glass_breaking_0090.wav,glass_breaking,3.0,16000,1,,,,1,train
machinery_fault_0067,machinery_fault_0067.wav,C:\Users\Afzal Compters\Desktop\Sonic-sentinal-AI\audio_dataset\originals\machinery_fault\machinery_fault_0067.wav,machinery_fault,3.0,16000,1,,,,1,train
aggression_0075,aggression_0075.wav,C:\Users\Afzal Compters\Desktop\Sonic-sentinal-AI\audio_dataset\originals\aggression\aggression_0075.wav,aggression,3.0,16000,1,,,,1,train
background_noise_0229,background_noise_0229.wav,C:\Users\Afzal Compters\Desktop\Sonic-sentinal-AI\audio_dataset\originals\background_noise\background_noise_0229.wav,background_noise,3.0,16000,1,,,,1,train
panic_scream_0207,panic_scream_0207.wav,C:\Users\Afzal Compters\Desktop\Sonic-sentinal-AI\audio_dataset\originals\panic_scream\panic_scream_0207.wav,panic_scream,3.0,16000,1,,,,1,train
vehicle_horn_0049,vehicle_horn_0049.wav,C:\Users\Afzal Compters\Desktop\Sonic-sentinal-AI\audio_dataset\originals\vehicle_horn\vehicle_horn_0049.wav,vehicle_horn,3.0,16000,1,,,,1,train
machinery_fault_0022,machinery_fault_0022.wav,C:\Users\Afzal Compters\Desktop\Sonic-sentinal-AI\audio_dataset\originals\machinery_fault\machinery_fault_0022.wav,machinery_fault,3.0,16000,1,,,,1,train
animal_sound_0098,animal_sound_0098.wav,C:\Users\Afzal Compters\Desktop\Sonic-sentinal-AI\audio_dataset\originals\animal_sound\animal_sound_0098.wav,animal_sound,3.0,16000,1,,,,1,train
gunshot_0003,gunshot_0003.wav,C:\Users\Afzal Compters\Desktop\Sonic-sentinal-AI\audio_dataset\originals\gunshot\gunshot_0003.wav,gunshot,3.0,16000,1,,,,1,train
background_noise_0083,background_noise_0083.wav,C:\Users\Afzal Compters\Desktop\Sonic-sentinal-AI\audio_dataset\originals\background_noise\background_noise_0083.wav,background_noise,3.0,16000,1,,,,1,train
gunshot_0063,gunshot_0063.wav,C:\Users\Afzal Compters\Desktop\Sonic-sentinal-AI\audio_dataset\originals\gunshot\gunshot_0063.wav,gunshot,3.0,16000,1,,,,1,train
glass_breaking_0166,glass_breaking_0166.wav,C:\Users\Afzal Compters\Desktop\Sonic-sentinal-AI\audio_dataset\originals\glass_breaking\glass_breaking_0166.wav,glass_breaking,3.0,16000,1,,,,1,train
aggression_0163,aggression_0163.wav,C:\Users\Afzal Compters\Desktop\Sonic-sentinal-AI\audio_dataset\originals\aggression\aggression_0163.wav,aggression,3.0,16000,1,,,,1,train
glass_breaking_0161,glass_breaking_0161.wav,C:\Users\Afzal Compters\Desktop\Sonic-sentinal-AI\audio_dataset\originals\glass_breaking\glass_breaking_0161.wav,glass_breaking,3.0,16000,1,,,,1,train
background_noise_0017,background_noise_0017.wav,C:\Users\Afzal Compters\Desktop\Sonic-sentinal-AI\audio_dataset\originals\background_noise\background_noise_0017.wav,background_noise,3.0,16000,1,,,,1,train
alarm_siren_0203,alarm_siren_0203.wav,C:\Users\Afzal Compters\Desktop\Sonic-sentinal-AI\audio_dataset\originals\alarm_siren\alarm_siren_0203.wav,alarm_siren,3.0,16000,1,,,,1,train
alarm_siren_0180,alarm_siren_0180.wav,C:\Users\Afzal Compters\Desktop\Sonic-sentinal-AI\audio_dataset\originals\alarm_siren\alarm_siren_0180.wav,alarm_siren,3.0,16000,1,,,,1,train
panic_scream_0229,panic_scream_0229.wav,C:\Users\Afzal Compters\Desktop\Sonic-sentinal-AI\audio_dataset\originals\panic_scream\panic_scream_0229.wav,panic_scream,3.0,16000,1,,,,1,train
aggression_0038,aggression_0038.wav,C:\Users\Afzal Compters\Desktop\Sonic-sentinal-AI\audio_dataset\originals\aggression\aggression_0038.wav,aggression,3.0,16000,1,,,,1,train
background_noise_0283,background_noise_0283.wav,C:\Users\Afzal Compters\Desktop\Sonic-sentinal-AI\audio_dataset\originals\background_noise\background_noise_0283.wav,background_noise,3.0,16000,1,,,,1,train
machinery_fault_0055,machinery_fault_0055.wav,C:\Users\Afzal Compters\Desktop\Sonic-sentinal-AI\audio_dataset\originals\machinery_fault\machinery_fault_0055.wav,machinery_fault,3.0,16000,1,,,,1,train
background_noise_0130,background_noise_0130.wav,C:\Users\Afzal Compters\Desktop\Sonic-sentinal-AI\audio_dataset\originals\background_noise\background_noise_0130.wav,background_noise,3.0,16000,1,,,,1,train
glass_breaking_0197,glass_breaking_0197.wav,C:\Users\Afzal Compters\Desktop\Sonic-sentinal-AI\audio_dataset\originals\glass_breaking\glass_breaking_0197.wav,glass_breaking,3.0,16000,1,,,,1,train
animal_sound_0127,animal_sound_0127.wav,C:\Users\Afzal Compters\Desktop\Sonic-sentinal-AI\audio_dataset\originals\animal_sound\animal_sound_0127.wav,animal_sound,3.0,16000,1,,,,1,train
panic_scream_0146,panic_scream_0146.wav,C:\Users\Afzal Compters\Desktop\Sonic-sentinal-AI\audio_dataset\originals\panic_scream\panic_scream_0146.wav,panic_scream,3.0,16000,1,,,,1,train
vehicle_horn_0264,vehicle_horn_0264.wav,C:\Users\Afzal Compters\Desktop\Sonic-sentinal-AI\audio_dataset\originals\vehicle_horn\vehicle_horn_0264.wav,vehicle_horn,3.0,16000,1,,,,1,train
aggression_0015,aggression_0015.wav,C:\Users\Afzal Compters\Desktop\Sonic-sentinal-AI\audio_dataset\originals\aggression\aggression_0015.wav,aggression,3.0,16000,1,,,,1,train
animal_sound_0018,animal_sound_0018.wav,C:\Users\Afzal Compters\Desktop\Sonic-sentinal-AI\audio_dataset\originals\animal_sound\animal_sound_0018.wav,animal_sound,3.0,16000,1,,,,1,train
vehicle_horn_0029,vehicle_horn_0029.wav,C:\Users\Afzal Compters\Desktop\Sonic-sentinal-AI\audio_dataset\originals\vehicle_horn\vehicle_horn_0029.wav,vehicle_horn,3.0,16000,1,,,,1,train
machinery_fault_0157,machinery_fault_0157.wav,C:\Users\Afzal Compters\Desktop\Sonic-sentinal-AI\audio_dataset\originals\machinery_fault\machinery_fault_0157.wav,machinery_fault,3.0,16000,1,,,,1,train
alarm_siren_0011,alarm_siren_0011.wav,C:\Users\Afzal Compters\Desktop\Sonic-sentinal-AI\audio_dataset\originals\alarm_siren\alarm_siren_0011.wav,alarm_siren,3.0,16000,1,,,,1,train
alarm_siren_0231,alarm_siren_0231.wav,C:\Users\Afzal Compters\Desktop\Sonic-sentinal-AI\audio_dataset\originals\alarm_siren\alarm_siren_0231.wav,alarm_siren,3.0,16000,1,,,,1,train
machinery_fault_0060,machinery_fault_0060.wav,C:\Users\Afzal Compters\Desktop\Sonic-sentinal-AI\audio_dataset\originals\machinery_fault\machinery_fault_0060.wav,machinery_fault,3.0,16000,1,,,,1,train
gunshot_0235,gunshot_0235.wav,C:\Users\Afzal Compters\Desktop\Sonic-sentinal-AI\audio_dataset\originals\gunshot\gunshot_0235.wav,gunshot,3.0,16000,1,,,,1,train
aggression_0018,aggression_0018.wav,C:\Users\Afzal Compters\Desktop\Sonic-sentinal-AI\audio_dataset\originals\aggression\aggression_0018.wav,aggression,3.0,16000,1,,,,1,train
panic_scream_0224,panic_scream_0224.wav,C:\Users\Afzal Compters\Desktop\Sonic-sentinal-AI\audio_dataset\originals\panic_scream\panic_scream_0224.wav,panic_scream,3.0,16000,1,,,,1,train
glass_breaking_0198,glass_breaking_0198.wav,C:\Users\Afzal Compters\Desktop\Sonic-sentinal-AI\audio_dataset\originals\glass_breaking\glass_breaking_0198.wav,glass_breaking,3.0,16000,1,,,,1,train
alarm_siren_0186,alarm_siren_0186.wav,C:\Users\Afzal Compters\Desktop\Sonic-sentinal-AI\audio_dataset\originals\alarm_siren\alarm_siren_0186.wav,alarm_siren,3.0,16000,1,,,,1,train
animal_sound_0091,animal_sound_0091.wav,C:\Users\Afzal Compters\Desktop\Sonic-sentinal-AI\audio_dataset\originals\animal_sound\animal_sound_0091.wav,animal_sound,3.0,16000,1,,,,1,train
aggression_0279,aggression_0279.wav,C:\Users\Afzal Compters\Desktop\Sonic-sentinal-AI\audio_dataset\originals\aggression\aggression_0279.wav,aggression,3.0,16000,1,,,,1,train
gunshot_0124,gunshot_0124.wav,C:\Users\Afzal Compters\Desktop\Sonic-sentinal-AI\audio_dataset\originals\gunshot\gunshot_0124.wav,gunshot,3.0,16000,1,,,,1,train
vehicle_horn_0071,vehicle_horn_0071.wav,C:\Users\Afzal Compters\Desktop\Sonic-sentinal-AI\audio_dataset\originals\vehicle_horn\vehicle_horn_0071.wav,vehicle_horn,3.0,16000,1,,,,1,train
animal_sound_0238,animal_sound_0238.wav,C:\Users\Afzal Compters\Desktop\Sonic-sentinal-AI\audio_dataset\originals\animal_sound\animal_sound_0238.wav,animal_sound,3.0,16000,1,,,,1,train
background_noise_0002,background_noise_0002.wav,C:\Users\Afzal Compters\Desktop\Sonic-sentinal-AI\audio_dataset\originals\background_noise\background_noise_0002.wav,background_noise,3.0,16000,1,,,,1,train
background_noise_0203,background_noise_0203.wav,C:\Users\Afzal Compters\Desktop\Sonic-sentinal-AI\audio_dataset\originals\background_noise\background_noise_0203.wav,background_noise,3.0,16000,1,,,,1,train
gunshot_0127,gunshot_0127.wav,C:\Users\Afzal Compters\Desktop\Sonic-sentinal-AI\audio_dataset\originals\gunshot\gunshot_0127.wav,gunshot,3.0,16000,1,,,,1,train
animal_sound_0059,animal_sound_0059.wav,C:\Users\Afzal Compters\Desktop\Sonic-sentinal-AI\audio_dataset\originals\animal_sound\animal_sound_0059.wav,animal_sound,3.0,16000,1,,,,1,train
background_noise_0289,background_noise_0289.wav,C:\Users\Afzal Compters\Desktop\Sonic-sentinal-AI\audio_dataset\originals\background_noise\background_noise_0289.wav,background_noise,3.0,16000,1,,,,1,train
gunshot_0083,gunshot_0083.wav,C:\Users\Afzal Compters\Desktop\Sonic-sentinal-AI\audio_dataset\originals\gunshot\gunshot_0083.wav,gunshot,3.0,16000,1,,,,1,train
gunshot_0217,gunshot_0217.wav,C:\Users\Afzal Compters\Desktop\Sonic-sentinal-AI\audio_dataset\originals\gunshot\gunshot_0217.wav,gunshot,3.0,16000,1,,,,1,train
aggression_0122,aggression_0122.wav,C:\Users\Afzal Compters\Desktop\Sonic-sentinal-AI\audio_dataset\originals\aggression\aggression_0122.wav,aggression,3.0,16000,1,,,,1,train
panic_scream_0080,panic_scream_0080.wav,C:\Users\Afzal Compters\Desktop\Sonic-sentinal-AI\audio_dataset\originals\panic_scream\panic_scream_0080.wav,panic_scream,3.0,16000,1,,,,1,train
background_noise_0173,background_noise_0173.wav,C:\Users\Afzal Compters\Desktop\Sonic-sentinal-AI\audio_dataset\originals\background_noise\background_noise_0173.wav,background_noise,3.0,16000,1,,,,1,train
background_noise_0261,background_noise_0261.wav,C:\Users\Afzal Compters\Desktop\Sonic-sentinal-AI\audio_dataset\originals\background_noise\background_noise_0261.wav,background_noise,3.0,16000,1,,,,1,train
vehicle_horn_0074,vehicle_horn_0074.wav,C:\Users\Afzal Compters\Desktop\Sonic-sentinal-AI\audio_dataset\originals\vehicle_horn\vehicle_horn_0074.wav,vehicle_horn,3.0,16000,1,,,,1,train
background_noise_0073,background_noise_0073.wav,C:\Users\Afzal Compters\Desktop\Sonic-sentinal-AI\audio_dataset\originals\background_noise\background_noise_0073.wav,background_noise,3.0,16000,1,,,,1,train
glass_breaking_0234,glass_breaking_0234.wav,C:\Users\Afzal Compters\Desktop\Sonic-sentinal-AI\audio_dataset\originals\glass_breaking\glass_breaking_0234.wav,glass_breaking,3.0,16000,1,,,,1,train
machinery_fault_0212,machinery_fault_0212.wav,C:\Users\Afzal Compters\Desktop\Sonic-sentinal-AI\audio_dataset\originals\machinery_fault\machinery_fault_0212.wav,machinery_fault,3.0,16000,1,,,,1,train
vehicle_horn_0020,vehicle_horn_0020.wav,C:\Users\Afzal Compters\Desktop\Sonic-sentinal-AI\audio_dataset\originals\vehicle_horn\vehicle_horn_0020.wav,vehicle_horn,3.0,16000,1,,,,1,train
glass_breaking_0009,glass_breaking_0009.wav,C:\Users\Afzal Compters\Desktop\Sonic-sentinal-AI\audio_dataset\originals\glass_breaking\glass_breaking_0009.wav,glass_breaking,3.0,16000,1,,,,1,train
panic_scream_0070,panic_scream_0070.wav,C:\Users\Afzal Compters\Desktop\Sonic-sentinal-AI\audio_dataset\originals\panic_scream\panic_scream_0070.wav,panic_scream,3.0,16000,1,,,,1,train
gunshot_0054,gunshot_0054.wav,C:\Users\Afzal Compters\Desktop\Sonic-sentinal-AI\audio_dataset\originals\gunshot\gunshot_0054.wav,gunshot,3.0,16000,1,,,,1,train
glass_breaking_0096,glass_breaking_0096.wav,C:\Users\Afzal Compters\Desktop\Sonic-sentinal-AI\audio_dataset\originals\glass_breaking\glass_breaking_0096.wav,glass_breaking,3.0,16000,1,,,,1,train
machinery_fault_0009,machinery_fault_0009.wav,C:\Users\Afzal Compters\Desktop\Sonic-sentinal-AI\audio_dataset\originals\machinery_fault\machinery_fault_0009.wav,machinery_fault,3.0,16000,1,,,,1,train
glass_breaking_0041,glass_breaking_0041.wav,C:\Users\Afzal Compters\Desktop\Sonic-sentinal-AI\audio_dataset\originals\glass_breaking\glass_breaking_0041.wav,glass_breaking,3.0,16000,1,,,,1,train
gunshot_0078,gunshot_0078.wav,C:\Users\Afzal Compters\Desktop\Sonic-sentinal-AI\audio_dataset\originals\gunshot\gunshot_0078.wav,gunshot,3.0,16000,1,,,,1,train
background_noise_0161,background_noise_0161.wav,C:\Users\Afzal Compters\Desktop\Sonic-sentinal-AI\audio_dataset\originals\background_noise\background_noise_0161.wav,background_noise,3.0,16000,1,,,,1,train
glass_breaking_0148,glass_breaking_0148.wav,C:\Users\Afzal Compters\Desktop\Sonic-sentinal-AI\audio_dataset\originals\glass_breaking\glass_breaking_0148.wav,glass_breaking,3.0,16000,1,,,,1,train
panic_scream_0249,panic_scream_0249.wav,C:\Users\Afzal Compters\Desktop\Sonic-sentinal-AI\audio_dataset\originals\panic_scream\panic_scream_0249.wav,panic_scream,3.0,16000,1,,,,1,train
vehicle_horn_0083,vehicle_horn_0083.wav,C:\Users\Afzal Compters\Desktop\Sonic-sentinal-AI\audio_dataset\originals\vehicle_horn\vehicle_horn_0083.wav,vehicle_horn,3.0,16000,1,,,,1,train
glass_breaking_0267,glass_breaking_0267.wav,C:\Users\Afzal Compters\Desktop\Sonic-sentinal-AI\audio_dataset\originals\glass_breaking\glass_breaking_0267.wav,glass_breaking,3.0,16000,1,,,,1,train
vehicle_horn_0163,vehicle_horn_0163.wav,C:\Users\Afzal Compters\Desktop\Sonic-sentinal-AI\audio_dataset\originals\vehicle_horn\vehicle_horn_0163.wav,vehicle_horn,3.0,16000,1,,,,1,train
panic_scream_0003,panic_scream_0003.wav,C:\Users\Afzal Compters\Desktop\Sonic-sentinal-AI\audio_dataset\originals\panic_scream\panic_scream_0003.wav,panic_scream,3.0,16000,1,,,,1,train
background_noise_0128,background_noise_0128.wav,C:\Users\Afzal Compters\Desktop\Sonic-sentinal-AI\audio_dataset\originals\background_noise\background_noise_0128.wav,background_noise,3.0,16000,1,,,,1,train
machinery_fault_0007,machinery_fault_0007.wav,C:\Users\Afzal Compters\Desktop\Sonic-sentinal-AI\audio_dataset\originals\machinery_fault\machinery_fault_0007.wav,machinery_fault,3.0,16000,1,,,,1,train
alarm_siren_0210,alarm_siren_0210.wav,C:\Users\Afzal Compters\Desktop\Sonic-sentinal-AI\audio_dataset\originals\alarm_siren\alarm_siren_0210.wav,alarm_siren,3.0,16000,1,,,,1,train
panic_scream_0230,panic_scream_0230.wav,C:\Users\Afzal Compters\Desktop\Sonic-sentinal-AI\audio_dataset\originals\panic_scream\panic_scream_0230.wav,panic_scream,3.0,16000,1,,,,1,train
glass_breaking_0236,glass_breaking_0236.wav,C:\Users\Afzal Compters\Desktop\Sonic-sentinal-AI\audio_dataset\originals\glass_breaking\glass_breaking_0236.wav,glass_breaking,3.0,16000,1,,,,1,train
vehicle_horn_0160,vehicle_horn_0160.wav,C:\Users\Afzal Compters\Desktop\Sonic-sentinal-AI\audio_dataset\originals\vehicle_horn\vehicle_horn_0160.wav,vehicle_horn,3.0,16000,1,,,,1,train
machinery_fault_0012,machinery_fault_0012.wav,C:\Users\Afzal Compters\Desktop\Sonic-sentinal-AI\audio_dataset\originals\machinery_fault\machinery_fault_0012.wav,machinery_fault,3.0,16000,1,,,,1,train
aggression_0155,aggression_0155.wav,C:\Users\Afzal Compters\Desktop\Sonic-sentinal-AI\audio_dataset\originals\aggression\aggression_0155.wav,aggression,3.0,16000,1,,,,1,train
panic_scream_0226,panic_scream_0226.wav,C:\Users\Afzal Compters\Desktop\Sonic-sentinal-AI\audio_dataset\originals\panic_scream\panic_scream_0226.wav,panic_scream,3.0,16000,1,,,,1,train
alarm_siren_0215,alarm_siren_0215.wav,C:\Users\Afzal Compters\Desktop\Sonic-sentinal-AI\audio_dataset\originals\alarm_siren\alarm_siren_0215.wav,alarm_siren,3.0,16000,1,,,,1,train
animal_sound_0263,animal_sound_0263.wav,C:\Users\Afzal Compters\Desktop\Sonic-sentinal-AI\audio_dataset\originals\animal_sound\animal_sound_0263.wav,animal_sound,3.0,16000,1,,,,1,train
machinery_fault_0136,machinery_fault_0136.wav,C:\Users\Afzal Compters\Desktop\Sonic-sentinal-AI\audio_dataset\originals\machinery_fault\machinery_fault_0136.wav,machinery_fault,3.0,16000,1,,,,1,train
alarm_siren_0299,alarm_siren_0299.wav,C:\Users\Afzal Compters\Desktop\Sonic-sentinal-AI\audio_dataset\originals\alarm_siren\alarm_siren_0299.wav,alarm_siren,3.0,16000,1,,,,1,train
background_noise_0008,background_noise_0008.wav,C:\Users\Afzal Compters\Desktop\Sonic-sentinal-AI\audio_dataset\originals\background_noise\background_noise_0008.wav,background_noise,3.0,16000,1,,,,1,train
vehicle_horn_0236,vehicle_horn_0236.wav,C:\Users\Afzal Compters\Desktop\Sonic-sentinal-AI\audio_dataset\originals\vehicle_horn\vehicle_horn_0236.wav,vehicle_horn,3.0,16000,1,,,,1,train
gunshot_0191,gunshot_0191.wav,C:\Users\Afzal Compters\Desktop\Sonic-sentinal-AI\audio_dataset\originals\gunshot\gunshot_0191.wav,gunshot,3.0,16000,1,,,,1,train
panic_scream_0109,panic_scream_0109.wav,C:\Users\Afzal Compters\Desktop\Sonic-sentinal-AI\audio_dataset\originals\panic_scream\panic_scream_0109.wav,panic_scream,3.0,16000,1,,,,1,train
animal_sound_0081,animal_sound_0081.wav,C:\Users\Afzal Compters\Desktop\Sonic-sentinal-AI\audio_dataset\originals\animal_sound\animal_sound_0081.wav,animal_sound,3.0,16000,1,,,,1,train
glass_breaking_0058,glass_breaking_0058.wav,C:\Users\Afzal Compters\Desktop\Sonic-sentinal-AI\audio_dataset\originals\glass_breaking\glass_breaking_0058.wav,glass_breaking,3.0,16000,1,,,,1,train
panic_scream_0032,panic_scream_0032.wav,C:\Users\Afzal Compters\Desktop\Sonic-sentinal-AI\audio_dataset\originals\panic_scream\panic_scream_0032.wav,panic_scream,3.0,16000,1,,,,1,train
vehicle_horn_0095,vehicle_horn_0095.wav,C:\Users\Afzal Compters\Desktop\Sonic-sentinal-AI\audio_dataset\originals\vehicle_horn\vehicle_horn_0095.wav,vehicle_horn,3.0,16000,1,,,,1,train
glass_breaking_0250,glass_breaking_0250.wav,C:\Users\Afzal Compters\Desktop\Sonic-sentinal-AI\audio_dataset\originals\glass_breaking\glass_breaking_0250.wav,glass_breaking,3.0,16000,1,,,,1,train
glass_breaking_0196,glass_breaking_0196.wav,C:\Users\Afzal Compters\Desktop\Sonic-sentinal-AI\audio_dataset\originals\glass_breaking\glass_breaking_0196.wav,glass_breaking,3.0,16000,1,,,,1,train
animal_sound_0203,animal_sound_0203.wav,C:\Users\Afzal Compters\Desktop\Sonic-sentinal-AI\audio_dataset\originals\animal_sound\animal_sound_0203.wav,animal_sound,3.0,16000,1,,,,1,train
panic_scream_0204,panic_scream_0204.wav,C:\Users\Afzal Compters\Desktop\Sonic-sentinal-AI\audio_dataset\originals\panic_scream\panic_scream_0204.wav,panic_scream,3.0,16000,1,,,,1,train
glass_breaking_0040,glass_breaking_0040.wav,C:\Users\Afzal Compters\Desktop\Sonic-sentinal-AI\audio_dataset\originals\glass_breaking\glass_breaking_0040.wav,glass_breaking,3.0,16000,1,,,,1,train
background_noise_0052,background_noise_0052.wav,C:\Users\Afzal Compters\Desktop\Sonic-sentinal-AI\audio_dataset\originals\background_noise\background_noise_0052.wav,background_noise,3.0,16000,1,,,,1,train
machinery_fault_0120,machinery_fault_0120.wav,C:\Users\Afzal Compters\Desktop\Sonic-sentinal-AI\audio_dataset\originals\machinery_fault\machinery_fault_0120.wav,machinery_fault,3.0,16000,1,,,,1,train
animal_sound_0083,animal_sound_0083.wav,C:\Users\Afzal Compters\Desktop\Sonic-sentinal-AI\audio_dataset\originals\animal_sound\animal_sound_0083.wav,animal_sound,3.0,16000,1,,,,1,train
background_noise_0019,background_noise_0019.wav,C:\Users\Afzal Compters\Desktop\Sonic-sentinal-AI\audio_dataset\originals\background_noise\background_noise_0019.wav,background_noise,3.0,16000,1,,,,1,train
alarm_siren_0160,alarm_siren_0160.wav,C:\Users\Afzal Compters\Desktop\Sonic-sentinal-AI\audio_dataset\originals\alarm_siren\alarm_siren_0160.wav,alarm_siren,3.0,16000,1,,,,1,train
gunshot_0015,gunshot_0015.wav,C:\Users\Afzal Compters\Desktop\Sonic-sentinal-AI\audio_dataset\originals\gunshot\gunshot_0015.wav,gunshot,3.0,16000,1,,,,1,train
animal_sound_0135,animal_sound_0135.wav,C:\Users\Afzal Compters\Desktop\Sonic-sentinal-AI\audio_dataset\originals\animal_sound\animal_sound_0135.wav,animal_sound,3.0,16000,1,,,,1,train
vehicle_horn_0266,vehicle_horn_0266.wav,C:\Users\Afzal Compters\Desktop\Sonic-sentinal-AI\audio_dataset\originals\vehicle_horn\vehicle_horn_0266.wav,vehicle_horn,3.0,16000,1,,,,1,train
gunshot_0192,gunshot_0192.wav,C:\Users\Afzal Compters\Desktop\Sonic-sentinal-AI\audio_dataset\originals\gunshot\gunshot_0192.wav,gunshot,3.0,16000,1,,,,1,train
alarm_siren_0079,alarm_siren_0079.wav,C:\Users\Afzal Compters\Desktop\Sonic-sentinal-AI\audio_dataset\originals\alarm_siren\alarm_siren_0079.wav,alarm_siren,3.0,16000,1,,,,1,train
machinery_fault_0193,machinery_fault_0193.wav,C:\Users\Afzal Compters\Desktop\Sonic-sentinal-AI\audio_dataset\originals\machinery_fault\machinery_fault_0193.wav,machinery_fault,3.0,16000,1,,,,1,train
panic_scream_0034,panic_scream_0034.wav,C:\Users\Afzal Compters\Desktop\Sonic-sentinal-AI\audio_dataset\originals\panic_scream\panic_scream_0034.wav,panic_scream,3.0,16000,1,,,,1,train
animal_sound_0205,animal_sound_0205.wav,C:\Users\Afzal Compters\Desktop\Sonic-sentinal-AI\audio_dataset\originals\animal_sound\animal_sound_0205.wav,animal_sound,3.0,16000,1,,,,1,train
glass_breaking_0046,glass_breaking_0046.wav,C:\Users\Afzal Compters\Desktop\Sonic-sentinal-AI\audio_dataset\originals\glass_breaking\glass_breaking_0046.wav,glass_breaking,3.0,16000,1,,,,1,train
animal_sound_0285,animal_sound_0285.wav,C:\Users\Afzal Compters\Desktop\Sonic-sentinal-AI\audio_dataset\originals\animal_sound\animal_sound_0285.wav,animal_sound,3.0,16000,1,,,,1,train
background_noise_0196,background_noise_0196.wav,C:\Users\Afzal Compters\Desktop\Sonic-sentinal-AI\audio_dataset\originals\background_noise\background_noise_0196.wav,background_noise,3.0,16000,1,,,,1,train
animal_sound_0131,animal_sound_0131.wav,C:\Users\Afzal Compters\Desktop\Sonic-sentinal-AI\audio_dataset\originals\animal_sound\animal_sound_0131.wav,animal_sound,3.0,16000,1,,,,1,train
gunshot_0202,gunshot_0202.wav,C:\Users\Afzal Compters\Desktop\Sonic-sentinal-AI\audio_dataset\originals\gunshot\gunshot_0202.wav,gunshot,3.0,16000,1,,,,1,train
alarm_siren_0098,alarm_siren_0098.wav,C:\Users\Afzal Compters\Desktop\Sonic-sentinal-AI\audio_dataset\originals\alarm_siren\alarm_siren_0098.wav,alarm_siren,3.0,16000,1,,,,1,train
aggression_0287,aggression_0287.wav,C:\Users\Afzal Compters\Desktop\Sonic-sentinal-AI\audio_dataset\originals\aggression\aggression_0287.wav,aggression,3.0,16000,1,,,,1,train
gunshot_0251,gunshot_0251.wav,C:\Users\Afzal Compters\Desktop\Sonic-sentinal-AI\audio_dataset\originals\gunshot\gunshot_0251.wav,gunshot,3.0,16000,1,,,,1,train
alarm_siren_0171,alarm_siren_0171.wav,C:\Users\Afzal Compters\Desktop\Sonic-sentinal-AI\audio_dataset\originals\alarm_siren\alarm_siren_0171.wav,alarm_siren,3.0,16000,1,,,,1,train
glass_breaking_0239,glass_breaking_0239.wav,C:\Users\Afzal Compters\Desktop\Sonic-sentinal-AI\audio_dataset\originals\glass_breaking\glass_breaking_0239.wav,glass_breaking,3.0,16000,1,,,,1,train
animal_sound_0142,animal_sound_0142.wav,C:\Users\Afzal Compters\Desktop\Sonic-sentinal-AI\audio_dataset\originals\animal_sound\animal_sound_0142.wav,animal_sound,3.0,16000,1,,,,1,train
vehicle_horn_0025,vehicle_horn_0025.wav,C:\Users\Afzal Compters\Desktop\Sonic-sentinal-AI\audio_dataset\originals\vehicle_horn\vehicle_horn_0025.wav,vehicle_horn,3.0,16000,1,,,,1,train
alarm_siren_0156,alarm_siren_0156.wav,C:\Users\Afzal Compters\Desktop\Sonic-sentinal-AI\audio_dataset\originals\alarm_siren\alarm_siren_0156.wav,alarm_siren,3.0,16000,1,,,,1,train
panic_scream_0171,panic_scream_0171.wav,C:\Users\Afzal Compters\Desktop\Sonic-sentinal-AI\audio_dataset\originals\panic_scream\panic_scream_0171.wav,panic_scream,3.0,16000,1,,,,1,train
machinery_fault_0269,machinery_fault_0269.wav,C:\Users\Afzal Compters\Desktop\Sonic-sentinal-AI\audio_dataset\originals\machinery_fault\machinery_fault_0269.wav,machinery_fault,3.0,16000,1,,,,1,train
background_noise_0292,background_noise_0292.wav,C:\Users\Afzal Compters\Desktop\Sonic-sentinal-AI\audio_dataset\originals\background_noise\background_noise_0292.wav,background_noise,3.0,16000,1,,,,1,train
aggression_0083,aggression_0083.wav,C:\Users\Afzal Compters\Desktop\Sonic-sentinal-AI\audio_dataset\originals\aggression\aggression_0083.wav,aggression,3.0,16000,1,,,,1,train
machinery_fault_0082,machinery_fault_0082.wav,C:\Users\Afzal Compters\Desktop\Sonic-sentinal-AI\audio_dataset\originals\machinery_fault\machinery_fault_0082.wav,machinery_fault,3.0,16000,1,,,,1,train
background_noise_0039,background_noise_0039.wav,C:\Users\Afzal Compters\Desktop\Sonic-sentinal-AI\audio_dataset\originals\background_noise\background_noise_0039.wav,background_noise,3.0,16000,1,,,,1,train
machinery_fault_0271,machinery_fault_0271.wav,C:\Users\Afzal Compters\Desktop\Sonic-sentinal-AI\audio_dataset\originals\machinery_fault\machinery_fault_0271.wav,machinery_fault,3.0,16000,1,,,,1,train
vehicle_horn_0140,vehicle_horn_0140.wav,C:\Users\Afzal Compters\Desktop\Sonic-sentinal-AI\audio_dataset\originals\vehicle_horn\vehicle_horn_0140.wav,vehicle_horn,3.0,16000,1,,,,1,train
aggression_0003,aggression_0003.wav,C:\Users\Afzal Compters\Desktop\Sonic-sentinal-AI\audio_dataset\originals\aggression\aggression_0003.wav,aggression,3.0,16000,1,,,,1,train
aggression_0293,aggression_0293.wav,C:\Users\Afzal Compters\Desktop\Sonic-sentinal-AI\audio_dataset\originals\aggression\aggression_0293.wav,aggression,3.0,16000,1,,,,1,train
background_noise_0176,background_noise_0176.wav,C:\Users\Afzal Compters\Desktop\Sonic-sentinal-AI\audio_dataset\originals\background_noise\background_noise_0176.wav,background_noise,3.0,16000,1,,,,1,train
alarm_siren_0157,alarm_siren_0157.wav,C:\Users\Afzal Compters\Desktop\Sonic-sentinal-AI\audio_dataset\originals\alarm_siren\alarm_siren_0157.wav,alarm_siren,3.0,16000,1,,,,1,train
glass_breaking_0158,glass_breaking_0158.wav,C:\Users\Afzal Compters\Desktop\Sonic-sentinal-AI\audio_dataset\originals\glass_breaking\glass_breaking_0158.wav,glass_breaking,3.0,16000,1,,,,1,train
aggression_0121,aggression_0121.wav,C:\Users\Afzal Compters\Desktop\Sonic-sentinal-AI\audio_dataset\originals\aggression\aggression_0121.wav,aggression,3.0,16000,1,,,,1,train
vehicle_horn_0284,vehicle_horn_0284.wav,C:\Users\Afzal Compters\Desktop\Sonic-sentinal-AI\audio_dataset\originals\vehicle_horn\vehicle_horn_0284.wav,vehicle_horn,3.0,16000,1,,,,1,train
vehicle_horn_0234,vehicle_horn_0234.wav,C:\Users\Afzal Compters\Desktop\Sonic-sentinal-AI\audio_dataset\originals\vehicle_horn\vehicle_horn_0234.wav,vehicle_horn,3.0,16000,1,,,,1,train
glass_breaking_0173,glass_breaking_0173.wav,C:\Users\Afzal Compters\Desktop\Sonic-sentinal-AI\audio_dataset\originals\glass_breaking\glass_breaking_0173.wav,glass_breaking,3.0,16000,1,,,,1,train
machinery_fault_0251,machinery_fault_0251.wav,C:\Users\Afzal Compters\Desktop\Sonic-sentinal-AI\audio_dataset\originals\machinery_fault\machinery_fault_0251.wav,machinery_fault,3.0,16000,1,,,,1,train
panic_scream_0203,panic_scream_0203.wav,C:\Users\Afzal Compters\Desktop\Sonic-sentinal-AI\audio_dataset\originals\panic_scream\panic_scream_0203.wav,panic_scream,3.0,16000,1,,,,1,train
gunshot_0068,gunshot_0068.wav,C:\Users\Afzal Compters\Desktop\Sonic-sentinal-AI\audio_dataset\originals\gunshot\gunshot_0068.wav,gunshot,3.0,16000,1,,,,1,train
animal_sound_0218,animal_sound_0218.wav,C:\Users\Afzal Compters\Desktop\Sonic-sentinal-AI\audio_dataset\originals\animal_sound\animal_sound_0218.wav,animal_sound,3.0,16000,1,,,,1,train
panic_scream_0118,panic_scream_0118.wav,C:\Users\Afzal Compters\Desktop\Sonic-sentinal-AI\audio_dataset\originals\panic_scream\panic_scream_0118.wav,panic_scream,3.0,16000,1,,,,1,train
animal_sound_0107,animal_sound_0107.wav,C:\Users\Afzal Compters\Desktop\Sonic-sentinal-AI\audio_dataset\originals\animal_sound\animal_sound_0107.wav,animal_sound,3.0,16000,1,,,,1,train
aggression_0182,aggression_0182.wav,C:\Users\Afzal Compters\Desktop\Sonic-sentinal-AI\audio_dataset\originals\aggression\aggression_0182.wav,aggression,3.0,16000,1,,,,1,train
gunshot_0039,gunshot_0039.wav,C:\Users\Afzal Compters\Desktop\Sonic-sentinal-AI\audio_dataset\originals\gunshot\gunshot_0039.wav,gunshot,3.0,16000,1,,,,1,train
background_noise_0080,background_noise_0080.wav,C:\Users\Afzal Compters\Desktop\Sonic-sentinal-AI\audio_dataset\originals\background_noise\background_noise_0080.wav,background_noise,3.0,16000,1,,,,1,train
alarm_siren_0146,alarm_siren_0146.wav,C:\Users\Afzal Compters\Desktop\Sonic-sentinal-AI\audio_dataset\originals\alarm_siren\alarm_siren_0146.wav,alarm_siren,3.0,16000,1,,,,1,train
panic_scream_0234,panic_scream_0234.wav,C:\Users\Afzal Compters\Desktop\Sonic-sentinal-AI\audio_dataset\originals\panic_scream\panic_scream_0234.wav,panic_scream,3.0,16000,1,,,,1,train
animal_sound_0248,animal_sound_0248.wav,C:\Users\Afzal Compters\Desktop\Sonic-sentinal-AI\audio_dataset\originals\animal_sound\animal_sound_0248.wav,animal_sound,3.0,16000,1,,,,1,train
animal_sound_0158,animal_sound_0158.wav,C:\Users\Afzal Compters\Desktop\Sonic-sentinal-AI\audio_dataset\originals\animal_sound\animal_sound_0158.wav,animal_sound,3.0,16000,1,,,,1,train
machinery_fault_0045,machinery_fault_0045.wav,C:\Users\Afzal Compters\Desktop\Sonic-sentinal-AI\audio_dataset\originals\machinery_fault\machinery_fault_0045.wav,machinery_fault,3.0,16000,1,,,,1,train
alarm_siren_0206,alarm_siren_0206.wav,C:\Users\Afzal Compters\Desktop\Sonic-sentinal-AI\audio_dataset\originals\alarm_siren\alarm_siren_0206.wav,alarm_siren,3.0,16000,1,,,,1,train
background_noise_0217,background_noise_0217.wav,C:\Users\Afzal Compters\Desktop\Sonic-sentinal-AI\audio_dataset\originals\background_noise\background_noise_0217.wav,background_noise,3.0,16000,1,,,,1,train
aggression_0224,aggression_0224.wav,C:\Users\Afzal Compters\Desktop\Sonic-sentinal-AI\audio_dataset\originals\aggression\aggression_0224.wav,aggression,3.0,16000,1,,,,1,train
alarm_siren_0126,alarm_siren_0126.wav,C:\Users\Afzal Compters\Desktop\Sonic-sentinal-AI\audio_dataset\originals\alarm_siren\alarm_siren_0126.wav,alarm_siren,3.0,16000,1,,,,1,train
glass_breaking_0253,glass_breaking_0253.wav,C:\Users\Afzal Compters\Desktop\Sonic-sentinal-AI\audio_dataset\originals\glass_breaking\glass_breaking_0253.wav,glass_breaking,3.0,16000,1,,,,1,train
machinery_fault_0080,machinery_fault_0080.wav,C:\Users\Afzal Compters\Desktop\Sonic-sentinal-AI\audio_dataset\originals\machinery_fault\machinery_fault_0080.wav,machinery_fault,3.0,16000,1,,,,1,train
animal_sound_0251,animal_sound_0251.wav,C:\Users\Afzal Compters\Desktop\Sonic-sentinal-AI\audio_dataset\originals\animal_sound\animal_sound_0251.wav,animal_sound,3.0,16000,1,,,,1,train
vehicle_horn_0214,vehicle_horn_0214.wav,C:\Users\Afzal Compters\Desktop\Sonic-sentinal-AI\audio_dataset\originals\vehicle_horn\vehicle_horn_0214.wav,vehicle_horn,3.0,16000,1,,,,1,train
alarm_siren_0093,alarm_siren_0093.wav,C:\Users\Afzal Compters\Desktop\Sonic-sentinal-AI\audio_dataset\originals\alarm_siren\alarm_siren_0093.wav,alarm_siren,3.0,16000,1,,,,1,train
glass_breaking_0021,glass_breaking_0021.wav,C:\Users\Afzal Compters\Desktop\Sonic-sentinal-AI\audio_dataset\originals\glass_breaking\glass_breaking_0021.wav,glass_breaking,3.0,16000,1,,,,1,train
panic_scream_0241,panic_scream_0241.wav,C:\Users\Afzal Compters\Desktop\Sonic-sentinal-AI\audio_dataset\originals\panic_scream\panic_scream_0241.wav,panic_scream,3.0,16000,1,,,,1,train
glass_breaking_0300,glass_breaking_0300.wav,C:\Users\Afzal Compters\Desktop\Sonic-sentinal-AI\audio_dataset\originals\glass_breaking\glass_breaking_0300.wav,glass_breaking,3.0,16000,1,,,,1,train
glass_breaking_0185,glass_breaking_0185.wav,C:\Users\Afzal Compters\Desktop\Sonic-sentinal-AI\audio_dataset\originals\glass_breaking\glass_breaking_0185.wav,glass_breaking,3.0,16000,1,,,,1,train
glass_breaking_0232,glass_breaking_0232.wav,C:\Users\Afzal Compters\Desktop\Sonic-sentinal-AI\audio_dataset\originals\glass_breaking\glass_breaking_0232.wav,glass_breaking,3.0,16000,1,,,,1,train
animal_sound_0124,animal_sound_0124.wav,C:\Users\Afzal Compters\Desktop\Sonic-sentinal-AI\audio_dataset\originals\animal_sound\animal_sound_0124.wav,animal_sound,3.0,16000,1,,,,1,train
vehicle_horn_0141,vehicle_horn_0141.wav,C:\Users\Afzal Compters\Desktop\Sonic-sentinal-AI\audio_dataset\originals\vehicle_horn\vehicle_horn_0141.wav,vehicle_horn,3.0,16000,1,,,,1,train
machinery_fault_0162,machinery_fault_0162.wav,C:\Users\Afzal Compters\Desktop\Sonic-sentinal-AI\audio_dataset\originals\machinery_fault\machinery_fault_0162.wav,machinery_fault,3.0,16000,1,,,,1,train
alarm_siren_0023,alarm_siren_0023.wav,C:\Users\Afzal Compters\Desktop\Sonic-sentinal-AI\audio_dataset\originals\alarm_siren\alarm_siren_0023.wav,alarm_siren,3.0,16000,1,,,,1,train
vehicle_horn_0271,vehicle_horn_0271.wav,C:\Users\Afzal Compters\Desktop\Sonic-sentinal-AI\audio_dataset\originals\vehicle_horn\vehicle_horn_0271.wav,vehicle_horn,3.0,16000,1,,,,1,train
alarm_siren_0100,alarm_siren_0100.wav,C:\Users\Afzal Compters\Desktop\Sonic-sentinal-AI\audio_dataset\originals\alarm_siren\alarm_siren_0100.wav,alarm_siren,3.0,16000,1,,,,1,train
aggression_0300,aggression_0300.wav,C:\Users\Afzal Compters\Desktop\Sonic-sentinal-AI\audio_dataset\originals\aggression\aggression_0300.wav,aggression,3.0,16000,1,,,,1,train
glass_breaking_0220,glass_breaking_0220.wav,C:\Users\Afzal Compters\Desktop\Sonic-sentinal-AI\audio_dataset\originals\glass_breaking\glass_breaking_0220.wav,glass_breaking,3.0,16000,1,,,,1,train
alarm_siren_0247,alarm_siren_0247.wav,C:\Users\Afzal Compters\Desktop\Sonic-sentinal-AI\audio_dataset\originals\alarm_siren\alarm_siren_0247.wav,alarm_siren,3.0,16000,1,,,,1,train
panic_scream_0110,panic_scream_0110.wav,C:\Users\Afzal Compters\Desktop\Sonic-sentinal-AI\audio_dataset\originals\panic_scream\panic_scream_0110.wav,panic_scream,3.0,16000,1,,,,1,train
machinery_fault_0169,machinery_fault_0169.wav,C:\Users\Afzal Compters\Desktop\Sonic-sentinal-AI\audio_dataset\originals\machinery_fault\machinery_fault_0169.wav,machinery_fault,3.0,16000,1,,,,1,train
vehicle_horn_0247,vehicle_horn_0247.wav,C:\Users\Afzal Compters\Desktop\Sonic-sentinal-AI\audio_dataset\originals\vehicle_horn\vehicle_horn_0247.wav,vehicle_horn,3.0,16000,1,,,,1,train
panic_scream_0134,panic_scream_0134.wav,C:\Users\Afzal Compters\Desktop\Sonic-sentinal-AI\audio_dataset\originals\panic_scream\panic_scream_0134.wav,panic_scream,3.0,16000,1,,,,1,train
background_noise_0124,background_noise_0124.wav,C:\Users\Afzal Compters\Desktop\Sonic-sentinal-AI\audio_dataset\originals\background_noise\background_noise_0124.wav,background_noise,3.0,16000,1,,,,1,train
animal_sound_0188,animal_sound_0188.wav,C:\Users\Afzal Compters\Desktop\Sonic-sentinal-AI\audio_dataset\originals\animal_sound\animal_sound_0188.wav,animal_sound,3.0,16000,1,,,,1,train
gunshot_0194,gunshot_0194.wav,C:\Users\Afzal Compters\Desktop\Sonic-sentinal-AI\audio_dataset\originals\gunshot\gunshot_0194.wav,gunshot,3.0,16000,1,,,,1,train
gunshot_0086,gunshot_0086.wav,C:\Users\Afzal Compters\Desktop\Sonic-sentinal-AI\audio_dataset\originals\gunshot\gunshot_0086.wav,gunshot,3.0,16000,1,,,,1,train
gunshot_0105,gunshot_0105.wav,C:\Users\Afzal Compters\Desktop\Sonic-sentinal-AI\audio_dataset\originals\gunshot\gunshot_0105.wav,gunshot,3.0,16000,1,,,,1,train
vehicle_horn_0119,vehicle_horn_0119.wav,C:\Users\Afzal Compters\Desktop\Sonic-sentinal-AI\audio_dataset\originals\vehicle_horn\vehicle_horn_0119.wav,vehicle_horn,3.0,16000,1,,,,1,train
background_noise_0242,background_noise_0242.wav,C:\Users\Afzal Compters\Desktop\Sonic-sentinal-AI\audio_dataset\originals\background_noise\background_noise_0242.wav,background_noise,3.0,16000,1,,,,1,train
glass_breaking_0248,glass_breaking_0248.wav,C:\Users\Afzal Compters\Desktop\Sonic-sentinal-AI\audio_dataset\originals\glass_breaking\glass_breaking_0248.wav,glass_breaking,3.0,16000,1,,,,1,train
glass_breaking_0006,glass_breaking_0006.wav,C:\Users\Afzal Compters\Desktop\Sonic-sentinal-AI\audio_dataset\originals\glass_breaking\glass_breaking_0006.wav,glass_breaking,3.0,16000,1,,,,1,train
vehicle_horn_0078,vehicle_horn_0078.wav,C:\Users\Afzal Compters\Desktop\Sonic-sentinal-AI\audio_dataset\originals\vehicle_horn\vehicle_horn_0078.wav,vehicle_horn,3.0,16000,1,,,,1,train
aggression_0082,aggression_0082.wav,C:\Users\Afzal Compters\Desktop\Sonic-sentinal-AI\audio_dataset\originals\aggression\aggression_0082.wav,aggression,3.0,16000,1,,,,1,train
aggression_0263,aggression_0263.wav,C:\Users\Afzal Compters\Desktop\Sonic-sentinal-AI\audio_dataset\originals\aggression\aggression_0263.wav,aggression,3.0,16000,1,,,,1,train
alarm_siren_0282,alarm_siren_0282.wav,C:\Users\Afzal Compters\Desktop\Sonic-sentinal-AI\audio_dataset\originals\alarm_siren\alarm_siren_0282.wav,alarm_siren,3.0,16000,1,,,,1,train
aggression_0172,aggression_0172.wav,C:\Users\Afzal Compters\Desktop\Sonic-sentinal-AI\audio_dataset\originals\aggression\aggression_0172.wav,aggression,3.0,16000,1,,,,1,train
gunshot_0254,gunshot_0254.wav,C:\Users\Afzal Compters\Desktop\Sonic-sentinal-AI\audio_dataset\originals\gunshot\gunshot_0254.wav,gunshot,3.0,16000,1,,,,1,train
alarm_siren_0129,alarm_siren_0129.wav,C:\Users\Afzal Compters\Desktop\Sonic-sentinal-AI\audio_dataset\originals\alarm_siren\alarm_siren_0129.wav,alarm_siren,3.0,16000,1,,,,1,train
machinery_fault_0091,machinery_fault_0091.wav,C:\Users\Afzal Compters\Desktop\Sonic-sentinal-AI\audio_dataset\originals\machinery_fault\machinery_fault_0091.wav,machinery_fault,3.0,16000,1,,,,1,train
machinery_fault_0026,machinery_fault_0026.wav,C:\Users\Afzal Compters\Desktop\Sonic-sentinal-AI\audio_dataset\originals\machinery_fault\machinery_fault_0026.wav,machinery_fault,3.0,16000,1,,,,1,train
machinery_fault_0059,machinery_fault_0059.wav,C:\Users\Afzal Compters\Desktop\Sonic-sentinal-AI\audio_dataset\originals\machinery_fault\machinery_fault_0059.wav,machinery_fault,3.0,16000,1,,,,1,train
panic_scream_0281,panic_scream_0281.wav,C:\Users\Afzal Compters\Desktop\Sonic-sentinal-AI\audio_dataset\originals\panic_scream\panic_scream_0281.wav,panic_scream,3.0,16000,1,,,,1,train
alarm_siren_0033,alarm_siren_0033.wav,C:\Users\Afzal Compters\Desktop\Sonic-sentinal-AI\audio_dataset\originals\alarm_siren\alarm_siren_0033.wav,alarm_siren,3.0,16000,1,,,,1,train
machinery_fault_0098,machinery_fault_0098.wav,C:\Users\Afzal Compters\Desktop\Sonic-sentinal-AI\audio_dataset\originals\machinery_fault\machinery_fault_0098.wav,machinery_fault,3.0,16000,1,,,,1,train
background_noise_0119,background_noise_0119.wav,C:\Users\Afzal Compters\Desktop\Sonic-sentinal-AI\audio_dataset\originals\background_noise\background_noise_0119.wav,background_noise,3.0,16000,1,,,,1,train
machinery_fault_0093,machinery_fault_0093.wav,C:\Users\Afzal Compters\Desktop\Sonic-sentinal-AI\audio_dataset\originals\machinery_fault\machinery_fault_0093.wav,machinery_fault,3.0,16000,1,,,,1,train
glass_breaking_0099,glass_breaking_0099.wav,C:\Users\Afzal Compters\Desktop\Sonic-sentinal-AI\audio_dataset\originals\glass_breaking\glass_breaking_0099.wav,glass_breaking,3.0,16000,1,,,,1,train
machinery_fault_0192,machinery_fault_0192.wav,C:\Users\Afzal Compters\Desktop\Sonic-sentinal-AI\audio_dataset\originals\machinery_fault\machinery_fault_0192.wav,machinery_fault,3.0,16000,1,,,,1,train
aggression_0135,aggression_0135.wav,C:\Users\Afzal Compters\Desktop\Sonic-sentinal-AI\audio_dataset\originals\aggression\aggression_0135.wav,aggression,3.0,16000,1,,,,1,train
machinery_fault_0241,machinery_fault_0241.wav,C:\Users\Afzal Compters\Desktop\Sonic-sentinal-AI\audio_dataset\originals\machinery_fault\machinery_fault_0241.wav,machinery_fault,3.0,16000,1,,,,1,train
vehicle_horn_0014,vehicle_horn_0014.wav,C:\Users\Afzal Compters\Desktop\Sonic-sentinal-AI\audio_dataset\originals\vehicle_horn\vehicle_horn_0014.wav,vehicle_horn,3.0,16000,1,,,,1,train
aggression_0149,aggression_0149.wav,C:\Users\Afzal Compters\Desktop\Sonic-sentinal-AI\audio_dataset\originals\aggression\aggression_0149.wav,aggression,3.0,16000,1,,,,1,train
gunshot_0277,gunshot_0277.wav,C:\Users\Afzal Compters\Desktop\Sonic-sentinal-AI\audio_dataset\originals\gunshot\gunshot_0277.wav,gunshot,3.0,16000,1,,,,1,train
aggression_0207,aggression_0207.wav,C:\Users\Afzal Compters\Desktop\Sonic-sentinal-AI\audio_dataset\originals\aggression\aggression_0207.wav,aggression,3.0,16000,1,,,,1,train
aggression_0055,aggression_0055.wav,C:\Users\Afzal Compters\Desktop\Sonic-sentinal-AI\audio_dataset\originals\aggression\aggression_0055.wav,aggression,3.0,16000,1,,,,1,train
aggression_0249,aggression_0249.wav,C:\Users\Afzal Compters\Desktop\Sonic-sentinal-AI\audio_dataset\originals\aggression\aggression_0249.wav,aggression,3.0,16000,1,,,,1,train
background_noise_0194,background_noise_0194.wav,C:\Users\Afzal Compters\Desktop\Sonic-sentinal-AI\audio_dataset\originals\background_noise\background_noise_0194.wav,background_noise,3.0,16000,1,,,,1,train
vehicle_horn_0096,vehicle_horn_0096.wav,C:\Users\Afzal Compters\Desktop\Sonic-sentinal-AI\audio_dataset\originals\vehicle_horn\vehicle_horn_0096.wav,vehicle_horn,3.0,16000,1,,,,1,train
gunshot_0290,gunshot_0290.wav,C:\Users\Afzal Compters\Desktop\Sonic-sentinal-AI\audio_dataset\originals\gunshot\gunshot_0290.wav,gunshot,3.0,16000,1,,,,1,train
aggression_0058,aggression_0058.wav,C:\Users\Afzal Compters\Desktop\Sonic-sentinal-AI\audio_dataset\originals\aggression\aggression_0058.wav,aggression,3.0,16000,1,,,,1,train
background_noise_0281,background_noise_0281.wav,C:\Users\Afzal Compters\Desktop\Sonic-sentinal-AI\audio_dataset\originals\background_noise\background_noise_0281.wav,background_noise,3.0,16000,1,,,,1,train
vehicle_horn_0273,vehicle_horn_0273.wav,C:\Users\Afzal Compters\Desktop\Sonic-sentinal-AI\audio_dataset\originals\vehicle_horn\vehicle_horn_0273.wav,vehicle_horn,3.0,16000,1,,,,1,train
animal_sound_0169,animal_sound_0169.wav,C:\Users\Afzal Compters\Desktop\Sonic-sentinal-AI\audio_dataset\originals\animal_sound\animal_sound_0169.wav,animal_sound,3.0,16000,1,,,,1,train
glass_breaking_0117,glass_breaking_0117.wav,C:\Users\Afzal Compters\Desktop\Sonic-sentinal-AI\audio_dataset\originals\glass_breaking\glass_breaking_0117.wav,glass_breaking,3.0,16000,1,,,,1,train
animal_sound_0130,animal_sound_0130.wav,C:\Users\Afzal Compters\Desktop\Sonic-sentinal-AI\audio_dataset\originals\animal_sound\animal_sound_0130.wav,animal_sound,3.0,16000,1,,,,1,train
panic_scream_0289,panic_scream_0289.wav,C:\Users\Afzal Compters\Desktop\Sonic-sentinal-AI\audio_dataset\originals\panic_scream\panic_scream_0289.wav,panic_scream,3.0,16000,1,,,,1,train
vehicle_horn_0283,vehicle_horn_0283.wav,C:\Users\Afzal Compters\Desktop\Sonic-sentinal-AI\audio_dataset\originals\vehicle_horn\vehicle_horn_0283.wav,vehicle_horn,3.0,16000,1,,,,1,train
gunshot_0041,gunshot_0041.wav,C:\Users\Afzal Compters\Desktop\Sonic-sentinal-AI\audio_dataset\originals\gunshot\gunshot_0041.wav,gunshot,3.0,16000,1,,,,1,train
vehicle_horn_0242,vehicle_horn_0242.wav,C:\Users\Afzal Compters\Desktop\Sonic-sentinal-AI\audio_dataset\originals\vehicle_horn\vehicle_horn_0242.wav,vehicle_horn,3.0,16000,1,,,,1,train
vehicle_horn_0113,vehicle_horn_0113.wav,C:\Users\Afzal Compters\Desktop\Sonic-sentinal-AI\audio_dataset\originals\vehicle_horn\vehicle_horn_0113.wav,vehicle_horn,3.0,16000,1,,,,1,train
panic_scream_0220,panic_scream_0220.wav,C:\Users\Afzal Compters\Desktop\Sonic-sentinal-AI\audio_dataset\originals\panic_scream\panic_scream_0220.wav,panic_scream,3.0,16000,1,,,,1,train
panic_scream_0046,panic_scream_0046.wav,C:\Users\Afzal Compters\Desktop\Sonic-sentinal-AI\audio_dataset\originals\panic_scream\panic_scream_0046.wav,panic_scream,3.0,16000,1,,,,1,train
alarm_siren_0147,alarm_siren_0147.wav,C:\Users\Afzal Compters\Desktop\Sonic-sentinal-AI\audio_dataset\originals\alarm_siren\alarm_siren_0147.wav,alarm_siren,3.0,16000,1,,,,1,train
gunshot_0236,gunshot_0236.wav,C:\Users\Afzal Compters\Desktop\Sonic-sentinal-AI\audio_dataset\originals\gunshot\gunshot_0236.wav,gunshot,3.0,16000,1,,,,1,train
gunshot_0032,gunshot_0032.wav,C:\Users\Afzal Compters\Desktop\Sonic-sentinal-AI\audio_dataset\originals\gunshot\gunshot_0032.wav,gunshot,3.0,16000,1,,,,1,train
vehicle_horn_0087,vehicle_horn_0087.wav,C:\Users\Afzal Compters\Desktop\Sonic-sentinal-AI\audio_dataset\originals\vehicle_horn\vehicle_horn_0087.wav,vehicle_horn,3.0,16000,1,,,,1,train
machinery_fault_0121,machinery_fault_0121.wav,C:\Users\Afzal Compters\Desktop\Sonic-sentinal-AI\audio_dataset\originals\machinery_fault\machinery_fault_0121.wav,machinery_fault,3.0,16000,1,,,,1,train
animal_sound_0172,animal_sound_0172.wav,C:\Users\Afzal Compters\Desktop\Sonic-sentinal-AI\audio_dataset\originals\animal_sound\animal_sound_0172.wav,animal_sound,3.0,16000,1,,,,1,train
glass_breaking_0191,glass_breaking_0191.wav,C:\Users\Afzal Compters\Desktop\Sonic-sentinal-AI\audio_dataset\originals\glass_breaking\glass_breaking_0191.wav,glass_breaking,3.0,16000,1,,,,1,train
panic_scream_0141,panic_scream_0141.wav,C:\Users\Afzal Compters\Desktop\Sonic-sentinal-AI\audio_dataset\originals\panic_scream\panic_scream_0141.wav,panic_scream,3.0,16000,1,,,,1,train
vehicle_horn_0211,vehicle_horn_0211.wav,C:\Users\Afzal Compters\Desktop\Sonic-sentinal-AI\audio_dataset\originals\vehicle_horn\vehicle_horn_0211.wav,vehicle_horn,3.0,16000,1,,,,1,train
gunshot_0256,gunshot_0256.wav,C:\Users\Afzal Compters\Desktop\Sonic-sentinal-AI\audio_dataset\originals\gunshot\gunshot_0256.wav,gunshot,3.0,16000,1,,,,1,train
gunshot_0297,gunshot_0297.wav,C:\Users\Afzal Compters\Desktop\Sonic-sentinal-AI\audio_dataset\originals\gunshot\gunshot_0297.wav,gunshot,3.0,16000,1,,,,1,train
machinery_fault_0256,machinery_fault_0256.wav,C:\Users\Afzal Compters\Desktop\Sonic-sentinal-AI\audio_dataset\originals\machinery_fault\machinery_fault_0256.wav,machinery_fault,3.0,16000,1,,,,1,train
aggression_0063,aggression_0063.wav,C:\Users\Afzal Compters\Desktop\Sonic-sentinal-AI\audio_dataset\originals\aggression\aggression_0063.wav,aggression,3.0,16000,1,,,,1,train
animal_sound_0126,animal_sound_0126.wav,C:\Users\Afzal Compters\Desktop\Sonic-sentinal-AI\audio_dataset\originals\animal_sound\animal_sound_0126.wav,animal_sound,3.0,16000,1,,,,1,train
animal_sound_0231,animal_sound_0231.wav,C:\Users\Afzal Compters\Desktop\Sonic-sentinal-AI\audio_dataset\originals\animal_sound\animal_sound_0231.wav,animal_sound,3.0,16000,1,,,,1,train
vehicle_horn_0053,vehicle_horn_0053.wav,C:\Users\Afzal Compters\Desktop\Sonic-sentinal-AI\audio_dataset\originals\vehicle_horn\vehicle_horn_0053.wav,vehicle_horn,3.0,16000,1,,,,1,train
alarm_siren_0145,alarm_siren_0145.wav,C:\Users\Afzal Compters\Desktop\Sonic-sentinal-AI\audio_dataset\originals\alarm_siren\alarm_siren_0145.wav,alarm_siren,3.0,16000,1,,,,1,train
aggression_0159,aggression_0159.wav,C:\Users\Afzal Compters\Desktop\Sonic-sentinal-AI\audio_dataset\originals\aggression\aggression_0159.wav,aggression,3.0,16000,1,,,,1,train
aggression_0014,aggression_0014.wav,C:\Users\Afzal Compters\Desktop\Sonic-sentinal-AI\audio_dataset\originals\aggression\aggression_0014.wav,aggression,3.0,16000,1,,,,1,train
vehicle_horn_0070,vehicle_horn_0070.wav,C:\Users\Afzal Compters\Desktop\Sonic-sentinal-AI\audio_dataset\originals\vehicle_horn\vehicle_horn_0070.wav,vehicle_horn,3.0,16000,1,,,,1,train
animal_sound_0103,animal_sound_0103.wav,C:\Users\Afzal Compters\Desktop\Sonic-sentinal-AI\audio_dataset\originals\animal_sound\animal_sound_0103.wav,animal_sound,3.0,16000,1,,,,1,train
glass_breaking_0087,glass_breaking_0087.wav,C:\Users\Afzal Compters\Desktop\Sonic-sentinal-AI\audio_dataset\originals\glass_breaking\glass_breaking_0087.wav,glass_breaking,3.0,16000,1,,,,1,train
background_noise_0127,background_noise_0127.wav,C:\Users\Afzal Compters\Desktop\Sonic-sentinal-AI\audio_dataset\originals\background_noise\background_noise_0127.wav,background_noise,3.0,16000,1,,,,1,validation
vehicle_horn_0037,vehicle_horn_0037.wav,C:\Users\Afzal Compters\Desktop\Sonic-sentinal-AI\audio_dataset\originals\vehicle_horn\vehicle_horn_0037.wav,vehicle_horn,3.0,16000,1,,,,1,validation
machinery_fault_0279,machinery_fault_0279.wav,C:\Users\Afzal Compters\Desktop\Sonic-sentinal-AI\audio_dataset\originals\machinery_fault\machinery_fault_0279.wav,machinery_fault,3.0,16000,1,,,,1,validation
background_noise_0061,background_noise_0061.wav,C:\Users\Afzal Compters\Desktop\Sonic-sentinal-AI\audio_dataset\originals\background_noise\background_noise_0061.wav,background_noise,3.0,16000,1,,,,1,validation
alarm_siren_0265,alarm_siren_0265.wav,C:\Users\Afzal Compters\Desktop\Sonic-sentinal-AI\audio_dataset\originals\alarm_siren\alarm_siren_0265.wav,alarm_siren,3.0,16000,1,,,,1,validation
machinery_fault_0198,machinery_fault_0198.wav,C:\Users\Afzal Compters\Desktop\Sonic-sentinal-AI\audio_dataset\originals\machinery_fault\machinery_fault_0198.wav,machinery_fault,3.0,16000,1,,,,1,validation
machinery_fault_0057,machinery_fault_0057.wav,C:\Users\Afzal Compters\Desktop\Sonic-sentinal-AI\audio_dataset\originals\machinery_fault\machinery_fault_0057.wav,machinery_fault,3.0,16000,1,,,,1,validation
gunshot_0283,gunshot_0283.wav,C:\Users\Afzal Compters\Desktop\Sonic-sentinal-AI\audio_dataset\originals\gunshot\gunshot_0283.wav,gunshot,3.0,16000,1,,,,1,validation
panic_scream_0299,panic_scream_0299.wav,C:\Users\Afzal Compters\Desktop\Sonic-sentinal-AI\audio_dataset\originals\panic_scream\panic_scream_0299.wav,panic_scream,3.0,16000,1,,,,1,validation
machinery_fault_0249,machinery_fault_0249.wav,C:\Users\Afzal Compters\Desktop\Sonic-sentinal-AI\audio_dataset\originals\machinery_fault\machinery_fault_0249.wav,machinery_fault,3.0,16000,1,,,,1,validation
alarm_siren_0208,alarm_siren_0208.wav,C:\Users\Afzal Compters\Desktop\Sonic-sentinal-AI\audio_dataset\originals\alarm_siren\alarm_siren_0208.wav,alarm_siren,3.0,16000,1,,,,1,validation
panic_scream_0235,panic_scream_0235.wav,C:\Users\Afzal Compters\Desktop\Sonic-sentinal-AI\audio_dataset\originals\panic_scream\panic_scream_0235.wav,panic_scream,3.0,16000,1,,,,1,validation
background_noise_0032,background_noise_0032.wav,C:\Users\Afzal Compters\Desktop\Sonic-sentinal-AI\audio_dataset\originals\background_noise\background_noise_0032.wav,background_noise,3.0,16000,1,,,,1,validation
background_noise_0274,background_noise_0274.wav,C:\Users\Afzal Compters\Desktop\Sonic-sentinal-AI\audio_dataset\originals\background_noise\background_noise_0274.wav,background_noise,3.0,16000,1,,,,1,validation
vehicle_horn_0008,vehicle_horn_0008.wav,C:\Users\Afzal Compters\Desktop\Sonic-sentinal-AI\audio_dataset\originals\vehicle_horn\vehicle_horn_0008.wav,vehicle_horn,3.0,16000,1,,,,1,validation
panic_scream_0276,panic_scream_0276.wav,C:\Users\Afzal Compters\Desktop\Sonic-sentinal-AI\audio_dataset\originals\panic_scream\panic_scream_0276.wav,panic_scream,3.0,16000,1,,,,1,validation
gunshot_0226,gunshot_0226.wav,C:\Users\Afzal Compters\Desktop\Sonic-sentinal-AI\audio_dataset\originals\gunshot\gunshot_0226.wav,gunshot,3.0,16000,1,,,,1,validation
panic_scream_0261,panic_scream_0261.wav,C:\Users\Afzal Compters\Desktop\Sonic-sentinal-AI\audio_dataset\originals\panic_scream\panic_scream_0261.wav,panic_scream,3.0,16000,1,,,,1,validation
glass_breaking_0120,glass_breaking_0120.wav,C:\Users\Afzal Compters\Desktop\Sonic-sentinal-AI\audio_dataset\originals\glass_breaking\glass_breaking_0120.wav,glass_breaking,3.0,16000,1,,,,1,validation
alarm_siren_0260,alarm_siren_0260.wav,C:\Users\Afzal Compters\Desktop\Sonic-sentinal-AI\audio_dataset\originals\alarm_siren\alarm_siren_0260.wav,alarm_siren,3.0,16000,1,,,,1,validation
aggression_0176,aggression_0176.wav,C:\Users\Afzal Compters\Desktop\Sonic-sentinal-AI\audio_dataset\originals\aggression\aggression_0176.wav,aggression,3.0,16000,1,,,,1,validation
animal_sound_0003,animal_sound_0003.wav,C:\Users\Afzal Compters\Desktop\Sonic-sentinal-AI\audio_dataset\originals\animal_sound\animal_sound_0003.wav,animal_sound,3.0,16000,1,,,,1,validation
panic_scream_0139,panic_scream_0139.wav,C:\Users\Afzal Compters\Desktop\Sonic-sentinal-AI\audio_dataset\originals\panic_scream\panic_scream_0139.wav,panic_scream,3.0,16000,1,,,,1,validation
glass_breaking_0182,glass_breaking_0182.wav,C:\Users\Afzal Compters\Desktop\Sonic-sentinal-AI\audio_dataset\originals\glass_breaking\glass_breaking_0182.wav,glass_breaking,3.0,16000,1,,,,1,validation
vehicle_horn_0076,vehicle_horn_0076.wav,C:\Users\Afzal Compters\Desktop\Sonic-sentinal-AI\audio_dataset\originals\vehicle_horn\vehicle_horn_0076.wav,vehicle_horn,3.0,16000,1,,,,1,validation
background_noise_0078,background_noise_0078.wav,C:\Users\Afzal Compters\Desktop\Sonic-sentinal-AI\audio_dataset\originals\background_noise\background_noise_0078.wav,background_noise,3.0,16000,1,,,,1,validation
aggression_0248,aggression_0248.wav,C:\Users\Afzal Compters\Desktop\Sonic-sentinal-AI\audio_dataset\originals\aggression\aggression_0248.wav,aggression,3.0,16000,1,,,,1,validation
machinery_fault_0178,machinery_fault_0178.wav,C:\Users\Afzal Compters\Desktop\Sonic-sentinal-AI\audio_dataset\originals\machinery_fault\machinery_fault_0178.wav,machinery_fault,3.0,16000,1,,,,1,validation
glass_breaking_0268,glass_breaking_0268.wav,C:\Users\Afzal Compters\Desktop\Sonic-sentinal-AI\audio_dataset\originals\glass_breaking\glass_breaking_0268.wav,glass_breaking,3.0,16000,1,,,,1,validation
background_noise_0095,background_noise_0095.wav,C:\Users\Afzal Compters\Desktop\Sonic-sentinal-AI\audio_dataset\originals\background_noise\background_noise_0095.wav,background_noise,3.0,16000,1,,,,1,validation
aggression_0031,aggression_0031.wav,C:\Users\Afzal Compters\Desktop\Sonic-sentinal-AI\audio_dataset\originals\aggression\aggression_0031.wav,aggression,3.0,16000,1,,,,1,validation
vehicle_horn_0144,vehicle_horn_0144.wav,C:\Users\Afzal Compters\Desktop\Sonic-sentinal-AI\audio_dataset\originals\vehicle_horn\vehicle_horn_0144.wav,vehicle_horn,3.0,16000,1,,,,1,validation
panic_scream_0182,panic_scream_0182.wav,C:\Users\Afzal Compters\Desktop\Sonic-sentinal-AI\audio_dataset\originals\panic_scream\panic_scream_0182.wav,panic_scream,3.0,16000,1,,,,1,validation
animal_sound_0010,animal_sound_0010.wav,C:\Users\Afzal Compters\Desktop\Sonic-sentinal-AI\audio_dataset\originals\animal_sound\animal_sound_0010.wav,animal_sound,3.0,16000,1,,,,1,validation
animal_sound_0183,animal_sound_0183.wav,C:\Users\Afzal Compters\Desktop\Sonic-sentinal-AI\audio_dataset\originals\animal_sound\animal_sound_0183.wav,animal_sound,3.0,16000,1,,,,1,validation
panic_scream_0066,panic_scream_0066.wav,C:\Users\Afzal Compters\Desktop\Sonic-sentinal-AI\audio_dataset\originals\panic_scream\panic_scream_0066.wav,panic_scream,3.0,16000,1,,,,1,validation
vehicle_horn_0212,vehicle_horn_0212.wav,C:\Users\Afzal Compters\Desktop\Sonic-sentinal-AI\audio_dataset\originals\vehicle_horn\vehicle_horn_0212.wav,vehicle_horn,3.0,16000,1,,,,1,validation
panic_scream_0158,panic_scream_0158.wav,C:\Users\Afzal Compters\Desktop\Sonic-sentinal-AI\audio_dataset\originals\panic_scream\panic_scream_0158.wav,panic_scream,3.0,16000,1,,,,1,validation
vehicle_horn_0222,vehicle_horn_0222.wav,C:\Users\Afzal Compters\Desktop\Sonic-sentinal-AI\audio_dataset\originals\vehicle_horn\vehicle_horn_0222.wav,vehicle_horn,3.0,16000,1,,,,1,validation
animal_sound_0108,animal_sound_0108.wav,C:\Users\Afzal Compters\Desktop\Sonic-sentinal-AI\audio_dataset\originals\animal_sound\animal_sound_0108.wav,animal_sound,3.0,16000,1,,,,1,validation
gunshot_0099,gunshot_0099.wav,C:\Users\Afzal Compters\Desktop\Sonic-sentinal-AI\audio_dataset\originals\gunshot\gunshot_0099.wav,gunshot,3.0,16000,1,,,,1,validation
animal_sound_0114,animal_sound_0114.wav,C:\Users\Afzal Compters\Desktop\Sonic-sentinal-AI\audio_dataset\originals\animal_sound\animal_sound_0114.wav,animal_sound,3.0,16000,1,,,,1,validation
aggression_0186,aggression_0186.wav,C:\Users\Afzal Compters\Desktop\Sonic-sentinal-AI\audio_dataset\originals\aggression\aggression_0186.wav,aggression,3.0,16000,1,,,,1,validation
panic_scream_0270,panic_scream_0270.wav,C:\Users\Afzal Compters\Desktop\Sonic-sentinal-AI\audio_dataset\originals\panic_scream\panic_scream_0270.wav,panic_scream,3.0,16000,1,,,,1,validation
alarm_siren_0254,alarm_siren_0254.wav,C:\Users\Afzal Compters\Desktop\Sonic-sentinal-AI\audio_dataset\originals\alarm_siren\alarm_siren_0254.wav,alarm_siren,3.0,16000,1,,,,1,validation
alarm_siren_0097,alarm_siren_0097.wav,C:\Users\Afzal Compters\Desktop\Sonic-sentinal-AI\audio_dataset\originals\alarm_siren\alarm_siren_0097.wav,alarm_siren,3.0,16000,1,,,,1,validation
vehicle_horn_0006,vehicle_horn_0006.wav,C:\Users\Afzal Compters\Desktop\Sonic-sentinal-AI\audio_dataset\originals\vehicle_horn\vehicle_horn_0006.wav,vehicle_horn,3.0,16000,1,,,,1,validation
animal_sound_0267,animal_sound_0267.wav,C:\Users\Afzal Compters\Desktop\Sonic-sentinal-AI\audio_dataset\originals\animal_sound\animal_sound_0267.wav,animal_sound,3.0,16000,1,,,,1,validation
machinery_fault_0277,machinery_fault_0277.wav,C:\Users\Afzal Compters\Desktop\Sonic-sentinal-AI\audio_dataset\originals\machinery_fault\machinery_fault_0277.wav,machinery_fault,3.0,16000,1,,,,1,validation
aggression_0168,aggression_0168.wav,C:\Users\Afzal Compters\Desktop\Sonic-sentinal-AI\audio_dataset\originals\aggression\aggression_0168.wav,aggression,3.0,16000,1,,,,1,validation
glass_breaking_0106,glass_breaking_0106.wav,C:\Users\Afzal Compters\Desktop\Sonic-sentinal-AI\audio_dataset\originals\glass_breaking\glass_breaking_0106.wav,glass_breaking,3.0,16000,1,,,,1,validation
panic_scream_0231,panic_scream_0231.wav,C:\Users\Afzal Compters\Desktop\Sonic-sentinal-AI\audio_dataset\originals\panic_scream\panic_scream_0231.wav,panic_scream,3.0,16000,1,,,,1,validation
aggression_0138,aggression_0138.wav,C:\Users\Afzal Compters\Desktop\Sonic-sentinal-AI\audio_dataset\originals\aggression\aggression_0138.wav,aggression,3.0,16000,1,,,,1,validation
machinery_fault_0270,machinery_fault_0270.wav,C:\Users\Afzal Compters\Desktop\Sonic-sentinal-AI\audio_dataset\originals\machinery_fault\machinery_fault_0270.wav,machinery_fault,3.0,16000,1,,,,1,validation
aggression_0045,aggression_0045.wav,C:\Users\Afzal Compters\Desktop\Sonic-sentinal-AI\audio_dataset\originals\aggression\aggression_0045.wav,aggression,3.0,16000,1,,,,1,validation
glass_breaking_0224,glass_breaking_0224.wav,C:\Users\Afzal Compters\Desktop\Sonic-sentinal-AI\audio_dataset\originals\glass_breaking\glass_breaking_0224.wav,glass_breaking,3.0,16000,1,,,,1,validation
animal_sound_0283,animal_sound_0283.wav,C:\Users\Afzal Compters\Desktop\Sonic-sentinal-AI\audio_dataset\originals\animal_sound\animal_sound_0283.wav,animal_sound,3.0,16000,1,,,,1,validation
glass_breaking_0219,glass_breaking_0219.wav,C:\Users\Afzal Compters\Desktop\Sonic-sentinal-AI\audio_dataset\originals\glass_breaking\glass_breaking_0219.wav,glass_breaking,3.0,16000,1,,,,1,validation
gunshot_0062,gunshot_0062.wav,C:\Users\Afzal Compters\Desktop\Sonic-sentinal-AI\audio_dataset\originals\gunshot\gunshot_0062.wav,gunshot,3.0,16000,1,,,,1,validation
panic_scream_0184,panic_scream_0184.wav,C:\Users\Afzal Compters\Desktop\Sonic-sentinal-AI\audio_dataset\originals\panic_scream\panic_scream_0184.wav,panic_scream,3.0,16000,1,,,,1,validation
gunshot_0259,gunshot_0259.wav,C:\Users\Afzal Compters\Desktop\Sonic-sentinal-AI\audio_dataset\originals\gunshot\gunshot_0259.wav,gunshot,3.0,16000,1,,,,1,validation
panic_scream_0166,panic_scream_0166.wav,C:\Users\Afzal Compters\Desktop\Sonic-sentinal-AI\audio_dataset\originals\panic_scream\panic_scream_0166.wav,panic_scream,3.0,16000,1,,,,1,validation
vehicle_horn_0216,vehicle_horn_0216.wav,C:\Users\Afzal Compters\Desktop\Sonic-sentinal-AI\audio_dataset\originals\vehicle_horn\vehicle_horn_0216.wav,vehicle_horn,3.0,16000,1,,,,1,validation
panic_scream_0186,panic_scream_0186.wav,C:\Users\Afzal Compters\Desktop\Sonic-sentinal-AI\audio_dataset\originals\panic_scream\panic_scream_0186.wav,panic_scream,3.0,16000,1,,,,1,validation
animal_sound_0234,animal_sound_0234.wav,C:\Users\Afzal Compters\Desktop\Sonic-sentinal-AI\audio_dataset\originals\animal_sound\animal_sound_0234.wav,animal_sound,3.0,16000,1,,,,1,validation
animal_sound_0282,animal_sound_0282.wav,C:\Users\Afzal Compters\Desktop\Sonic-sentinal-AI\audio_dataset\originals\animal_sound\animal_sound_0282.wav,animal_sound,3.0,16000,1,,,,1,validation
vehicle_horn_0130,vehicle_horn_0130.wav,C:\Users\Afzal Compters\Desktop\Sonic-sentinal-AI\audio_dataset\originals\vehicle_horn\vehicle_horn_0130.wav,vehicle_horn,3.0,16000,1,,,,1,validation
alarm_siren_0172,alarm_siren_0172.wav,C:\Users\Afzal Compters\Desktop\Sonic-sentinal-AI\audio_dataset\originals\alarm_siren\alarm_siren_0172.wav,alarm_siren,3.0,16000,1,,,,1,validation
alarm_siren_0200,alarm_siren_0200.wav,C:\Users\Afzal Compters\Desktop\Sonic-sentinal-AI\audio_dataset\originals\alarm_siren\alarm_siren_0200.wav,alarm_siren,3.0,16000,1,,,,1,validation
panic_scream_0063,panic_scream_0063.wav,C:\Users\Afzal Compters\Desktop\Sonic-sentinal-AI\audio_dataset\originals\panic_scream\panic_scream_0063.wav,panic_scream,3.0,16000,1,,,,1,validation
alarm_siren_0286,alarm_siren_0286.wav,C:\Users\Afzal Compters\Desktop\Sonic-sentinal-AI\audio_dataset\originals\alarm_siren\alarm_siren_0286.wav,alarm_siren,3.0,16000,1,,,,1,validation
animal_sound_0236,animal_sound_0236.wav,C:\Users\Afzal Compters\Desktop\Sonic-sentinal-AI\audio_dataset\originals\animal_sound\animal_sound_0236.wav,animal_sound,3.0,16000,1,,,,1,validation
glass_breaking_0023,glass_breaking_0023.wav,C:\Users\Afzal Compters\Desktop\Sonic-sentinal-AI\audio_dataset\originals\glass_breaking\glass_breaking_0023.wav,glass_breaking,3.0,16000,1,,,,1,validation
gunshot_0216,gunshot_0216.wav,C:\Users\Afzal Compters\Desktop\Sonic-sentinal-AI\audio_dataset\originals\gunshot\gunshot_0216.wav,gunshot,3.0,16000,1,,,,1,validation
glass_breaking_0145,glass_breaking_0145.wav,C:\Users\Afzal Compters\Desktop\Sonic-sentinal-AI\audio_dataset\originals\glass_breaking\glass_breaking_0145.wav,glass_breaking,3.0,16000,1,,,,1,validation
glass_breaking_0139,glass_breaking_0139.wav,C:\Users\Afzal Compters\Desktop\Sonic-sentinal-AI\audio_dataset\originals\glass_breaking\glass_breaking_0139.wav,glass_breaking,3.0,16000,1,,,,1,validation
panic_scream_0010,panic_scream_0010.wav,C:\Users\Afzal Compters\Desktop\Sonic-sentinal-AI\audio_dataset\originals\panic_scream\panic_scream_0010.wav,panic_scream,3.0,16000,1,,,,1,validation
vehicle_horn_0057,vehicle_horn_0057.wav,C:\Users\Afzal Compters\Desktop\Sonic-sentinal-AI\audio_dataset\originals\vehicle_horn\vehicle_horn_0057.wav,vehicle_horn,3.0,16000,1,,,,1,validation
alarm_siren_0060,alarm_siren_0060.wav,C:\Users\Afzal Compters\Desktop\Sonic-sentinal-AI\audio_dataset\originals\alarm_siren\alarm_siren_0060.wav,alarm_siren,3.0,16000,1,,,,1,validation
machinery_fault_0150,machinery_fault_0150.wav,C:\Users\Afzal Compters\Desktop\Sonic-sentinal-AI\audio_dataset\originals\machinery_fault\machinery_fault_0150.wav,machinery_fault,3.0,16000,1,,,,1,validation
animal_sound_0071,animal_sound_0071.wav,C:\Users\Afzal Compters\Desktop\Sonic-sentinal-AI\audio_dataset\originals\animal_sound\animal_sound_0071.wav,animal_sound,3.0,16000,1,,,,1,validation
gunshot_0289,gunshot_0289.wav,C:\Users\Afzal Compters\Desktop\Sonic-sentinal-AI\audio_dataset\originals\gunshot\gunshot_0289.wav,gunshot,3.0,16000,1,,,,1,validation
animal_sound_0175,animal_sound_0175.wav,C:\Users\Afzal Compters\Desktop\Sonic-sentinal-AI\audio_dataset\originals\animal_sound\animal_sound_0175.wav,animal_sound,3.0,16000,1,,,,1,validation
panic_scream_0125,panic_scream_0125.wav,C:\Users\Afzal Compters\Desktop\Sonic-sentinal-AI\audio_dataset\originals\panic_scream\panic_scream_0125.wav,panic_scream,3.0,16000,1,,,,1,validation
animal_sound_0208,animal_sound_0208.wav,C:\Users\Afzal Compters\Desktop\Sonic-sentinal-AI\audio_dataset\originals\animal_sound\animal_sound_0208.wav,animal_sound,3.0,16000,1,,,,1,validation
alarm_siren_0217,alarm_siren_0217.wav,C:\Users\Afzal Compters\Desktop\Sonic-sentinal-AI\audio_dataset\originals\alarm_siren\alarm_siren_0217.wav,alarm_siren,3.0,16000,1,,,,1,validation
machinery_fault_0115,machinery_fault_0115.wav,C:\Users\Afzal Compters\Desktop\Sonic-sentinal-AI\audio_dataset\originals\machinery_fault\machinery_fault_0115.wav,machinery_fault,3.0,16000,1,,,,1,validation
aggression_0266,aggression_0266.wav,C:\Users\Afzal Compters\Desktop\Sonic-sentinal-AI\audio_dataset\originals\aggression\aggression_0266.wav,aggression,3.0,16000,1,,,,1,validation
panic_scream_0265,panic_scream_0265.wav,C:\Users\Afzal Compters\Desktop\Sonic-sentinal-AI\audio_dataset\originals\panic_scream\panic_scream_0265.wav,panic_scream,3.0,16000,1,,,,1,validation
aggression_0204,aggression_0204.wav,C:\Users\Afzal Compters\Desktop\Sonic-sentinal-AI\audio_dataset\originals\aggression\aggression_0204.wav,aggression,3.0,16000,1,,,,1,validation
glass_breaking_0083,glass_breaking_0083.wav,C:\Users\Afzal Compters\Desktop\Sonic-sentinal-AI\audio_dataset\originals\glass_breaking\glass_breaking_0083.wav,glass_breaking,3.0,16000,1,,,,1,validation
panic_scream_0069,panic_scream_0069.wav,C:\Users\Afzal Compters\Desktop\Sonic-sentinal-AI\audio_dataset\originals\panic_scream\panic_scream_0069.wav,panic_scream,3.0,16000,1,,,,1,validation
aggression_0005,aggression_0005.wav,C:\Users\Afzal Compters\Desktop\Sonic-sentinal-AI\audio_dataset\originals\aggression\aggression_0005.wav,aggression,3.0,16000,1,,,,1,validation
alarm_siren_0038,alarm_siren_0038.wav,C:\Users\Afzal Compters\Desktop\Sonic-sentinal-AI\audio_dataset\originals\alarm_siren\alarm_siren_0038.wav,alarm_siren,3.0,16000,1,,,,1,validation
glass_breaking_0178,glass_breaking_0178.wav,C:\Users\Afzal Compters\Desktop\Sonic-sentinal-AI\audio_dataset\originals\glass_breaking\glass_breaking_0178.wav,glass_breaking,3.0,16000,1,,,,1,validation
background_noise_0007,background_noise_0007.wav,C:\Users\Afzal Compters\Desktop\Sonic-sentinal-AI\audio_dataset\originals\background_noise\background_noise_0007.wav,background_noise,3.0,16000,1,,,,1,validation
background_noise_0081,background_noise_0081.wav,C:\Users\Afzal Compters\Desktop\Sonic-sentinal-AI\audio_dataset\originals\background_noise\background_noise_0081.wav,background_noise,3.0,16000,1,,,,1,validation
alarm_siren_0281,alarm_siren_0281.wav,C:\Users\Afzal Compters\Desktop\Sonic-sentinal-AI\audio_dataset\originals\alarm_siren\alarm_siren_0281.wav,alarm_siren,3.0,16000,1,,,,1,validation
aggression_0011,aggression_0011.wav,C:\Users\Afzal Compters\Desktop\Sonic-sentinal-AI\audio_dataset\originals\aggression\aggression_0011.wav,aggression,3.0,16000,1,,,,1,validation
background_noise_0030,background_noise_0030.wav,C:\Users\Afzal Compters\Desktop\Sonic-sentinal-AI\audio_dataset\originals\background_noise\background_noise_0030.wav,background_noise,3.0,16000,1,,,,1,validation
alarm_siren_0112,alarm_siren_0112.wav,C:\Users\Afzal Compters\Desktop\Sonic-sentinal-AI\audio_dataset\originals\alarm_siren\alarm_siren_0112.wav,alarm_siren,3.0,16000,1,,,,1,validation
animal_sound_0072,animal_sound_0072.wav,C:\Users\Afzal Compters\Desktop\Sonic-sentinal-AI\audio_dataset\originals\animal_sound\animal_sound_0072.wav,animal_sound,3.0,16000,1,,,,1,validation
vehicle_horn_0267,vehicle_horn_0267.wav,C:\Users\Afzal Compters\Desktop\Sonic-sentinal-AI\audio_dataset\originals\vehicle_horn\vehicle_horn_0267.wav,vehicle_horn,3.0,16000,1,,,,1,validation
vehicle_horn_0009,vehicle_horn_0009.wav,C:\Users\Afzal Compters\Desktop\Sonic-sentinal-AI\audio_dataset\originals\vehicle_horn\vehicle_horn_0009.wav,vehicle_horn,3.0,16000,1,,,,1,validation
machinery_fault_0163,machinery_fault_0163.wav,C:\Users\Afzal Compters\Desktop\Sonic-sentinal-AI\audio_dataset\originals\machinery_fault\machinery_fault_0163.wav,machinery_fault,3.0,16000,1,,,,1,validation
background_noise_0021,background_noise_0021.wav,C:\Users\Afzal Compters\Desktop\Sonic-sentinal-AI\audio_dataset\originals\background_noise\background_noise_0021.wav,background_noise,3.0,16000,1,,,,1,validation
background_noise_0192,background_noise_0192.wav,C:\Users\Afzal Compters\Desktop\Sonic-sentinal-AI\audio_dataset\originals\background_noise\background_noise_0192.wav,background_noise,3.0,16000,1,,,,1,validation
alarm_siren_0255,alarm_siren_0255.wav,C:\Users\Afzal Compters\Desktop\Sonic-sentinal-AI\audio_dataset\originals\alarm_siren\alarm_siren_0255.wav,alarm_siren,3.0,16000,1,,,,1,validation
vehicle_horn_0018,vehicle_horn_0018.wav,C:\Users\Afzal Compters\Desktop\Sonic-sentinal-AI\audio_dataset\originals\vehicle_horn\vehicle_horn_0018.wav,vehicle_horn,3.0,16000,1,,,,1,validation
gunshot_0154,gunshot_0154.wav,C:\Users\Afzal Compters\Desktop\Sonic-sentinal-AI\audio_dataset\originals\gunshot\gunshot_0154.wav,gunshot,3.0,16000,1,,,,1,validation
background_noise_0025,background_noise_0025.wav,C:\Users\Afzal Compters\Desktop\Sonic-sentinal-AI\audio_dataset\originals\background_noise\background_noise_0025.wav,background_noise,3.0,16000,1,,,,1,validation
gunshot_0238,gunshot_0238.wav,C:\Users\Afzal Compters\Desktop\Sonic-sentinal-AI\audio_dataset\originals\gunshot\gunshot_0238.wav,gunshot,3.0,16000,1,,,,1,validation
animal_sound_0253,animal_sound_0253.wav,C:\Users\Afzal Compters\Desktop\Sonic-sentinal-AI\audio_dataset\originals\animal_sound\animal_sound_0253.wav,animal_sound,3.0,16000,1,,,,1,validation
machinery_fault_0038,machinery_fault_0038.wav,C:\Users\Afzal Compters\Desktop\Sonic-sentinal-AI\audio_dataset\originals\machinery_fault\machinery_fault_0038.wav,machinery_fault,3.0,16000,1,,,,1,validation
panic_scream_0092,panic_scream_0092.wav,C:\Users\Afzal Compters\Desktop\Sonic-sentinal-AI\audio_dataset\originals\panic_scream\panic_scream_0092.wav,panic_scream,3.0,16000,1,,,,1,validation
panic_scream_0174,panic_scream_0174.wav,C:\Users\Afzal Compters\Desktop\Sonic-sentinal-AI\audio_dataset\originals\panic_scream\panic_scream_0174.wav,panic_scream,3.0,16000,1,,,,1,validation
gunshot_0048,gunshot_0048.wav,C:\Users\Afzal Compters\Desktop\Sonic-sentinal-AI\audio_dataset\originals\gunshot\gunshot_0048.wav,gunshot,3.0,16000,1,,,,1,validation
machinery_fault_0298,machinery_fault_0298.wav,C:\Users\Afzal Compters\Desktop\Sonic-sentinal-AI\audio_dataset\originals\machinery_fault\machinery_fault_0298.wav,machinery_fault,3.0,16000,1,,,,1,validation
background_noise_0235,background_noise_0235.wav,C:\Users\Afzal Compters\Desktop\Sonic-sentinal-AI\audio_dataset\originals\background_noise\background_noise_0235.wav,background_noise,3.0,16000,1,,,,1,validation
vehicle_horn_0039,vehicle_horn_0039.wav,C:\Users\Afzal Compters\Desktop\Sonic-sentinal-AI\audio_dataset\originals\vehicle_horn\vehicle_horn_0039.wav,vehicle_horn,3.0,16000,1,,,,1,validation
background_noise_0224,background_noise_0224.wav,C:\Users\Afzal Compters\Desktop\Sonic-sentinal-AI\audio_dataset\originals\background_noise\background_noise_0224.wav,background_noise,3.0,16000,1,,,,1,validation
gunshot_0247,gunshot_0247.wav,C:\Users\Afzal Compters\Desktop\Sonic-sentinal-AI\audio_dataset\originals\gunshot\gunshot_0247.wav,gunshot,3.0,16000,1,,,,1,validation
glass_breaking_0121,glass_breaking_0121.wav,C:\Users\Afzal Compters\Desktop\Sonic-sentinal-AI\audio_dataset\originals\glass_breaking\glass_breaking_0121.wav,glass_breaking,3.0,16000,1,,,,1,validation
aggression_0017,aggression_0017.wav,C:\Users\Afzal Compters\Desktop\Sonic-sentinal-AI\audio_dataset\originals\aggression\aggression_0017.wav,aggression,3.0,16000,1,,,,1,validation
alarm_siren_0273,alarm_siren_0273.wav,C:\Users\Afzal Compters\Desktop\Sonic-sentinal-AI\audio_dataset\originals\alarm_siren\alarm_siren_0273.wav,alarm_siren,3.0,16000,1,,,,1,validation
panic_scream_0156,panic_scream_0156.wav,C:\Users\Afzal Compters\Desktop\Sonic-sentinal-AI\audio_dataset\originals\panic_scream\panic_scream_0156.wav,panic_scream,3.0,16000,1,,,,1,validation
gunshot_0132,gunshot_0132.wav,C:\Users\Afzal Compters\Desktop\Sonic-sentinal-AI\audio_dataset\originals\gunshot\gunshot_0132.wav,gunshot,3.0,16000,1,,,,1,validation
glass_breaking_0164,glass_breaking_0164.wav,C:\Users\Afzal Compters\Desktop\Sonic-sentinal-AI\audio_dataset\originals\glass_breaking\glass_breaking_0164.wav,glass_breaking,3.0,16000,1,,,,1,validation
background_noise_0245,background_noise_0245.wav,C:\Users\Afzal Compters\Desktop\Sonic-sentinal-AI\audio_dataset\originals\background_noise\background_noise_0245.wav,background_noise,3.0,16000,1,,,,1,validation
background_noise_0076,background_noise_0076.wav,C:\Users\Afzal Compters\Desktop\Sonic-sentinal-AI\audio_dataset\originals\background_noise\background_noise_0076.wav,background_noise,3.0,16000,1,,,,1,validation
animal_sound_0219,animal_sound_0219.wav,C:\Users\Afzal Compters\Desktop\Sonic-sentinal-AI\audio_dataset\originals\animal_sound\animal_sound_0219.wav,animal_sound,3.0,16000,1,,,,1,validation
gunshot_0200,gunshot_0200.wav,C:\Users\Afzal Compters\Desktop\Sonic-sentinal-AI\audio_dataset\originals\gunshot\gunshot_0200.wav,gunshot,3.0,16000,1,,,,1,validation
panic_scream_0102,panic_scream_0102.wav,C:\Users\Afzal Compters\Desktop\Sonic-sentinal-AI\audio_dataset\originals\panic_scream\panic_scream_0102.wav,panic_scream,3.0,16000,1,,,,1,validation
glass_breaking_0176,glass_breaking_0176.wav,C:\Users\Afzal Compters\Desktop\Sonic-sentinal-AI\audio_dataset\originals\glass_breaking\glass_breaking_0176.wav,glass_breaking,3.0,16000,1,,,,1,validation
panic_scream_0068,panic_scream_0068.wav,C:\Users\Afzal Compters\Desktop\Sonic-sentinal-AI\audio_dataset\originals\panic_scream\panic_scream_0068.wav,panic_scream,3.0,16000,1,,,,1,validation
machinery_fault_0108,machinery_fault_0108.wav,C:\Users\Afzal Compters\Desktop\Sonic-sentinal-AI\audio_dataset\originals\machinery_fault\machinery_fault_0108.wav,machinery_fault,3.0,16000,1,,,,1,validation
aggression_0220,aggression_0220.wav,C:\Users\Afzal Compters\Desktop\Sonic-sentinal-AI\audio_dataset\originals\aggression\aggression_0220.wav,aggression,3.0,16000,1,,,,1,validation
vehicle_horn_0180,vehicle_horn_0180.wav,C:\Users\Afzal Compters\Desktop\Sonic-sentinal-AI\audio_dataset\originals\vehicle_horn\vehicle_horn_0180.wav,vehicle_horn,3.0,16000,1,,,,1,validation
animal_sound_0028,animal_sound_0028.wav,C:\Users\Afzal Compters\Desktop\Sonic-sentinal-AI\audio_dataset\originals\animal_sound\animal_sound_0028.wav,animal_sound,3.0,16000,1,,,,1,validation
alarm_siren_0136,alarm_siren_0136.wav,C:\Users\Afzal Compters\Desktop\Sonic-sentinal-AI\audio_dataset\originals\alarm_siren\alarm_siren_0136.wav,alarm_siren,3.0,16000,1,,,,1,validation
background_noise_0135,background_noise_0135.wav,C:\Users\Afzal Compters\Desktop\Sonic-sentinal-AI\audio_dataset\originals\background_noise\background_noise_0135.wav,background_noise,3.0,16000,1,,,,1,validation
aggression_0292,aggression_0292.wav,C:\Users\Afzal Compters\Desktop\Sonic-sentinal-AI\audio_dataset\originals\aggression\aggression_0292.wav,aggression,3.0,16000,1,,,,1,validation
animal_sound_0032,animal_sound_0032.wav,C:\Users\Afzal Compters\Desktop\Sonic-sentinal-AI\audio_dataset\originals\animal_sound\animal_sound_0032.wav,animal_sound,3.0,16000,1,,,,1,validation
glass_breaking_0272,glass_breaking_0272.wav,C:\Users\Afzal Compters\Desktop\Sonic-sentinal-AI\audio_dataset\originals\glass_breaking\glass_breaking_0272.wav,glass_breaking,3.0,16000,1,,,,1,validation
glass_breaking_0231,glass_breaking_0231.wav,C:\Users\Afzal Compters\Desktop\Sonic-sentinal-AI\audio_dataset\originals\glass_breaking\glass_breaking_0231.wav,glass_breaking,3.0,16000,1,,,,1,validation
machinery_fault_0264,machinery_fault_0264.wav,C:\Users\Afzal Compters\Desktop\Sonic-sentinal-AI\audio_dataset\originals\machinery_fault\machinery_fault_0264.wav,machinery_fault,3.0,16000,1,,,,1,validation
glass_breaking_0177,glass_breaking_0177.wav,C:\Users\Afzal Compters\Desktop\Sonic-sentinal-AI\audio_dataset\originals\glass_breaking\glass_breaking_0177.wav,glass_breaking,3.0,16000,1,,,,1,validation
glass_breaking_0288,glass_breaking_0288.wav,C:\Users\Afzal Compters\Desktop\Sonic-sentinal-AI\audio_dataset\originals\glass_breaking\glass_breaking_0288.wav,glass_breaking,3.0,16000,1,,,,1,validation
panic_scream_0160,panic_scream_0160.wav,C:\Users\Afzal Compters\Desktop\Sonic-sentinal-AI\audio_dataset\originals\panic_scream\panic_scream_0160.wav,panic_scream,3.0,16000,1,,,,1,validation
background_noise_0103,background_noise_0103.wav,C:\Users\Afzal Compters\Desktop\Sonic-sentinal-AI\audio_dataset\originals\background_noise\background_noise_0103.wav,background_noise,3.0,16000,1,,,,1,validation
background_noise_0108,background_noise_0108.wav,C:\Users\Afzal Compters\Desktop\Sonic-sentinal-AI\audio_dataset\originals\background_noise\background_noise_0108.wav,background_noise,3.0,16000,1,,,,1,validation
animal_sound_0120,animal_sound_0120.wav,C:\Users\Afzal Compters\Desktop\Sonic-sentinal-AI\audio_dataset\originals\animal_sound\animal_sound_0120.wav,animal_sound,3.0,16000,1,,,,1,validation
gunshot_0272,gunshot_0272.wav,C:\Users\Afzal Compters\Desktop\Sonic-sentinal-AI\audio_dataset\originals\gunshot\gunshot_0272.wav,gunshot,3.0,16000,1,,,,1,validation
glass_breaking_0188,glass_breaking_0188.wav,C:\Users\Afzal Compters\Desktop\Sonic-sentinal-AI\audio_dataset\originals\glass_breaking\glass_breaking_0188.wav,glass_breaking,3.0,16000,1,,,,1,validation
machinery_fault_0078,machinery_fault_0078.wav,C:\Users\Afzal Compters\Desktop\Sonic-sentinal-AI\audio_dataset\originals\machinery_fault\machinery_fault_0078.wav,machinery_fault,3.0,16000,1,,,,1,validation
machinery_fault_0272,machinery_fault_0272.wav,C:\Users\Afzal Compters\Desktop\Sonic-sentinal-AI\audio_dataset\originals\machinery_fault\machinery_fault_0272.wav,machinery_fault,3.0,16000,1,,,,1,validation
machinery_fault_0208,machinery_fault_0208.wav,C:\Users\Afzal Compters\Desktop\Sonic-sentinal-AI\audio_dataset\originals\machinery_fault\machinery_fault_0208.wav,machinery_fault,3.0,16000,1,,,,1,validation
aggression_0297,aggression_0297.wav,C:\Users\Afzal Compters\Desktop\Sonic-sentinal-AI\audio_dataset\originals\aggression\aggression_0297.wav,aggression,3.0,16000,1,,,,1,validation
animal_sound_0097,animal_sound_0097.wav,C:\Users\Afzal Compters\Desktop\Sonic-sentinal-AI\audio_dataset\originals\animal_sound\animal_sound_0097.wav,animal_sound,3.0,16000,1,,,,1,validation
glass_breaking_0105,glass_breaking_0105.wav,C:\Users\Afzal Compters\Desktop\Sonic-sentinal-AI\audio_dataset\originals\glass_breaking\glass_breaking_0105.wav,glass_breaking,3.0,16000,1,,,,1,validation
alarm_siren_0015,alarm_siren_0015.wav,C:\Users\Afzal Compters\Desktop\Sonic-sentinal-AI\audio_dataset\originals\alarm_siren\alarm_siren_0015.wav,alarm_siren,3.0,16000,1,,,,1,validation
background_noise_0290,background_noise_0290.wav,C:\Users\Afzal Compters\Desktop\Sonic-sentinal-AI\audio_dataset\originals\background_noise\background_noise_0290.wav,background_noise,3.0,16000,1,,,,1,validation
panic_scream_0053,panic_scream_0053.wav,C:\Users\Afzal Compters\Desktop\Sonic-sentinal-AI\audio_dataset\originals\panic_scream\panic_scream_0053.wav,panic_scream,3.0,16000,1,,,,1,validation
vehicle_horn_0184,vehicle_horn_0184.wav,C:\Users\Afzal Compters\Desktop\Sonic-sentinal-AI\audio_dataset\originals\vehicle_horn\vehicle_horn_0184.wav,vehicle_horn,3.0,16000,1,,,,1,validation
animal_sound_0009,animal_sound_0009.wav,C:\Users\Afzal Compters\Desktop\Sonic-sentinal-AI\audio_dataset\originals\animal_sound\animal_sound_0009.wav,animal_sound,3.0,16000,1,,,,1,validation
alarm_siren_0275,alarm_siren_0275.wav,C:\Users\Afzal Compters\Desktop\Sonic-sentinal-AI\audio_dataset\originals\alarm_siren\alarm_siren_0275.wav,alarm_siren,3.0,16000,1,,,,1,validation
animal_sound_0264,animal_sound_0264.wav,C:\Users\Afzal Compters\Desktop\Sonic-sentinal-AI\audio_dataset\originals\animal_sound\animal_sound_0264.wav,animal_sound,3.0,16000,1,,,,1,validation
machinery_fault_0110,machinery_fault_0110.wav,C:\Users\Afzal Compters\Desktop\Sonic-sentinal-AI\audio_dataset\originals\machinery_fault\machinery_fault_0110.wav,machinery_fault,3.0,16000,1,,,,1,validation
gunshot_0225,gunshot_0225.wav,C:\Users\Afzal Compters\Desktop\Sonic-sentinal-AI\audio_dataset\originals\gunshot\gunshot_0225.wav,gunshot,3.0,16000,1,,,,1,validation
background_noise_0106,background_noise_0106.wav,C:\Users\Afzal Compters\Desktop\Sonic-sentinal-AI\audio_dataset\originals\background_noise\background_noise_0106.wav,background_noise,3.0,16000,1,,,,1,validation
gunshot_0278,gunshot_0278.wav,C:\Users\Afzal Compters\Desktop\Sonic-sentinal-AI\audio_dataset\originals\gunshot\gunshot_0278.wav,gunshot,3.0,16000,1,,,,1,validation
background_noise_0132,background_noise_0132.wav,C:\Users\Afzal Compters\Desktop\Sonic-sentinal-AI\audio_dataset\originals\background_noise\background_noise_0132.wav,background_noise,3.0,16000,1,,,,1,validation
alarm_siren_0044,alarm_siren_0044.wav,C:\Users\Afzal Compters\Desktop\Sonic-sentinal-AI\audio_dataset\originals\alarm_siren\alarm_siren_0044.wav,alarm_siren,3.0,16000,1,,,,1,validation
alarm_siren_0080,alarm_siren_0080.wav,C:\Users\Afzal Compters\Desktop\Sonic-sentinal-AI\audio_dataset\originals\alarm_siren\alarm_siren_0080.wav,alarm_siren,3.0,16000,1,,,,1,validation
panic_scream_0212,panic_scream_0212.wav,C:\Users\Afzal Compters\Desktop\Sonic-sentinal-AI\audio_dataset\originals\panic_scream\panic_scream_0212.wav,panic_scream,3.0,16000,1,,,,1,validation
vehicle_horn_0137,vehicle_horn_0137.wav,C:\Users\Afzal Compters\Desktop\Sonic-sentinal-AI\audio_dataset\originals\vehicle_horn\vehicle_horn_0137.wav,vehicle_horn,3.0,16000,1,,,,1,validation
background_noise_0023,background_noise_0023.wav,C:\Users\Afzal Compters\Desktop\Sonic-sentinal-AI\audio_dataset\originals\background_noise\background_noise_0023.wav,background_noise,3.0,16000,1,,,,1,validation
gunshot_0074,gunshot_0074.wav,C:\Users\Afzal Compters\Desktop\Sonic-sentinal-AI\audio_dataset\originals\gunshot\gunshot_0074.wav,gunshot,3.0,16000,1,,,,1,validation
background_noise_0276,background_noise_0276.wav,C:\Users\Afzal Compters\Desktop\Sonic-sentinal-AI\audio_dataset\originals\background_noise\background_noise_0276.wav,background_noise,3.0,16000,1,,,,1,validation
glass_breaking_0082,glass_breaking_0082.wav,C:\Users\Afzal Compters\Desktop\Sonic-sentinal-AI\audio_dataset\originals\glass_breaking\glass_breaking_0082.wav,glass_breaking,3.0,16000,1,,,,1,validation
gunshot_0218,gunshot_0218.wav,C:\Users\Afzal Compters\Desktop\Sonic-sentinal-AI\audio_dataset\originals\gunshot\gunshot_0218.wav,gunshot,3.0,16000,1,,,,1,validation
glass_breaking_0070,glass_breaking_0070.wav,C:\Users\Afzal Compters\Desktop\Sonic-sentinal-AI\audio_dataset\originals\glass_breaking\glass_breaking_0070.wav,glass_breaking,3.0,16000,1,,,,1,validation
animal_sound_0189,animal_sound_0189.wav,C:\Users\Afzal Compters\Desktop\Sonic-sentinal-AI\audio_dataset\originals\animal_sound\animal_sound_0189.wav,animal_sound,3.0,16000,1,,,,1,validation
panic_scream_0238,panic_scream_0238.wav,C:\Users\Afzal Compters\Desktop\Sonic-sentinal-AI\audio_dataset\originals\panic_scream\panic_scream_0238.wav,panic_scream,3.0,16000,1,,,,1,validation
background_noise_0201,background_noise_0201.wav,C:\Users\Afzal Compters\Desktop\Sonic-sentinal-AI\audio_dataset\originals\background_noise\background_noise_0201.wav,background_noise,3.0,16000,1,,,,1,validation
gunshot_0042,gunshot_0042.wav,C:\Users\Afzal Compters\Desktop\Sonic-sentinal-AI\audio_dataset\originals\gunshot\gunshot_0042.wav,gunshot,3.0,16000,1,,,,1,validation
gunshot_0116,gunshot_0116.wav,C:\Users\Afzal Compters\Desktop\Sonic-sentinal-AI\audio_dataset\originals\gunshot\gunshot_0116.wav,gunshot,3.0,16000,1,,,,1,validation
aggression_0197,aggression_0197.wav,C:\Users\Afzal Compters\Desktop\Sonic-sentinal-AI\audio_dataset\originals\aggression\aggression_0197.wav,aggression,3.0,16000,1,,,,1,validation
alarm_siren_0204,alarm_siren_0204.wav,C:\Users\Afzal Compters\Desktop\Sonic-sentinal-AI\audio_dataset\originals\alarm_siren\alarm_siren_0204.wav,alarm_siren,3.0,16000,1,,,,1,validation
animal_sound_0298,animal_sound_0298.wav,C:\Users\Afzal Compters\Desktop\Sonic-sentinal-AI\audio_dataset\originals\animal_sound\animal_sound_0298.wav,animal_sound,3.0,16000,1,,,,1,validation
gunshot_0255,gunshot_0255.wav,C:\Users\Afzal Compters\Desktop\Sonic-sentinal-AI\audio_dataset\originals\gunshot\gunshot_0255.wav,gunshot,3.0,16000,1,,,,1,validation
animal_sound_0214,animal_sound_0214.wav,C:\Users\Afzal Compters\Desktop\Sonic-sentinal-AI\audio_dataset\originals\animal_sound\animal_sound_0214.wav,animal_sound,3.0,16000,1,,,,1,validation
animal_sound_0066,animal_sound_0066.wav,C:\Users\Afzal Compters\Desktop\Sonic-sentinal-AI\audio_dataset\originals\animal_sound\animal_sound_0066.wav,animal_sound,3.0,16000,1,,,,1,validation
machinery_fault_0081,machinery_fault_0081.wav,C:\Users\Afzal Compters\Desktop\Sonic-sentinal-AI\audio_dataset\originals\machinery_fault\machinery_fault_0081.wav,machinery_fault,3.0,16000,1,,,,1,validation
aggression_0111,aggression_0111.wav,C:\Users\Afzal Compters\Desktop\Sonic-sentinal-AI\audio_dataset\originals\aggression\aggression_0111.wav,aggression,3.0,16000,1,,,,1,validation
alarm_siren_0239,alarm_siren_0239.wav,C:\Users\Afzal Compters\Desktop\Sonic-sentinal-AI\audio_dataset\originals\alarm_siren\alarm_siren_0239.wav,alarm_siren,3.0,16000,1,,,,1,validation
gunshot_0244,gunshot_0244.wav,C:\Users\Afzal Compters\Desktop\Sonic-sentinal-AI\audio_dataset\originals\gunshot\gunshot_0244.wav,gunshot,3.0,16000,1,,,,1,validation
panic_scream_0183,panic_scream_0183.wav,C:\Users\Afzal Compters\Desktop\Sonic-sentinal-AI\audio_dataset\originals\panic_scream\panic_scream_0183.wav,panic_scream,3.0,16000,1,,,,1,validation
machinery_fault_0186,machinery_fault_0186.wav,C:\Users\Afzal Compters\Desktop\Sonic-sentinal-AI\audio_dataset\originals\machinery_fault\machinery_fault_0186.wav,machinery_fault,3.0,16000,1,,,,1,validation
vehicle_horn_0275,vehicle_horn_0275.wav,C:\Users\Afzal Compters\Desktop\Sonic-sentinal-AI\audio_dataset\originals\vehicle_horn\vehicle_horn_0275.wav,vehicle_horn,3.0,16000,1,,,,1,validation
background_noise_0067,background_noise_0067.wav,C:\Users\Afzal Compters\Desktop\Sonic-sentinal-AI\audio_dataset\originals\background_noise\background_noise_0067.wav,background_noise,3.0,16000,1,,,,1,validation
glass_breaking_0286,glass_breaking_0286.wav,C:\Users\Afzal Compters\Desktop\Sonic-sentinal-AI\audio_dataset\originals\glass_breaking\glass_breaking_0286.wav,glass_breaking,3.0,16000,1,,,,1,validation
aggression_0226,aggression_0226.wav,C:\Users\Afzal Compters\Desktop\Sonic-sentinal-AI\audio_dataset\originals\aggression\aggression_0226.wav,aggression,3.0,16000,1,,,,1,validation
background_noise_0096,background_noise_0096.wav,C:\Users\Afzal Compters\Desktop\Sonic-sentinal-AI\audio_dataset\originals\background_noise\background_noise_0096.wav,background_noise,3.0,16000,1,,,,1,validation
aggression_0294,aggression_0294.wav,C:\Users\Afzal Compters\Desktop\Sonic-sentinal-AI\audio_dataset\originals\aggression\aggression_0294.wav,aggression,3.0,16000,1,,,,1,validation
glass_breaking_0068,glass_breaking_0068.wav,C:\Users\Afzal Compters\Desktop\Sonic-sentinal-AI\audio_dataset\originals\glass_breaking\glass_breaking_0068.wav,glass_breaking,3.0,16000,1,,,,1,validation
machinery_fault_0099,machinery_fault_0099.wav,C:\Users\Afzal Compters\Desktop\Sonic-sentinal-AI\audio_dataset\originals\machinery_fault\machinery_fault_0099.wav,machinery_fault,3.0,16000,1,,,,1,validation
alarm_siren_0075,alarm_siren_0075.wav,C:\Users\Afzal Compters\Desktop\Sonic-sentinal-AI\audio_dataset\originals\alarm_siren\alarm_siren_0075.wav,alarm_siren,3.0,16000,1,,,,1,validation
panic_scream_0135,panic_scream_0135.wav,C:\Users\Afzal Compters\Desktop\Sonic-sentinal-AI\audio_dataset\originals\panic_scream\panic_scream_0135.wav,panic_scream,3.0,16000,1,,,,1,validation
machinery_fault_0139,machinery_fault_0139.wav,C:\Users\Afzal Compters\Desktop\Sonic-sentinal-AI\audio_dataset\originals\machinery_fault\machinery_fault_0139.wav,machinery_fault,3.0,16000,1,,,,1,validation
aggression_0285,aggression_0285.wav,C:\Users\Afzal Compters\Desktop\Sonic-sentinal-AI\audio_dataset\originals\aggression\aggression_0285.wav,aggression,3.0,16000,1,,,,1,validation
vehicle_horn_0174,vehicle_horn_0174.wav,C:\Users\Afzal Compters\Desktop\Sonic-sentinal-AI\audio_dataset\originals\vehicle_horn\vehicle_horn_0174.wav,vehicle_horn,3.0,16000,1,,,,1,validation
alarm_siren_0264,alarm_siren_0264.wav,C:\Users\Afzal Compters\Desktop\Sonic-sentinal-AI\audio_dataset\originals\alarm_siren\alarm_siren_0264.wav,alarm_siren,3.0,16000,1,,,,1,validation
machinery_fault_0295,machinery_fault_0295.wav,C:\Users\Afzal Compters\Desktop\Sonic-sentinal-AI\audio_dataset\originals\machinery_fault\machinery_fault_0295.wav,machinery_fault,3.0,16000,1,,,,1,validation
panic_scream_0060,panic_scream_0060.wav,C:\Users\Afzal Compters\Desktop\Sonic-sentinal-AI\audio_dataset\originals\panic_scream\panic_scream_0060.wav,panic_scream,3.0,16000,1,,,,1,validation
alarm_siren_0105,alarm_siren_0105.wav,C:\Users\Afzal Compters\Desktop\Sonic-sentinal-AI\audio_dataset\originals\alarm_siren\alarm_siren_0105.wav,alarm_siren,3.0,16000,1,,,,1,validation
glass_breaking_0128,glass_breaking_0128.wav,C:\Users\Afzal Compters\Desktop\Sonic-sentinal-AI\audio_dataset\originals\glass_breaking\glass_breaking_0128.wav,glass_breaking,3.0,16000,1,,,,1,validation
animal_sound_0121,animal_sound_0121.wav,C:\Users\Afzal Compters\Desktop\Sonic-sentinal-AI\audio_dataset\originals\animal_sound\animal_sound_0121.wav,animal_sound,3.0,16000,1,,,,1,validation
aggression_0150,aggression_0150.wav,C:\Users\Afzal Compters\Desktop\Sonic-sentinal-AI\audio_dataset\originals\aggression\aggression_0150.wav,aggression,3.0,16000,1,,,,1,validation
machinery_fault_0124,machinery_fault_0124.wav,C:\Users\Afzal Compters\Desktop\Sonic-sentinal-AI\audio_dataset\originals\machinery_fault\machinery_fault_0124.wav,machinery_fault,3.0,16000,1,,,,1,validation
background_noise_0009,background_noise_0009.wav,C:\Users\Afzal Compters\Desktop\Sonic-sentinal-AI\audio_dataset\originals\background_noise\background_noise_0009.wav,background_noise,3.0,16000,1,,,,1,validation
aggression_0124,aggression_0124.wav,C:\Users\Afzal Compters\Desktop\Sonic-sentinal-AI\audio_dataset\originals\aggression\aggression_0124.wav,aggression,3.0,16000,1,,,,1,validation
panic_scream_0086,panic_scream_0086.wav,C:\Users\Afzal Compters\Desktop\Sonic-sentinal-AI\audio_dataset\originals\panic_scream\panic_scream_0086.wav,panic_scream,3.0,16000,1,,,,1,validation
vehicle_horn_0107,vehicle_horn_0107.wav,C:\Users\Afzal Compters\Desktop\Sonic-sentinal-AI\audio_dataset\originals\vehicle_horn\vehicle_horn_0107.wav,vehicle_horn,3.0,16000,1,,,,1,validation
gunshot_0155,gunshot_0155.wav,C:\Users\Afzal Compters\Desktop\Sonic-sentinal-AI\audio_dataset\originals\gunshot\gunshot_0155.wav,gunshot,3.0,16000,1,,,,1,validation
aggression_0073,aggression_0073.wav,C:\Users\Afzal Compters\Desktop\Sonic-sentinal-AI\audio_dataset\originals\aggression\aggression_0073.wav,aggression,3.0,16000,1,,,,1,validation
machinery_fault_0294,machinery_fault_0294.wav,C:\Users\Afzal Compters\Desktop\Sonic-sentinal-AI\audio_dataset\originals\machinery_fault\machinery_fault_0294.wav,machinery_fault,3.0,16000,1,,,,1,validation
background_noise_0174,background_noise_0174.wav,C:\Users\Afzal Compters\Desktop\Sonic-sentinal-AI\audio_dataset\originals\background_noise\background_noise_0174.wav,background_noise,3.0,16000,1,,,,1,validation
glass_breaking_0249,glass_breaking_0249.wav,C:\Users\Afzal Compters\Desktop\Sonic-sentinal-AI\audio_dataset\originals\glass_breaking\glass_breaking_0249.wav,glass_breaking,3.0,16000,1,,,,1,validation
machinery_fault_0100,machinery_fault_0100.wav,C:\Users\Afzal Compters\Desktop\Sonic-sentinal-AI\audio_dataset\originals\machinery_fault\machinery_fault_0100.wav,machinery_fault,3.0,16000,1,,,,1,validation
gunshot_0061,gunshot_0061.wav,C:\Users\Afzal Compters\Desktop\Sonic-sentinal-AI\audio_dataset\originals\gunshot\gunshot_0061.wav,gunshot,3.0,16000,1,,,,1,validation
animal_sound_0294,animal_sound_0294.wav,C:\Users\Afzal Compters\Desktop\Sonic-sentinal-AI\audio_dataset\originals\animal_sound\animal_sound_0294.wav,animal_sound,3.0,16000,1,,,,1,validation
animal_sound_0174,animal_sound_0174.wav,C:\Users\Afzal Compters\Desktop\Sonic-sentinal-AI\audio_dataset\originals\animal_sound\animal_sound_0174.wav,animal_sound,3.0,16000,1,,,,1,validation
vehicle_horn_0194,vehicle_horn_0194.wav,C:\Users\Afzal Compters\Desktop\Sonic-sentinal-AI\audio_dataset\originals\vehicle_horn\vehicle_horn_0194.wav,vehicle_horn,3.0,16000,1,,,,1,validation
gunshot_0188,gunshot_0188.wav,C:\Users\Afzal Compters\Desktop\Sonic-sentinal-AI\audio_dataset\originals\gunshot\gunshot_0188.wav,gunshot,3.0,16000,1,,,,1,validation
gunshot_0152,gunshot_0152.wav,C:\Users\Afzal Compters\Desktop\Sonic-sentinal-AI\audio_dataset\originals\gunshot\gunshot_0152.wav,gunshot,3.0,16000,1,,,,1,validation
vehicle_horn_0139,vehicle_horn_0139.wav,C:\Users\Afzal Compters\Desktop\Sonic-sentinal-AI\audio_dataset\originals\vehicle_horn\vehicle_horn_0139.wav,vehicle_horn,3.0,16000,1,,,,1,validation
animal_sound_0200,animal_sound_0200.wav,C:\Users\Afzal Compters\Desktop\Sonic-sentinal-AI\audio_dataset\originals\animal_sound\animal_sound_0200.wav,animal_sound,3.0,16000,1,,,,1,validation
machinery_fault_0230,machinery_fault_0230.wav,C:\Users\Afzal Compters\Desktop\Sonic-sentinal-AI\audio_dataset\originals\machinery_fault\machinery_fault_0230.wav,machinery_fault,3.0,16000,1,,,,1,validation
alarm_siren_0027,alarm_siren_0027.wav,C:\Users\Afzal Compters\Desktop\Sonic-sentinal-AI\audio_dataset\originals\alarm_siren\alarm_siren_0027.wav,alarm_siren,3.0,16000,1,,,,1,validation
glass_breaking_0259,glass_breaking_0259.wav,C:\Users\Afzal Compters\Desktop\Sonic-sentinal-AI\audio_dataset\originals\glass_breaking\glass_breaking_0259.wav,glass_breaking,3.0,16000,1,,,,1,validation
machinery_fault_0025,machinery_fault_0025.wav,C:\Users\Afzal Compters\Desktop\Sonic-sentinal-AI\audio_dataset\originals\machinery_fault\machinery_fault_0025.wav,machinery_fault,3.0,16000,1,,,,1,validation
vehicle_horn_0197,vehicle_horn_0197.wav,C:\Users\Afzal Compters\Desktop\Sonic-sentinal-AI\audio_dataset\originals\vehicle_horn\vehicle_horn_0197.wav,vehicle_horn,3.0,16000,1,,,,1,validation
machinery_fault_0167,machinery_fault_0167.wav,C:\Users\Afzal Compters\Desktop\Sonic-sentinal-AI\audio_dataset\originals\machinery_fault\machinery_fault_0167.wav,machinery_fault,3.0,16000,1,,,,1,validation
aggression_0256,aggression_0256.wav,C:\Users\Afzal Compters\Desktop\Sonic-sentinal-AI\audio_dataset\originals\aggression\aggression_0256.wav,aggression,3.0,16000,1,,,,1,validation
vehicle_horn_0090,vehicle_horn_0090.wav,C:\Users\Afzal Compters\Desktop\Sonic-sentinal-AI\audio_dataset\originals\vehicle_horn\vehicle_horn_0090.wav,vehicle_horn,3.0,16000,1,,,,1,validation
gunshot_0168,gunshot_0168.wav,C:\Users\Afzal Compters\Desktop\Sonic-sentinal-AI\audio_dataset\originals\gunshot\gunshot_0168.wav,gunshot,3.0,16000,1,,,,1,validation
gunshot_0079,gunshot_0079.wav,C:\Users\Afzal Compters\Desktop\Sonic-sentinal-AI\audio_dataset\originals\gunshot\gunshot_0079.wav,gunshot,3.0,16000,1,,,,1,validation
aggression_0261,aggression_0261.wav,C:\Users\Afzal Compters\Desktop\Sonic-sentinal-AI\audio_dataset\originals\aggression\aggression_0261.wav,aggression,3.0,16000,1,,,,1,validation
gunshot_0129,gunshot_0129.wav,C:\Users\Afzal Compters\Desktop\Sonic-sentinal-AI\audio_dataset\originals\gunshot\gunshot_0129.wav,gunshot,3.0,16000,1,,,,1,validation
aggression_0069,aggression_0069.wav,C:\Users\Afzal Compters\Desktop\Sonic-sentinal-AI\audio_dataset\originals\aggression\aggression_0069.wav,aggression,3.0,16000,1,,,,1,validation
machinery_fault_0109,machinery_fault_0109.wav,C:\Users\Afzal Compters\Desktop\Sonic-sentinal-AI\audio_dataset\originals\machinery_fault\machinery_fault_0109.wav,machinery_fault,3.0,16000,1,,,,1,validation
alarm_siren_0196,alarm_siren_0196.wav,C:\Users\Afzal Compters\Desktop\Sonic-sentinal-AI\audio_dataset\originals\alarm_siren\alarm_siren_0196.wav,alarm_siren,3.0,16000,1,,,,1,validation
glass_breaking_0247,glass_breaking_0247.wav,C:\Users\Afzal Compters\Desktop\Sonic-sentinal-AI\audio_dataset\originals\glass_breaking\glass_breaking_0247.wav,glass_breaking,3.0,16000,1,,,,1,validation
animal_sound_0086,animal_sound_0086.wav,C:\Users\Afzal Compters\Desktop\Sonic-sentinal-AI\audio_dataset\originals\animal_sound\animal_sound_0086.wav,animal_sound,3.0,16000,1,,,,1,validation
animal_sound_0125,animal_sound_0125.wav,C:\Users\Afzal Compters\Desktop\Sonic-sentinal-AI\audio_dataset\originals\animal_sound\animal_sound_0125.wav,animal_sound,3.0,16000,1,,,,1,validation
background_noise_0260,background_noise_0260.wav,C:\Users\Afzal Compters\Desktop\Sonic-sentinal-AI\audio_dataset\originals\background_noise\background_noise_0260.wav,background_noise,3.0,16000,1,,,,1,validation
animal_sound_0137,animal_sound_0137.wav,C:\Users\Afzal Compters\Desktop\Sonic-sentinal-AI\audio_dataset\originals\animal_sound\animal_sound_0137.wav,animal_sound,3.0,16000,1,,,,1,validation
background_noise_0022,background_noise_0022.wav,C:\Users\Afzal Compters\Desktop\Sonic-sentinal-AI\audio_dataset\originals\background_noise\background_noise_0022.wav,background_noise,3.0,16000,1,,,,1,validation
animal_sound_0222,animal_sound_0222.wav,C:\Users\Afzal Compters\Desktop\Sonic-sentinal-AI\audio_dataset\originals\animal_sound\animal_sound_0222.wav,animal_sound,3.0,16000,1,,,,1,validation
animal_sound_0164,animal_sound_0164.wav,C:\Users\Afzal Compters\Desktop\Sonic-sentinal-AI\audio_dataset\originals\animal_sound\animal_sound_0164.wav,animal_sound,3.0,16000,1,,,,1,validation
machinery_fault_0207,machinery_fault_0207.wav,C:\Users\Afzal Compters\Desktop\Sonic-sentinal-AI\audio_dataset\originals\machinery_fault\machinery_fault_0207.wav,machinery_fault,3.0,16000,1,,,,1,validation
glass_breaking_0094,glass_breaking_0094.wav,C:\Users\Afzal Compters\Desktop\Sonic-sentinal-AI\audio_dataset\originals\glass_breaking\glass_breaking_0094.wav,glass_breaking,3.0,16000,1,,,,1,validation
alarm_siren_0113,alarm_siren_0113.wav,C:\Users\Afzal Compters\Desktop\Sonic-sentinal-AI\audio_dataset\originals\alarm_siren\alarm_siren_0113.wav,alarm_siren,3.0,16000,1,,,,1,validation
aggression_0179,aggression_0179.wav,C:\Users\Afzal Compters\Desktop\Sonic-sentinal-AI\audio_dataset\originals\aggression\aggression_0179.wav,aggression,3.0,16000,1,,,,1,validation
glass_breaking_0254,glass_breaking_0254.wav,C:\Users\Afzal Compters\Desktop\Sonic-sentinal-AI\audio_dataset\originals\glass_breaking\glass_breaking_0254.wav,glass_breaking,3.0,16000,1,,,,1,validation
machinery_fault_0116,machinery_fault_0116.wav,C:\Users\Afzal Compters\Desktop\Sonic-sentinal-AI\audio_dataset\originals\machinery_fault\machinery_fault_0116.wav,machinery_fault,3.0,16000,1,,,,1,validation
vehicle_horn_0175,vehicle_horn_0175.wav,C:\Users\Afzal Compters\Desktop\Sonic-sentinal-AI\audio_dataset\originals\vehicle_horn\vehicle_horn_0175.wav,vehicle_horn,3.0,16000,1,,,,1,validation
animal_sound_0279,animal_sound_0279.wav,C:\Users\Afzal Compters\Desktop\Sonic-sentinal-AI\audio_dataset\originals\animal_sound\animal_sound_0279.wav,animal_sound,3.0,16000,1,,,,1,validation
vehicle_horn_0055,vehicle_horn_0055.wav,C:\Users\Afzal Compters\Desktop\Sonic-sentinal-AI\audio_dataset\originals\vehicle_horn\vehicle_horn_0055.wav,vehicle_horn,3.0,16000,1,,,,1,validation
glass_breaking_0241,glass_breaking_0241.wav,C:\Users\Afzal Compters\Desktop\Sonic-sentinal-AI\audio_dataset\originals\glass_breaking\glass_breaking_0241.wav,glass_breaking,3.0,16000,1,,,,1,validation
alarm_siren_0001,alarm_siren_0001.wav,C:\Users\Afzal Compters\Desktop\Sonic-sentinal-AI\audio_dataset\originals\alarm_siren\alarm_siren_0001.wav,alarm_siren,3.0,16000,1,,,,1,validation
animal_sound_0021,animal_sound_0021.wav,C:\Users\Afzal Compters\Desktop\Sonic-sentinal-AI\audio_dataset\originals\animal_sound\animal_sound_0021.wav,animal_sound,3.0,16000,1,,,,1,validation
machinery_fault_0266,machinery_fault_0266.wav,C:\Users\Afzal Compters\Desktop\Sonic-sentinal-AI\audio_dataset\originals\machinery_fault\machinery_fault_0266.wav,machinery_fault,3.0,16000,1,,,,1,validation
gunshot_0296,gunshot_0296.wav,C:\Users\Afzal Compters\Desktop\Sonic-sentinal-AI\audio_dataset\originals\gunshot\gunshot_0296.wav,gunshot,3.0,16000,1,,,,1,validation
glass_breaking_0069,glass_breaking_0069.wav,C:\Users\Afzal Compters\Desktop\Sonic-sentinal-AI\audio_dataset\originals\glass_breaking\glass_breaking_0069.wav,glass_breaking,3.0,16000,1,,,,1,validation
aggression_0187,aggression_0187.wav,C:\Users\Afzal Compters\Desktop\Sonic-sentinal-AI\audio_dataset\originals\aggression\aggression_0187.wav,aggression,3.0,16000,1,,,,1,validation
gunshot_0056,gunshot_0056.wav,C:\Users\Afzal Compters\Desktop\Sonic-sentinal-AI\audio_dataset\originals\gunshot\gunshot_0056.wav,gunshot,3.0,16000,1,,,,1,validation
glass_breaking_0062,glass_breaking_0062.wav,C:\Users\Afzal Compters\Desktop\Sonic-sentinal-AI\audio_dataset\originals\glass_breaking\glass_breaking_0062.wav,glass_breaking,3.0,16000,1,,,,1,validation
glass_breaking_0289,glass_breaking_0289.wav,C:\Users\Afzal Compters\Desktop\Sonic-sentinal-AI\audio_dataset\originals\glass_breaking\glass_breaking_0289.wav,glass_breaking,3.0,16000,1,,,,1,validation
alarm_siren_0195,alarm_siren_0195.wav,C:\Users\Afzal Compters\Desktop\Sonic-sentinal-AI\audio_dataset\originals\alarm_siren\alarm_siren_0195.wav,alarm_siren,3.0,16000,1,,,,1,validation
machinery_fault_0287,machinery_fault_0287.wav,C:\Users\Afzal Compters\Desktop\Sonic-sentinal-AI\audio_dataset\originals\machinery_fault\machinery_fault_0287.wav,machinery_fault,3.0,16000,1,,,,1,validation
aggression_0131,aggression_0131.wav,C:\Users\Afzal Compters\Desktop\Sonic-sentinal-AI\audio_dataset\originals\aggression\aggression_0131.wav,aggression,3.0,16000,1,,,,1,validation
panic_scream_0297,panic_scream_0297.wav,C:\Users\Afzal Compters\Desktop\Sonic-sentinal-AI\audio_dataset\originals\panic_scream\panic_scream_0297.wav,panic_scream,3.0,16000,1,,,,1,validation
alarm_siren_0012,alarm_siren_0012.wav,C:\Users\Afzal Compters\Desktop\Sonic-sentinal-AI\audio_dataset\originals\alarm_siren\alarm_siren_0012.wav,alarm_siren,3.0,16000,1,,,,1,validation
glass_breaking_0124,glass_breaking_0124.wav,C:\Users\Afzal Compters\Desktop\Sonic-sentinal-AI\audio_dataset\originals\glass_breaking\glass_breaking_0124.wav,glass_breaking,3.0,16000,1,,,,1,validation
vehicle_horn_0199,vehicle_horn_0199.wav,C:\Users\Afzal Compters\Desktop\Sonic-sentinal-AI\audio_dataset\originals\vehicle_horn\vehicle_horn_0199.wav,vehicle_horn,3.0,16000,1,,,,1,validation
alarm_siren_0034,alarm_siren_0034.wav,C:\Users\Afzal Compters\Desktop\Sonic-sentinal-AI\audio_dataset\originals\alarm_siren\alarm_siren_0034.wav,alarm_siren,3.0,16000,1,,,,1,validation
machinery_fault_0032,machinery_fault_0032.wav,C:\Users\Afzal Compters\Desktop\Sonic-sentinal-AI\audio_dataset\originals\machinery_fault\machinery_fault_0032.wav,machinery_fault,3.0,16000,1,,,,1,validation
gunshot_0100,gunshot_0100.wav,C:\Users\Afzal Compters\Desktop\Sonic-sentinal-AI\audio_dataset\originals\gunshot\gunshot_0100.wav,gunshot,3.0,16000,1,,,,1,validation
glass_breaking_0217,glass_breaking_0217.wav,C:\Users\Afzal Compters\Desktop\Sonic-sentinal-AI\audio_dataset\originals\glass_breaking\glass_breaking_0217.wav,glass_breaking,3.0,16000,1,,,,1,validation
alarm_siren_0125,alarm_siren_0125.wav,C:\Users\Afzal Compters\Desktop\Sonic-sentinal-AI\audio_dataset\originals\alarm_siren\alarm_siren_0125.wav,alarm_siren,3.0,16000,1,,,,1,validation
panic_scream_0008,panic_scream_0008.wav,C:\Users\Afzal Compters\Desktop\Sonic-sentinal-AI\audio_dataset\originals\panic_scream\panic_scream_0008.wav,panic_scream,3.0,16000,1,,,,1,validation
vehicle_horn_0059,vehicle_horn_0059.wav,C:\Users\Afzal Compters\Desktop\Sonic-sentinal-AI\audio_dataset\originals\vehicle_horn\vehicle_horn_0059.wav,vehicle_horn,3.0,16000,1,,,,1,validation
gunshot_0137,gunshot_0137.wav,C:\Users\Afzal Compters\Desktop\Sonic-sentinal-AI\audio_dataset\originals\gunshot\gunshot_0137.wav,gunshot,3.0,16000,1,,,,1,validation
animal_sound_0065,animal_sound_0065.wav,C:\Users\Afzal Compters\Desktop\Sonic-sentinal-AI\audio_dataset\originals\animal_sound\animal_sound_0065.wav,animal_sound,3.0,16000,1,,,,1,validation
gunshot_0219,gunshot_0219.wav,C:\Users\Afzal Compters\Desktop\Sonic-sentinal-AI\audio_dataset\originals\gunshot\gunshot_0219.wav,gunshot,3.0,16000,1,,,,1,validation
aggression_0076,aggression_0076.wav,C:\Users\Afzal Compters\Desktop\Sonic-sentinal-AI\audio_dataset\originals\aggression\aggression_0076.wav,aggression,3.0,16000,1,,,,1,validation
vehicle_horn_0286,vehicle_horn_0286.wav,C:\Users\Afzal Compters\Desktop\Sonic-sentinal-AI\audio_dataset\originals\vehicle_horn\vehicle_horn_0286.wav,vehicle_horn,3.0,16000,1,,,,1,validation
aggression_0068,aggression_0068.wav,C:\Users\Afzal Compters\Desktop\Sonic-sentinal-AI\audio_dataset\originals\aggression\aggression_0068.wav,aggression,3.0,16000,1,,,,1,validation
alarm_siren_0258,alarm_siren_0258.wav,C:\Users\Afzal Compters\Desktop\Sonic-sentinal-AI\audio_dataset\originals\alarm_siren\alarm_siren_0258.wav,alarm_siren,3.0,16000,1,,,,1,validation
machinery_fault_0191,machinery_fault_0191.wav,C:\Users\Afzal Compters\Desktop\Sonic-sentinal-AI\audio_dataset\originals\machinery_fault\machinery_fault_0191.wav,machinery_fault,3.0,16000,1,,,,1,validation
gunshot_0134,gunshot_0134.wav,C:\Users\Afzal Compters\Desktop\Sonic-sentinal-AI\audio_dataset\originals\gunshot\gunshot_0134.wav,gunshot,3.0,16000,1,,,,1,validation
animal_sound_0295,animal_sound_0295.wav,C:\Users\Afzal Compters\Desktop\Sonic-sentinal-AI\audio_dataset\originals\animal_sound\animal_sound_0295.wav,animal_sound,3.0,16000,1,,,,1,validation
alarm_siren_0109,alarm_siren_0109.wav,C:\Users\Afzal Compters\Desktop\Sonic-sentinal-AI\audio_dataset\originals\alarm_siren\alarm_siren_0109.wav,alarm_siren,3.0,16000,1,,,,1,validation
aggression_0039,aggression_0039.wav,C:\Users\Afzal Compters\Desktop\Sonic-sentinal-AI\audio_dataset\originals\aggression\aggression_0039.wav,aggression,3.0,16000,1,,,,1,validation
alarm_siren_0148,alarm_siren_0148.wav,C:\Users\Afzal Compters\Desktop\Sonic-sentinal-AI\audio_dataset\originals\alarm_siren\alarm_siren_0148.wav,alarm_siren,3.0,16000,1,,,,1,validation
alarm_siren_0238,alarm_siren_0238.wav,C:\Users\Afzal Compters\Desktop\Sonic-sentinal-AI\audio_dataset\originals\alarm_siren\alarm_siren_0238.wav,alarm_siren,3.0,16000,1,,,,1,validation
alarm_siren_0212,alarm_siren_0212.wav,C:\Users\Afzal Compters\Desktop\Sonic-sentinal-AI\audio_dataset\originals\alarm_siren\alarm_siren_0212.wav,alarm_siren,3.0,16000,1,,,,1,validation
machinery_fault_0247,machinery_fault_0247.wav,C:\Users\Afzal Compters\Desktop\Sonic-sentinal-AI\audio_dataset\originals\machinery_fault\machinery_fault_0247.wav,machinery_fault,3.0,16000,1,,,,1,validation
panic_scream_0042,panic_scream_0042.wav,C:\Users\Afzal Compters\Desktop\Sonic-sentinal-AI\audio_dataset\originals\panic_scream\panic_scream_0042.wav,panic_scream,3.0,16000,1,,,,1,validation
glass_breaking_0079,glass_breaking_0079.wav,C:\Users\Afzal Compters\Desktop\Sonic-sentinal-AI\audio_dataset\originals\glass_breaking\glass_breaking_0079.wav,glass_breaking,3.0,16000,1,,,,1,validation
glass_breaking_0149,glass_breaking_0149.wav,C:\Users\Afzal Compters\Desktop\Sonic-sentinal-AI\audio_dataset\originals\glass_breaking\glass_breaking_0149.wav,glass_breaking,3.0,16000,1,,,,1,validation
aggression_0144,aggression_0144.wav,C:\Users\Afzal Compters\Desktop\Sonic-sentinal-AI\audio_dataset\originals\aggression\aggression_0144.wav,aggression,3.0,16000,1,,,,1,validation
background_noise_0167,background_noise_0167.wav,C:\Users\Afzal Compters\Desktop\Sonic-sentinal-AI\audio_dataset\originals\background_noise\background_noise_0167.wav,background_noise,3.0,16000,1,,,,1,validation
vehicle_horn_0131,vehicle_horn_0131.wav,C:\Users\Afzal Compters\Desktop\Sonic-sentinal-AI\audio_dataset\originals\vehicle_horn\vehicle_horn_0131.wav,vehicle_horn,3.0,16000,1,,,,1,validation
glass_breaking_0056,glass_breaking_0056.wav,C:\Users\Afzal Compters\Desktop\Sonic-sentinal-AI\audio_dataset\originals\glass_breaking\glass_breaking_0056.wav,glass_breaking,3.0,16000,1,,,,1,validation
vehicle_horn_0147,vehicle_horn_0147.wav,C:\Users\Afzal Compters\Desktop\Sonic-sentinal-AI\audio_dataset\originals\vehicle_horn\vehicle_horn_0147.wav,vehicle_horn,3.0,16000,1,,,,1,validation
animal_sound_0270,animal_sound_0270.wav,C:\Users\Afzal Compters\Desktop\Sonic-sentinal-AI\audio_dataset\originals\animal_sound\animal_sound_0270.wav,animal_sound,3.0,16000,1,,,,1,validation
machinery_fault_0170,machinery_fault_0170.wav,C:\Users\Afzal Compters\Desktop\Sonic-sentinal-AI\audio_dataset\originals\machinery_fault\machinery_fault_0170.wav,machinery_fault,3.0,16000,1,,,,1,validation
background_noise_0153,background_noise_0153.wav,C:\Users\Afzal Compters\Desktop\Sonic-sentinal-AI\audio_dataset\originals\background_noise\background_noise_0153.wav,background_noise,3.0,16000,1,,,,1,validation
gunshot_0189,gunshot_0189.wav,C:\Users\Afzal Compters\Desktop\Sonic-sentinal-AI\audio_dataset\originals\gunshot\gunshot_0189.wav,gunshot,3.0,16000,1,,,,1,validation
aggression_0190,aggression_0190.wav,C:\Users\Afzal Compters\Desktop\Sonic-sentinal-AI\audio_dataset\originals\aggression\aggression_0190.wav,aggression,3.0,16000,1,,,,1,validation
vehicle_horn_0058,vehicle_horn_0058.wav,C:\Users\Afzal Compters\Desktop\Sonic-sentinal-AI\audio_dataset\originals\vehicle_horn\vehicle_horn_0058.wav,vehicle_horn,3.0,16000,1,,,,1,validation
animal_sound_0239,animal_sound_0239.wav,C:\Users\Afzal Compters\Desktop\Sonic-sentinal-AI\audio_dataset\originals\animal_sound\animal_sound_0239.wav,animal_sound,3.0,16000,1,,,,1,validation
gunshot_0287,gunshot_0287.wav,C:\Users\Afzal Compters\Desktop\Sonic-sentinal-AI\audio_dataset\originals\gunshot\gunshot_0287.wav,gunshot,3.0,16000,1,,,,1,validation
background_noise_0212,background_noise_0212.wav,C:\Users\Afzal Compters\Desktop\Sonic-sentinal-AI\audio_dataset\originals\background_noise\background_noise_0212.wav,background_noise,3.0,16000,1,,,,1,validation
background_noise_0298,background_noise_0298.wav,C:\Users\Afzal Compters\Desktop\Sonic-sentinal-AI\audio_dataset\originals\background_noise\background_noise_0298.wav,background_noise,3.0,16000,1,,,,1,validation
alarm_siren_0263,alarm_siren_0263.wav,C:\Users\Afzal Compters\Desktop\Sonic-sentinal-AI\audio_dataset\originals\alarm_siren\alarm_siren_0263.wav,alarm_siren,3.0,16000,1,,,,1,validation
background_noise_0223,background_noise_0223.wav,C:\Users\Afzal Compters\Desktop\Sonic-sentinal-AI\audio_dataset\originals\background_noise\background_noise_0223.wav,background_noise,3.0,16000,1,,,,1,validation
aggression_0272,aggression_0272.wav,C:\Users\Afzal Compters\Desktop\Sonic-sentinal-AI\audio_dataset\originals\aggression\aggression_0272.wav,aggression,3.0,16000,1,,,,1,validation
aggression_0001,aggression_0001.wav,C:\Users\Afzal Compters\Desktop\Sonic-sentinal-AI\audio_dataset\originals\aggression\aggression_0001.wav,aggression,3.0,16000,1,,,,1,validation
gunshot_0095,gunshot_0095.wav,C:\Users\Afzal Compters\Desktop\Sonic-sentinal-AI\audio_dataset\originals\gunshot\gunshot_0095.wav,gunshot,3.0,16000,1,,,,1,validation
aggression_0022,aggression_0022.wav,C:\Users\Afzal Compters\Desktop\Sonic-sentinal-AI\audio_dataset\originals\aggression\aggression_0022.wav,aggression,3.0,16000,1,,,,1,validation
panic_scream_0129,panic_scream_0129.wav,C:\Users\Afzal Compters\Desktop\Sonic-sentinal-AI\audio_dataset\originals\panic_scream\panic_scream_0129.wav,panic_scream,3.0,16000,1,,,,1,validation
glass_breaking_0266,glass_breaking_0266.wav,C:\Users\Afzal Compters\Desktop\Sonic-sentinal-AI\audio_dataset\originals\glass_breaking\glass_breaking_0266.wav,glass_breaking,3.0,16000,1,,,,1,validation
aggression_0084,aggression_0084.wav,C:\Users\Afzal Compters\Desktop\Sonic-sentinal-AI\audio_dataset\originals\aggression\aggression_0084.wav,aggression,3.0,16000,1,,,,1,validation
vehicle_horn_0033,vehicle_horn_0033.wav,C:\Users\Afzal Compters\Desktop\Sonic-sentinal-AI\audio_dataset\originals\vehicle_horn\vehicle_horn_0033.wav,vehicle_horn,3.0,16000,1,,,,1,validation
machinery_fault_0231,machinery_fault_0231.wav,C:\Users\Afzal Compters\Desktop\Sonic-sentinal-AI\audio_dataset\originals\machinery_fault\machinery_fault_0231.wav,machinery_fault,3.0,16000,1,,,,1,validation
vehicle_horn_0138,vehicle_horn_0138.wav,C:\Users\Afzal Compters\Desktop\Sonic-sentinal-AI\audio_dataset\originals\vehicle_horn\vehicle_horn_0138.wav,vehicle_horn,3.0,16000,1,,,,1,validation
alarm_siren_0227,alarm_siren_0227.wav,C:\Users\Afzal Compters\Desktop\Sonic-sentinal-AI\audio_dataset\originals\alarm_siren\alarm_siren_0227.wav,alarm_siren,3.0,16000,1,,,,1,validation
panic_scream_0284,panic_scream_0284.wav,C:\Users\Afzal Compters\Desktop\Sonic-sentinal-AI\audio_dataset\originals\panic_scream\panic_scream_0284.wav,panic_scream,3.0,16000,1,,,,1,validation
alarm_siren_0228,alarm_siren_0228.wav,C:\Users\Afzal Compters\Desktop\Sonic-sentinal-AI\audio_dataset\originals\alarm_siren\alarm_siren_0228.wav,alarm_siren,3.0,16000,1,,,,1,validation
aggression_0153,aggression_0153.wav,C:\Users\Afzal Compters\Desktop\Sonic-sentinal-AI\audio_dataset\originals\aggression\aggression_0153.wav,aggression,3.0,16000,1,,,,1,validation
vehicle_horn_0136,vehicle_horn_0136.wav,C:\Users\Afzal Compters\Desktop\Sonic-sentinal-AI\audio_dataset\originals\vehicle_horn\vehicle_horn_0136.wav,vehicle_horn,3.0,16000,1,,,,1,validation
animal_sound_0030,animal_sound_0030.wav,C:\Users\Afzal Compters\Desktop\Sonic-sentinal-AI\audio_dataset\originals\animal_sound\animal_sound_0030.wav,animal_sound,3.0,16000,1,,,,1,validation
glass_breaking_0123,glass_breaking_0123.wav,C:\Users\Afzal Compters\Desktop\Sonic-sentinal-AI\audio_dataset\originals\glass_breaking\glass_breaking_0123.wav,glass_breaking,3.0,16000,1,,,,1,validation
animal_sound_0261,animal_sound_0261.wav,C:\Users\Afzal Compters\Desktop\Sonic-sentinal-AI\audio_dataset\originals\animal_sound\animal_sound_0261.wav,animal_sound,3.0,16000,1,,,,1,validation
background_noise_0003,background_noise_0003.wav,C:\Users\Afzal Compters\Desktop\Sonic-sentinal-AI\audio_dataset\originals\background_noise\background_noise_0003.wav,background_noise,3.0,16000,1,,,,1,validation
vehicle_horn_0239,vehicle_horn_0239.wav,C:\Users\Afzal Compters\Desktop\Sonic-sentinal-AI\audio_dataset\originals\vehicle_horn\vehicle_horn_0239.wav,vehicle_horn,3.0,16000,1,,,,1,validation
animal_sound_0237,animal_sound_0237.wav,C:\Users\Afzal Compters\Desktop\Sonic-sentinal-AI\audio_dataset\originals\animal_sound\animal_sound_0237.wav,animal_sound,3.0,16000,1,,,,1,validation
background_noise_0213,background_noise_0213.wav,C:\Users\Afzal Compters\Desktop\Sonic-sentinal-AI\audio_dataset\originals\background_noise\background_noise_0213.wav,background_noise,3.0,16000,1,,,,1,validation
alarm_siren_0165,alarm_siren_0165.wav,C:\Users\Afzal Compters\Desktop\Sonic-sentinal-AI\audio_dataset\originals\alarm_siren\alarm_siren_0165.wav,alarm_siren,3.0,16000,1,,,,1,validation
glass_breaking_0055,glass_breaking_0055.wav,C:\Users\Afzal Compters\Desktop\Sonic-sentinal-AI\audio_dataset\originals\glass_breaking\glass_breaking_0055.wav,glass_breaking,3.0,16000,1,,,,1,validation
alarm_siren_0178,alarm_siren_0178.wav,C:\Users\Afzal Compters\Desktop\Sonic-sentinal-AI\audio_dataset\originals\alarm_siren\alarm_siren_0178.wav,alarm_siren,3.0,16000,1,,,,1,validation
vehicle_horn_0251,vehicle_horn_0251.wav,C:\Users\Afzal Compters\Desktop\Sonic-sentinal-AI\audio_dataset\originals\vehicle_horn\vehicle_horn_0251.wav,vehicle_horn,3.0,16000,1,,,,1,validation
panic_scream_0062,panic_scream_0062.wav,C:\Users\Afzal Compters\Desktop\Sonic-sentinal-AI\audio_dataset\originals\panic_scream\panic_scream_0062.wav,panic_scream,3.0,16000,1,,,,1,validation
aggression_0276,aggression_0276.wav,C:\Users\Afzal Compters\Desktop\Sonic-sentinal-AI\audio_dataset\originals\aggression\aggression_0276.wav,aggression,3.0,16000,1,,,,1,validation
gunshot_0266,gunshot_0266.wav,C:\Users\Afzal Compters\Desktop\Sonic-sentinal-AI\audio_dataset\originals\gunshot\gunshot_0266.wav,gunshot,3.0,16000,1,,,,1,validation
panic_scream_0019,panic_scream_0019.wav,C:\Users\Afzal Compters\Desktop\Sonic-sentinal-AI\audio_dataset\originals\panic_scream\panic_scream_0019.wav,panic_scream,3.0,16000,1,,,,1,validation
panic_scream_0047,panic_scream_0047.wav,C:\Users\Afzal Compters\Desktop\Sonic-sentinal-AI\audio_dataset\originals\panic_scream\panic_scream_0047.wav,panic_scream,3.0,16000,1,,,,1,validation
background_noise_0149,background_noise_0149.wav,C:\Users\Afzal Compters\Desktop\Sonic-sentinal-AI\audio_dataset\originals\background_noise\background_noise_0149.wav,background_noise,3.0,16000,1,,,,1,validation
vehicle_horn_0299,vehicle_horn_0299.wav,C:\Users\Afzal Compters\Desktop\Sonic-sentinal-AI\audio_dataset\originals\vehicle_horn\vehicle_horn_0299.wav,vehicle_horn,3.0,16000,1,,,,1,validation
aggression_0128,aggression_0128.wav,C:\Users\Afzal Compters\Desktop\Sonic-sentinal-AI\audio_dataset\originals\aggression\aggression_0128.wav,aggression,3.0,16000,1,,,,1,validation
aggression_0184,aggression_0184.wav,C:\Users\Afzal Compters\Desktop\Sonic-sentinal-AI\audio_dataset\originals\aggression\aggression_0184.wav,aggression,3.0,16000,1,,,,1,validation
alarm_siren_0005,alarm_siren_0005.wav,C:\Users\Afzal Compters\Desktop\Sonic-sentinal-AI\audio_dataset\originals\alarm_siren\alarm_siren_0005.wav,alarm_siren,3.0,16000,1,,,,1,validation
panic_scream_0030,panic_scream_0030.wav,C:\Users\Afzal Compters\Desktop\Sonic-sentinal-AI\audio_dataset\originals\panic_scream\panic_scream_0030.wav,panic_scream,3.0,16000,1,,,,1,validation
machinery_fault_0161,machinery_fault_0161.wav,C:\Users\Afzal Compters\Desktop\Sonic-sentinal-AI\audio_dataset\originals\machinery_fault\machinery_fault_0161.wav,machinery_fault,3.0,16000,1,,,,1,validation
background_noise_0275,background_noise_0275.wav,C:\Users\Afzal Compters\Desktop\Sonic-sentinal-AI\audio_dataset\originals\background_noise\background_noise_0275.wav,background_noise,3.0,16000,1,,,,1,validation
background_noise_0058,background_noise_0058.wav,C:\Users\Afzal Compters\Desktop\Sonic-sentinal-AI\audio_dataset\originals\background_noise\background_noise_0058.wav,background_noise,3.0,16000,1,,,,1,validation
machinery_fault_0209,machinery_fault_0209.wav,C:\Users\Afzal Compters\Desktop\Sonic-sentinal-AI\audio_dataset\originals\machinery_fault\machinery_fault_0209.wav,machinery_fault,3.0,16000,1,,,,1,validation
glass_breaking_0276,glass_breaking_0276.wav,C:\Users\Afzal Compters\Desktop\Sonic-sentinal-AI\audio_dataset\originals\glass_breaking\glass_breaking_0276.wav,glass_breaking,3.0,16000,1,,,,1,validation
aggression_0060,aggression_0060.wav,C:\Users\Afzal Compters\Desktop\Sonic-sentinal-AI\audio_dataset\originals\aggression\aggression_0060.wav,aggression,3.0,16000,1,,,,1,validation
gunshot_0273,gunshot_0273.wav,C:\Users\Afzal Compters\Desktop\Sonic-sentinal-AI\audio_dataset\originals\gunshot\gunshot_0273.wav,gunshot,3.0,16000,1,,,,1,validation
vehicle_horn_0259,vehicle_horn_0259.wav,C:\Users\Afzal Compters\Desktop\Sonic-sentinal-AI\audio_dataset\originals\vehicle_horn\vehicle_horn_0259.wav,vehicle_horn,3.0,16000,1,,,,1,validation
alarm_siren_0070,alarm_siren_0070.wav,C:\Users\Afzal Compters\Desktop\Sonic-sentinal-AI\audio_dataset\originals\alarm_siren\alarm_siren_0070.wav,alarm_siren,3.0,16000,1,,,,1,validation
vehicle_horn_0093,vehicle_horn_0093.wav,C:\Users\Afzal Compters\Desktop\Sonic-sentinal-AI\audio_dataset\originals\vehicle_horn\vehicle_horn_0093.wav,vehicle_horn,3.0,16000,1,,,,1,validation
vehicle_horn_0279,vehicle_horn_0279.wav,C:\Users\Afzal Compters\Desktop\Sonic-sentinal-AI\audio_dataset\originals\vehicle_horn\vehicle_horn_0279.wav,vehicle_horn,3.0,16000,1,,,,1,validation
background_noise_0250,background_noise_0250.wav,C:\Users\Afzal Compters\Desktop\Sonic-sentinal-AI\audio_dataset\originals\background_noise\background_noise_0250.wav,background_noise,3.0,16000,1,,,,1,validation
glass_breaking_0066,glass_breaking_0066.wav,C:\Users\Afzal Compters\Desktop\Sonic-sentinal-AI\audio_dataset\originals\glass_breaking\glass_breaking_0066.wav,glass_breaking,3.0,16000,1,,,,1,validation
gunshot_0010,gunshot_0010.wav,C:\Users\Afzal Compters\Desktop\Sonic-sentinal-AI\audio_dataset\originals\gunshot\gunshot_0010.wav,gunshot,3.0,16000,1,,,,1,validation
gunshot_0004,gunshot_0004.wav,C:\Users\Afzal Compters\Desktop\Sonic-sentinal-AI\audio_dataset\originals\gunshot\gunshot_0004.wav,gunshot,3.0,16000,1,,,,1,validation
vehicle_horn_0263,vehicle_horn_0263.wav,C:\Users\Afzal Compters\Desktop\Sonic-sentinal-AI\audio_dataset\originals\vehicle_horn\vehicle_horn_0263.wav,vehicle_horn,3.0,16000,1,,,,1,validation
glass_breaking_0292,glass_breaking_0292.wav,C:\Users\Afzal Compters\Desktop\Sonic-sentinal-AI\audio_dataset\originals\glass_breaking\glass_breaking_0292.wav,glass_breaking,3.0,16000,1,,,,1,validation
gunshot_0234,gunshot_0234.wav,C:\Users\Afzal Compters\Desktop\Sonic-sentinal-AI\audio_dataset\originals\gunshot\gunshot_0234.wav,gunshot,3.0,16000,1,,,,1,validation
background_noise_0014,background_noise_0014.wav,C:\Users\Afzal Compters\Desktop\Sonic-sentinal-AI\audio_dataset\originals\background_noise\background_noise_0014.wav,background_noise,3.0,16000,1,,,,1,validation
panic_scream_0055,panic_scream_0055.wav,C:\Users\Afzal Compters\Desktop\Sonic-sentinal-AI\audio_dataset\originals\panic_scream\panic_scream_0055.wav,panic_scream,3.0,16000,1,,,,1,validation
gunshot_0214,gunshot_0214.wav,C:\Users\Afzal Compters\Desktop\Sonic-sentinal-AI\audio_dataset\originals\gunshot\gunshot_0214.wav,gunshot,3.0,16000,1,,,,1,validation
aggression_0143,aggression_0143.wav,C:\Users\Afzal Compters\Desktop\Sonic-sentinal-AI\audio_dataset\originals\aggression\aggression_0143.wav,aggression,3.0,16000,1,,,,1,validation
animal_sound_0193,animal_sound_0193.wav,C:\Users\Afzal Compters\Desktop\Sonic-sentinal-AI\audio_dataset\originals\animal_sound\animal_sound_0193.wav,animal_sound,3.0,16000,1,,,,1,validation
machinery_fault_0225,machinery_fault_0225.wav,C:\Users\Afzal Compters\Desktop\Sonic-sentinal-AI\audio_dataset\originals\machinery_fault\machinery_fault_0225.wav,machinery_fault,3.0,16000,1,,,,1,validation
machinery_fault_0126,machinery_fault_0126.wav,C:\Users\Afzal Compters\Desktop\Sonic-sentinal-AI\audio_dataset\originals\machinery_fault\machinery_fault_0126.wav,machinery_fault,3.0,16000,1,,,,1,validation
vehicle_horn_0077,vehicle_horn_0077.wav,C:\Users\Afzal Compters\Desktop\Sonic-sentinal-AI\audio_dataset\originals\vehicle_horn\vehicle_horn_0077.wav,vehicle_horn,3.0,16000,1,,,,1,validation
gunshot_0064,gunshot_0064.wav,C:\Users\Afzal Compters\Desktop\Sonic-sentinal-AI\audio_dataset\originals\gunshot\gunshot_0064.wav,gunshot,3.0,16000,1,,,,1,validation
background_noise_0050,background_noise_0050.wav,C:\Users\Afzal Compters\Desktop\Sonic-sentinal-AI\audio_dataset\originals\background_noise\background_noise_0050.wav,background_noise,3.0,16000,1,,,,1,validation
panic_scream_0228,panic_scream_0228.wav,C:\Users\Afzal Compters\Desktop\Sonic-sentinal-AI\audio_dataset\originals\panic_scream\panic_scream_0228.wav,panic_scream,3.0,16000,1,,,,1,validation
machinery_fault_0021,machinery_fault_0021.wav,C:\Users\Afzal Compters\Desktop\Sonic-sentinal-AI\audio_dataset\originals\machinery_fault\machinery_fault_0021.wav,machinery_fault,3.0,16000,1,,,,1,validation
panic_scream_0026,panic_scream_0026.wav,C:\Users\Afzal Compters\Desktop\Sonic-sentinal-AI\audio_dataset\originals\panic_scream\panic_scream_0026.wav,panic_scream,3.0,16000,1,,,,1,validation
panic_scream_0131,panic_scream_0131.wav,C:\Users\Afzal Compters\Desktop\Sonic-sentinal-AI\audio_dataset\originals\panic_scream\panic_scream_0131.wav,panic_scream,3.0,16000,1,,,,1,validation
panic_scream_0029,panic_scream_0029.wav,C:\Users\Afzal Compters\Desktop\Sonic-sentinal-AI\audio_dataset\originals\panic_scream\panic_scream_0029.wav,panic_scream,3.0,16000,1,,,,1,validation
machinery_fault_0232,machinery_fault_0232.wav,C:\Users\Afzal Compters\Desktop\Sonic-sentinal-AI\audio_dataset\originals\machinery_fault\machinery_fault_0232.wav,machinery_fault,3.0,16000,1,,,,1,validation
aggression_0024,aggression_0024.wav,C:\Users\Afzal Compters\Desktop\Sonic-sentinal-AI\audio_dataset\originals\aggression\aggression_0024.wav,aggression,3.0,16000,1,,,,1,validation
vehicle_horn_0196,vehicle_horn_0196.wav,C:\Users\Afzal Compters\Desktop\Sonic-sentinal-AI\audio_dataset\originals\vehicle_horn\vehicle_horn_0196.wav,vehicle_horn,3.0,16000,1,,,,1,validation
vehicle_horn_0218,vehicle_horn_0218.wav,C:\Users\Afzal Compters\Desktop\Sonic-sentinal-AI\audio_dataset\originals\vehicle_horn\vehicle_horn_0218.wav,vehicle_horn,3.0,16000,1,,,,1,validation
background_noise_0198,background_noise_0198.wav,C:\Users\Afzal Compters\Desktop\Sonic-sentinal-AI\audio_dataset\originals\background_noise\background_noise_0198.wav,background_noise,3.0,16000,1,,,,1,validation
aggression_0020,aggression_0020.wav,C:\Users\Afzal Compters\Desktop\Sonic-sentinal-AI\audio_dataset\originals\aggression\aggression_0020.wav,aggression,3.0,16000,1,,,,1,test
animal_sound_0195,animal_sound_0195.wav,C:\Users\Afzal Compters\Desktop\Sonic-sentinal-AI\audio_dataset\originals\animal_sound\animal_sound_0195.wav,animal_sound,3.0,16000,1,,,,1,test
aggression_0267,aggression_0267.wav,C:\Users\Afzal Compters\Desktop\Sonic-sentinal-AI\audio_dataset\originals\aggression\aggression_0267.wav,aggression,3.0,16000,1,,,,1,test
aggression_0077,aggression_0077.wav,C:\Users\Afzal Compters\Desktop\Sonic-sentinal-AI\audio_dataset\originals\aggression\aggression_0077.wav,aggression,3.0,16000,1,,,,1,test
gunshot_0051,gunshot_0051.wav,C:\Users\Afzal Compters\Desktop\Sonic-sentinal-AI\audio_dataset\originals\gunshot\gunshot_0051.wav,gunshot,3.0,16000,1,,,,1,test
glass_breaking_0203,glass_breaking_0203.wav,C:\Users\Afzal Compters\Desktop\Sonic-sentinal-AI\audio_dataset\originals\glass_breaking\glass_breaking_0203.wav,glass_breaking,3.0,16000,1,,,,1,test
background_noise_0131,background_noise_0131.wav,C:\Users\Afzal Compters\Desktop\Sonic-sentinal-AI\audio_dataset\originals\background_noise\background_noise_0131.wav,background_noise,3.0,16000,1,,,,1,test
animal_sound_0011,animal_sound_0011.wav,C:\Users\Afzal Compters\Desktop\Sonic-sentinal-AI\audio_dataset\originals\animal_sound\animal_sound_0011.wav,animal_sound,3.0,16000,1,,,,1,test
animal_sound_0116,animal_sound_0116.wav,C:\Users\Afzal Compters\Desktop\Sonic-sentinal-AI\audio_dataset\originals\animal_sound\animal_sound_0116.wav,animal_sound,3.0,16000,1,,,,1,test
vehicle_horn_0073,vehicle_horn_0073.wav,C:\Users\Afzal Compters\Desktop\Sonic-sentinal-AI\audio_dataset\originals\vehicle_horn\vehicle_horn_0073.wav,vehicle_horn,3.0,16000,1,,,,1,test
gunshot_0029,gunshot_0029.wav,C:\Users\Afzal Compters\Desktop\Sonic-sentinal-AI\audio_dataset\originals\gunshot\gunshot_0029.wav,gunshot,3.0,16000,1,,,,1,test
machinery_fault_0220,machinery_fault_0220.wav,C:\Users\Afzal Compters\Desktop\Sonic-sentinal-AI\audio_dataset\originals\machinery_fault\machinery_fault_0220.wav,machinery_fault,3.0,16000,1,,,,1,test
vehicle_horn_0115,vehicle_horn_0115.wav,C:\Users\Afzal Compters\Desktop\Sonic-sentinal-AI\audio_dataset\originals\vehicle_horn\vehicle_horn_0115.wav,vehicle_horn,3.0,16000,1,,,,1,test
aggression_0013,aggression_0013.wav,C:\Users\Afzal Compters\Desktop\Sonic-sentinal-AI\audio_dataset\originals\aggression\aggression_0013.wav,aggression,3.0,16000,1,,,,1,test
alarm_siren_0073,alarm_siren_0073.wav,C:\Users\Afzal Compters\Desktop\Sonic-sentinal-AI\audio_dataset\originals\alarm_siren\alarm_siren_0073.wav,alarm_siren,3.0,16000,1,,,,1,test
background_noise_0015,background_noise_0015.wav,C:\Users\Afzal Compters\Desktop\Sonic-sentinal-AI\audio_dataset\originals\background_noise\background_noise_0015.wav,background_noise,3.0,16000,1,,,,1,test
glass_breaking_0283,glass_breaking_0283.wav,C:\Users\Afzal Compters\Desktop\Sonic-sentinal-AI\audio_dataset\originals\glass_breaking\glass_breaking_0283.wav,glass_breaking,3.0,16000,1,,,,1,test
machinery_fault_0085,machinery_fault_0085.wav,C:\Users\Afzal Compters\Desktop\Sonic-sentinal-AI\audio_dataset\originals\machinery_fault\machinery_fault_0085.wav,machinery_fault,3.0,16000,1,,,,1,test
panic_scream_0225,panic_scream_0225.wav,C:\Users\Afzal Compters\Desktop\Sonic-sentinal-AI\audio_dataset\originals\panic_scream\panic_scream_0225.wav,panic_scream,3.0,16000,1,,,,1,test
alarm_siren_0269,alarm_siren_0269.wav,C:\Users\Afzal Compters\Desktop\Sonic-sentinal-AI\audio_dataset\originals\alarm_siren\alarm_siren_0269.wav,alarm_siren,3.0,16000,1,,,,1,test
alarm_siren_0219,alarm_siren_0219.wav,C:\Users\Afzal Compters\Desktop\Sonic-sentinal-AI\audio_dataset\originals\alarm_siren\alarm_siren_0219.wav,alarm_siren,3.0,16000,1,,,,1,test
alarm_siren_0127,alarm_siren_0127.wav,C:\Users\Afzal Compters\Desktop\Sonic-sentinal-AI\audio_dataset\originals\alarm_siren\alarm_siren_0127.wav,alarm_siren,3.0,16000,1,,,,1,test
animal_sound_0221,animal_sound_0221.wav,C:\Users\Afzal Compters\Desktop\Sonic-sentinal-AI\audio_dataset\originals\animal_sound\animal_sound_0221.wav,animal_sound,3.0,16000,1,,,,1,test
background_noise_0059,background_noise_0059.wav,C:\Users\Afzal Compters\Desktop\Sonic-sentinal-AI\audio_dataset\originals\background_noise\background_noise_0059.wav,background_noise,3.0,16000,1,,,,1,test
vehicle_horn_0151,vehicle_horn_0151.wav,C:\Users\Afzal Compters\Desktop\Sonic-sentinal-AI\audio_dataset\originals\vehicle_horn\vehicle_horn_0151.wav,vehicle_horn,3.0,16000,1,,,,1,test
aggression_0192,aggression_0192.wav,C:\Users\Afzal Compters\Desktop\Sonic-sentinal-AI\audio_dataset\originals\aggression\aggression_0192.wav,aggression,3.0,16000,1,,,,1,test
panic_scream_0209,panic_scream_0209.wav,C:\Users\Afzal Compters\Desktop\Sonic-sentinal-AI\audio_dataset\originals\panic_scream\panic_scream_0209.wav,panic_scream,3.0,16000,1,,,,1,test
background_noise_0046,background_noise_0046.wav,C:\Users\Afzal Compters\Desktop\Sonic-sentinal-AI\audio_dataset\originals\background_noise\background_noise_0046.wav,background_noise,3.0,16000,1,,,,1,test
alarm_siren_0103,alarm_siren_0103.wav,C:\Users\Afzal Compters\Desktop\Sonic-sentinal-AI\audio_dataset\originals\alarm_siren\alarm_siren_0103.wav,alarm_siren,3.0,16000,1,,,,1,test
glass_breaking_0086,glass_breaking_0086.wav,C:\Users\Afzal Compters\Desktop\Sonic-sentinal-AI\audio_dataset\originals\glass_breaking\glass_breaking_0086.wav,glass_breaking,3.0,16000,1,,,,1,test
gunshot_0108,gunshot_0108.wav,C:\Users\Afzal Compters\Desktop\Sonic-sentinal-AI\audio_dataset\originals\gunshot\gunshot_0108.wav,gunshot,3.0,16000,1,,,,1,test
glass_breaking_0131,glass_breaking_0131.wav,C:\Users\Afzal Compters\Desktop\Sonic-sentinal-AI\audio_dataset\originals\glass_breaking\glass_breaking_0131.wav,glass_breaking,3.0,16000,1,,,,1,test
background_noise_0079,background_noise_0079.wav,C:\Users\Afzal Compters\Desktop\Sonic-sentinal-AI\audio_dataset\originals\background_noise\background_noise_0079.wav,background_noise,3.0,16000,1,,,,1,test
animal_sound_0115,animal_sound_0115.wav,C:\Users\Afzal Compters\Desktop\Sonic-sentinal-AI\audio_dataset\originals\animal_sound\animal_sound_0115.wav,animal_sound,3.0,16000,1,,,,1,test
glass_breaking_0028,glass_breaking_0028.wav,C:\Users\Afzal Compters\Desktop\Sonic-sentinal-AI\audio_dataset\originals\glass_breaking\glass_breaking_0028.wav,glass_breaking,3.0,16000,1,,,,1,test
background_noise_0184,background_noise_0184.wav,C:\Users\Afzal Compters\Desktop\Sonic-sentinal-AI\audio_dataset\originals\background_noise\background_noise_0184.wav,background_noise,3.0,16000,1,,,,1,test
vehicle_horn_0103,vehicle_horn_0103.wav,C:\Users\Afzal Compters\Desktop\Sonic-sentinal-AI\audio_dataset\originals\vehicle_horn\vehicle_horn_0103.wav,vehicle_horn,3.0,16000,1,,,,1,test
gunshot_0013,gunshot_0013.wav,C:\Users\Afzal Compters\Desktop\Sonic-sentinal-AI\audio_dataset\originals\gunshot\gunshot_0013.wav,gunshot,3.0,16000,1,,,,1,test
alarm_siren_0042,alarm_siren_0042.wav,C:\Users\Afzal Compters\Desktop\Sonic-sentinal-AI\audio_dataset\originals\alarm_siren\alarm_siren_0042.wav,alarm_siren,3.0,16000,1,,,,1,test
alarm_siren_0058,alarm_siren_0058.wav,C:\Users\Afzal Compters\Desktop\Sonic-sentinal-AI\audio_dataset\originals\alarm_siren\alarm_siren_0058.wav,alarm_siren,3.0,16000,1,,,,1,test
aggression_0156,aggression_0156.wav,C:\Users\Afzal Compters\Desktop\Sonic-sentinal-AI\audio_dataset\originals\aggression\aggression_0156.wav,aggression,3.0,16000,1,,,,1,test
background_noise_0048,background_noise_0048.wav,C:\Users\Afzal Compters\Desktop\Sonic-sentinal-AI\audio_dataset\originals\background_noise\background_noise_0048.wav,background_noise,3.0,16000,1,,,,1,test
aggression_0034,aggression_0034.wav,C:\Users\Afzal Compters\Desktop\Sonic-sentinal-AI\audio_dataset\originals\aggression\aggression_0034.wav,aggression,3.0,16000,1,,,,1,test
aggression_0257,aggression_0257.wav,C:\Users\Afzal Compters\Desktop\Sonic-sentinal-AI\audio_dataset\originals\aggression\aggression_0257.wav,aggression,3.0,16000,1,,,,1,test
animal_sound_0156,animal_sound_0156.wav,C:\Users\Afzal Compters\Desktop\Sonic-sentinal-AI\audio_dataset\originals\animal_sound\animal_sound_0156.wav,animal_sound,3.0,16000,1,,,,1,test
aggression_0196,aggression_0196.wav,C:\Users\Afzal Compters\Desktop\Sonic-sentinal-AI\audio_dataset\originals\aggression\aggression_0196.wav,aggression,3.0,16000,1,,,,1,test
gunshot_0210,gunshot_0210.wav,C:\Users\Afzal Compters\Desktop\Sonic-sentinal-AI\audio_dataset\originals\gunshot\gunshot_0210.wav,gunshot,3.0,16000,1,,,,1,test
gunshot_0187,gunshot_0187.wav,C:\Users\Afzal Compters\Desktop\Sonic-sentinal-AI\audio_dataset\originals\gunshot\gunshot_0187.wav,gunshot,3.0,16000,1,,,,1,test
animal_sound_0017,animal_sound_0017.wav,C:\Users\Afzal Compters\Desktop\Sonic-sentinal-AI\audio_dataset\originals\animal_sound\animal_sound_0017.wav,animal_sound,3.0,16000,1,,,,1,test
glass_breaking_0160,glass_breaking_0160.wav,C:\Users\Afzal Compters\Desktop\Sonic-sentinal-AI\audio_dataset\originals\glass_breaking\glass_breaking_0160.wav,glass_breaking,3.0,16000,1,,,,1,test
background_noise_0209,background_noise_0209.wav,C:\Users\Afzal Compters\Desktop\Sonic-sentinal-AI\audio_dataset\originals\background_noise\background_noise_0209.wav,background_noise,3.0,16000,1,,,,1,test
alarm_siren_0137,alarm_siren_0137.wav,C:\Users\Afzal Compters\Desktop\Sonic-sentinal-AI\audio_dataset\originals\alarm_siren\alarm_siren_0137.wav,alarm_siren,3.0,16000,1,,,,1,test
machinery_fault_0053,machinery_fault_0053.wav,C:\Users\Afzal Compters\Desktop\Sonic-sentinal-AI\audio_dataset\originals\machinery_fault\machinery_fault_0053.wav,machinery_fault,3.0,16000,1,,,,1,test
gunshot_0231,gunshot_0231.wav,C:\Users\Afzal Compters\Desktop\Sonic-sentinal-AI\audio_dataset\originals\gunshot\gunshot_0231.wav,gunshot,3.0,16000,1,,,,1,test
gunshot_0113,gunshot_0113.wav,C:\Users\Afzal Compters\Desktop\Sonic-sentinal-AI\audio_dataset\originals\gunshot\gunshot_0113.wav,gunshot,3.0,16000,1,,,,1,test
vehicle_horn_0116,vehicle_horn_0116.wav,C:\Users\Afzal Compters\Desktop\Sonic-sentinal-AI\audio_dataset\originals\vehicle_horn\vehicle_horn_0116.wav,vehicle_horn,3.0,16000,1,,,,1,test
alarm_siren_0115,alarm_siren_0115.wav,C:\Users\Afzal Compters\Desktop\Sonic-sentinal-AI\audio_dataset\originals\alarm_siren\alarm_siren_0115.wav,alarm_siren,3.0,16000,1,,,,1,test
alarm_siren_0161,alarm_siren_0161.wav,C:\Users\Afzal Compters\Desktop\Sonic-sentinal-AI\audio_dataset\originals\alarm_siren\alarm_siren_0161.wav,alarm_siren,3.0,16000,1,,,,1,test
vehicle_horn_0143,vehicle_horn_0143.wav,C:\Users\Afzal Compters\Desktop\Sonic-sentinal-AI\audio_dataset\originals\vehicle_horn\vehicle_horn_0143.wav,vehicle_horn,3.0,16000,1,,,,1,test
panic_scream_0153,panic_scream_0153.wav,C:\Users\Afzal Compters\Desktop\Sonic-sentinal-AI\audio_dataset\originals\panic_scream\panic_scream_0153.wav,panic_scream,3.0,16000,1,,,,1,test
aggression_0253,aggression_0253.wav,C:\Users\Afzal Compters\Desktop\Sonic-sentinal-AI\audio_dataset\originals\aggression\aggression_0253.wav,aggression,3.0,16000,1,,,,1,test
background_noise_0208,background_noise_0208.wav,C:\Users\Afzal Compters\Desktop\Sonic-sentinal-AI\audio_dataset\originals\background_noise\background_noise_0208.wav,background_noise,3.0,16000,1,,,,1,test
aggression_0222,aggression_0222.wav,C:\Users\Afzal Compters\Desktop\Sonic-sentinal-AI\audio_dataset\originals\aggression\aggression_0222.wav,aggression,3.0,16000,1,,,,1,test
glass_breaking_0078,glass_breaking_0078.wav,C:\Users\Afzal Compters\Desktop\Sonic-sentinal-AI\audio_dataset\originals\glass_breaking\glass_breaking_0078.wav,glass_breaking,3.0,16000,1,,,,1,test
gunshot_0253,gunshot_0253.wav,C:\Users\Afzal Compters\Desktop\Sonic-sentinal-AI\audio_dataset\originals\gunshot\gunshot_0253.wav,gunshot,3.0,16000,1,,,,1,test
glass_breaking_0261,glass_breaking_0261.wav,C:\Users\Afzal Compters\Desktop\Sonic-sentinal-AI\audio_dataset\originals\glass_breaking\glass_breaking_0261.wav,glass_breaking,3.0,16000,1,,,,1,test
panic_scream_0084,panic_scream_0084.wav,C:\Users\Afzal Compters\Desktop\Sonic-sentinal-AI\audio_dataset\originals\panic_scream\panic_scream_0084.wav,panic_scream,3.0,16000,1,,,,1,test
animal_sound_0102,animal_sound_0102.wav,C:\Users\Afzal Compters\Desktop\Sonic-sentinal-AI\audio_dataset\originals\animal_sound\animal_sound_0102.wav,animal_sound,3.0,16000,1,,,,1,test
vehicle_horn_0148,vehicle_horn_0148.wav,C:\Users\Afzal Compters\Desktop\Sonic-sentinal-AI\audio_dataset\originals\vehicle_horn\vehicle_horn_0148.wav,vehicle_horn,3.0,16000,1,,,,1,test
aggression_0043,aggression_0043.wav,C:\Users\Afzal Compters\Desktop\Sonic-sentinal-AI\audio_dataset\originals\aggression\aggression_0043.wav,aggression,3.0,16000,1,,,,1,test
alarm_siren_0192,alarm_siren_0192.wav,C:\Users\Afzal Compters\Desktop\Sonic-sentinal-AI\audio_dataset\originals\alarm_siren\alarm_siren_0192.wav,alarm_siren,3.0,16000,1,,,,1,test
alarm_siren_0040,alarm_siren_0040.wav,C:\Users\Afzal Compters\Desktop\Sonic-sentinal-AI\audio_dataset\originals\alarm_siren\alarm_siren_0040.wav,alarm_siren,3.0,16000,1,,,,1,test
glass_breaking_0061,glass_breaking_0061.wav,C:\Users\Afzal Compters\Desktop\Sonic-sentinal-AI\audio_dataset\originals\glass_breaking\glass_breaking_0061.wav,glass_breaking,3.0,16000,1,,,,1,test
panic_scream_0278,panic_scream_0278.wav,C:\Users\Afzal Compters\Desktop\Sonic-sentinal-AI\audio_dataset\originals\panic_scream\panic_scream_0278.wav,panic_scream,3.0,16000,1,,,,1,test
machinery_fault_0097,machinery_fault_0097.wav,C:\Users\Afzal Compters\Desktop\Sonic-sentinal-AI\audio_dataset\originals\machinery_fault\machinery_fault_0097.wav,machinery_fault,3.0,16000,1,,,,1,test
aggression_0219,aggression_0219.wav,C:\Users\Afzal Compters\Desktop\Sonic-sentinal-AI\audio_dataset\originals\aggression\aggression_0219.wav,aggression,3.0,16000,1,,,,1,test
glass_breaking_0192,glass_breaking_0192.wav,C:\Users\Afzal Compters\Desktop\Sonic-sentinal-AI\audio_dataset\originals\glass_breaking\glass_breaking_0192.wav,glass_breaking,3.0,16000,1,,,,1,test
animal_sound_0006,animal_sound_0006.wav,C:\Users\Afzal Compters\Desktop\Sonic-sentinal-AI\audio_dataset\originals\animal_sound\animal_sound_0006.wav,animal_sound,3.0,16000,1,,,,1,test
glass_breaking_0295,glass_breaking_0295.wav,C:\Users\Afzal Compters\Desktop\Sonic-sentinal-AI\audio_dataset\originals\glass_breaking\glass_breaking_0295.wav,glass_breaking,3.0,16000,1,,,,1,test
alarm_siren_0300,alarm_siren_0300.wav,C:\Users\Afzal Compters\Desktop\Sonic-sentinal-AI\audio_dataset\originals\alarm_siren\alarm_siren_0300.wav,alarm_siren,3.0,16000,1,,,,1,test
machinery_fault_0206,machinery_fault_0206.wav,C:\Users\Afzal Compters\Desktop\Sonic-sentinal-AI\audio_dataset\originals\machinery_fault\machinery_fault_0206.wav,machinery_fault,3.0,16000,1,,,,1,test
animal_sound_0187,animal_sound_0187.wav,C:\Users\Afzal Compters\Desktop\Sonic-sentinal-AI\audio_dataset\originals\animal_sound\animal_sound_0187.wav,animal_sound,3.0,16000,1,,,,1,test
machinery_fault_0280,machinery_fault_0280.wav,C:\Users\Afzal Compters\Desktop\Sonic-sentinal-AI\audio_dataset\originals\machinery_fault\machinery_fault_0280.wav,machinery_fault,3.0,16000,1,,,,1,test
alarm_siren_0132,alarm_siren_0132.wav,C:\Users\Afzal Compters\Desktop\Sonic-sentinal-AI\audio_dataset\originals\alarm_siren\alarm_siren_0132.wav,alarm_siren,3.0,16000,1,,,,1,test
gunshot_0052,gunshot_0052.wav,C:\Users\Afzal Compters\Desktop\Sonic-sentinal-AI\audio_dataset\originals\gunshot\gunshot_0052.wav,gunshot,3.0,16000,1,,,,1,test
vehicle_horn_0254,vehicle_horn_0254.wav,C:\Users\Afzal Compters\Desktop\Sonic-sentinal-AI\audio_dataset\originals\vehicle_horn\vehicle_horn_0254.wav,vehicle_horn,3.0,16000,1,,,,1,test
animal_sound_0113,animal_sound_0113.wav,C:\Users\Afzal Compters\Desktop\Sonic-sentinal-AI\audio_dataset\originals\animal_sound\animal_sound_0113.wav,animal_sound,3.0,16000,1,,,,1,test
alarm_siren_0251,alarm_siren_0251.wav,C:\Users\Afzal Compters\Desktop\Sonic-sentinal-AI\audio_dataset\originals\alarm_siren\alarm_siren_0251.wav,alarm_siren,3.0,16000,1,,,,1,test
background_noise_0016,background_noise_0016.wav,C:\Users\Afzal Compters\Desktop\Sonic-sentinal-AI\audio_dataset\originals\background_noise\background_noise_0016.wav,background_noise,3.0,16000,1,,,,1,test
glass_breaking_0132,glass_breaking_0132.wav,C:\Users\Afzal Compters\Desktop\Sonic-sentinal-AI\audio_dataset\originals\glass_breaking\glass_breaking_0132.wav,glass_breaking,3.0,16000,1,,,,1,test
animal_sound_0150,animal_sound_0150.wav,C:\Users\Afzal Compters\Desktop\Sonic-sentinal-AI\audio_dataset\originals\animal_sound\animal_sound_0150.wav,animal_sound,3.0,16000,1,,,,1,test
gunshot_0093,gunshot_0093.wav,C:\Users\Afzal Compters\Desktop\Sonic-sentinal-AI\audio_dataset\originals\gunshot\gunshot_0093.wav,gunshot,3.0,16000,1,,,,1,test
aggression_0108,aggression_0108.wav,C:\Users\Afzal Compters\Desktop\Sonic-sentinal-AI\audio_dataset\originals\aggression\aggression_0108.wav,aggression,3.0,16000,1,,,,1,test
vehicle_horn_0287,vehicle_horn_0287.wav,C:\Users\Afzal Compters\Desktop\Sonic-sentinal-AI\audio_dataset\originals\vehicle_horn\vehicle_horn_0287.wav,vehicle_horn,3.0,16000,1,,,,1,test
alarm_siren_0003,alarm_siren_0003.wav,C:\Users\Afzal Compters\Desktop\Sonic-sentinal-AI\audio_dataset\originals\alarm_siren\alarm_siren_0003.wav,alarm_siren,3.0,16000,1,,,,1,test
glass_breaking_0049,glass_breaking_0049.wav,C:\Users\Afzal Compters\Desktop\Sonic-sentinal-AI\audio_dataset\originals\glass_breaking\glass_breaking_0049.wav,glass_breaking,3.0,16000,1,,,,1,test
panic_scream_0152,panic_scream_0152.wav,C:\Users\Afzal Compters\Desktop\Sonic-sentinal-AI\audio_dataset\originals\panic_scream\panic_scream_0152.wav,panic_scream,3.0,16000,1,,,,1,test
background_noise_0004,background_noise_0004.wav,C:\Users\Afzal Compters\Desktop\Sonic-sentinal-AI\audio_dataset\originals\background_noise\background_noise_0004.wav,background_noise,3.0,16000,1,,,,1,test
machinery_fault_0044,machinery_fault_0044.wav,C:\Users\Afzal Compters\Desktop\Sonic-sentinal-AI\audio_dataset\originals\machinery_fault\machinery_fault_0044.wav,machinery_fault,3.0,16000,1,,,,1,test
machinery_fault_0074,machinery_fault_0074.wav,C:\Users\Afzal Compters\Desktop\Sonic-sentinal-AI\audio_dataset\originals\machinery_fault\machinery_fault_0074.wav,machinery_fault,3.0,16000,1,,,,1,test
aggression_0210,aggression_0210.wav,C:\Users\Afzal Compters\Desktop\Sonic-sentinal-AI\audio_dataset\originals\aggression\aggression_0210.wav,aggression,3.0,16000,1,,,,1,test
glass_breaking_0255,glass_breaking_0255.wav,C:\Users\Afzal Compters\Desktop\Sonic-sentinal-AI\audio_dataset\originals\glass_breaking\glass_breaking_0255.wav,glass_breaking,3.0,16000,1,,,,1,test
aggression_0007,aggression_0007.wav,C:\Users\Afzal Compters\Desktop\Sonic-sentinal-AI\audio_dataset\originals\aggression\aggression_0007.wav,aggression,3.0,16000,1,,,,1,test
glass_breaking_0174,glass_breaking_0174.wav,C:\Users\Afzal Compters\Desktop\Sonic-sentinal-AI\audio_dataset\originals\glass_breaking\glass_breaking_0174.wav,glass_breaking,3.0,16000,1,,,,1,test
background_noise_0200,background_noise_0200.wav,C:\Users\Afzal Compters\Desktop\Sonic-sentinal-AI\audio_dataset\originals\background_noise\background_noise_0200.wav,background_noise,3.0,16000,1,,,,1,test
animal_sound_0036,animal_sound_0036.wav,C:\Users\Afzal Compters\Desktop\Sonic-sentinal-AI\audio_dataset\originals\animal_sound\animal_sound_0036.wav,animal_sound,3.0,16000,1,,,,1,test
aggression_0104,aggression_0104.wav,C:\Users\Afzal Compters\Desktop\Sonic-sentinal-AI\audio_dataset\originals\aggression\aggression_0104.wav,aggression,3.0,16000,1,,,,1,test
panic_scream_0143,panic_scream_0143.wav,C:\Users\Afzal Compters\Desktop\Sonic-sentinal-AI\audio_dataset\originals\panic_scream\panic_scream_0143.wav,panic_scream,3.0,16000,1,,,,1,test
glass_breaking_0280,glass_breaking_0280.wav,C:\Users\Afzal Compters\Desktop\Sonic-sentinal-AI\audio_dataset\originals\glass_breaking\glass_breaking_0280.wav,glass_breaking,3.0,16000,1,,,,1,test
alarm_siren_0198,alarm_siren_0198.wav,C:\Users\Afzal Compters\Desktop\Sonic-sentinal-AI\audio_dataset\originals\alarm_siren\alarm_siren_0198.wav,alarm_siren,3.0,16000,1,,,,1,test
alarm_siren_0166,alarm_siren_0166.wav,C:\Users\Afzal Compters\Desktop\Sonic-sentinal-AI\audio_dataset\originals\alarm_siren\alarm_siren_0166.wav,alarm_siren,3.0,16000,1,,,,1,test
animal_sound_0052,animal_sound_0052.wav,C:\Users\Afzal Compters\Desktop\Sonic-sentinal-AI\audio_dataset\originals\animal_sound\animal_sound_0052.wav,animal_sound,3.0,16000,1,,,,1,test
aggression_0147,aggression_0147.wav,C:\Users\Afzal Compters\Desktop\Sonic-sentinal-AI\audio_dataset\originals\aggression\aggression_0147.wav,aggression,3.0,16000,1,,,,1,test
animal_sound_0080,animal_sound_0080.wav,C:\Users\Afzal Compters\Desktop\Sonic-sentinal-AI\audio_dataset\originals\animal_sound\animal_sound_0080.wav,animal_sound,3.0,16000,1,,,,1,test
glass_breaking_0109,glass_breaking_0109.wav,C:\Users\Afzal Compters\Desktop\Sonic-sentinal-AI\audio_dataset\originals\glass_breaking\glass_breaking_0109.wav,glass_breaking,3.0,16000,1,,,,1,test
machinery_fault_0011,machinery_fault_0011.wav,C:\Users\Afzal Compters\Desktop\Sonic-sentinal-AI\audio_dataset\originals\machinery_fault\machinery_fault_0011.wav,machinery_fault,3.0,16000,1,,,,1,test
alarm_siren_0185,alarm_siren_0185.wav,C:\Users\Afzal Compters\Desktop\Sonic-sentinal-AI\audio_dataset\originals\alarm_siren\alarm_siren_0185.wav,alarm_siren,3.0,16000,1,,,,1,test
machinery_fault_0114,machinery_fault_0114.wav,C:\Users\Afzal Compters\Desktop\Sonic-sentinal-AI\audio_dataset\originals\machinery_fault\machinery_fault_0114.wav,machinery_fault,3.0,16000,1,,,,1,test
aggression_0258,aggression_0258.wav,C:\Users\Afzal Compters\Desktop\Sonic-sentinal-AI\audio_dataset\originals\aggression\aggression_0258.wav,aggression,3.0,16000,1,,,,1,test
alarm_siren_0059,alarm_siren_0059.wav,C:\Users\Afzal Compters\Desktop\Sonic-sentinal-AI\audio_dataset\originals\alarm_siren\alarm_siren_0059.wav,alarm_siren,3.0,16000,1,,,,1,test
vehicle_horn_0097,vehicle_horn_0097.wav,C:\Users\Afzal Compters\Desktop\Sonic-sentinal-AI\audio_dataset\originals\vehicle_horn\vehicle_horn_0097.wav,vehicle_horn,3.0,16000,1,,,,1,test
panic_scream_0114,panic_scream_0114.wav,C:\Users\Afzal Compters\Desktop\Sonic-sentinal-AI\audio_dataset\originals\panic_scream\panic_scream_0114.wav,panic_scream,3.0,16000,1,,,,1,test
background_noise_0226,background_noise_0226.wav,C:\Users\Afzal Compters\Desktop\Sonic-sentinal-AI\audio_dataset\originals\background_noise\background_noise_0226.wav,background_noise,3.0,16000,1,,,,1,test
machinery_fault_0179,machinery_fault_0179.wav,C:\Users\Afzal Compters\Desktop\Sonic-sentinal-AI\audio_dataset\originals\machinery_fault\machinery_fault_0179.wav,machinery_fault,3.0,16000,1,,,,1,test
vehicle_horn_0170,vehicle_horn_0170.wav,C:\Users\Afzal Compters\Desktop\Sonic-sentinal-AI\audio_dataset\originals\vehicle_horn\vehicle_horn_0170.wav,vehicle_horn,3.0,16000,1,,,,1,test
panic_scream_0259,panic_scream_0259.wav,C:\Users\Afzal Compters\Desktop\Sonic-sentinal-AI\audio_dataset\originals\panic_scream\panic_scream_0259.wav,panic_scream,3.0,16000,1,,,,1,test
machinery_fault_0267,machinery_fault_0267.wav,C:\Users\Afzal Compters\Desktop\Sonic-sentinal-AI\audio_dataset\originals\machinery_fault\machinery_fault_0267.wav,machinery_fault,3.0,16000,1,,,,1,test
animal_sound_0077,animal_sound_0077.wav,C:\Users\Afzal Compters\Desktop\Sonic-sentinal-AI\audio_dataset\originals\animal_sound\animal_sound_0077.wav,animal_sound,3.0,16000,1,,,,1,test
machinery_fault_0048,machinery_fault_0048.wav,C:\Users\Afzal Compters\Desktop\Sonic-sentinal-AI\audio_dataset\originals\machinery_fault\machinery_fault_0048.wav,machinery_fault,3.0,16000,1,,,,1,test
aggression_0036,aggression_0036.wav,C:\Users\Afzal Compters\Desktop\Sonic-sentinal-AI\audio_dataset\originals\aggression\aggression_0036.wav,aggression,3.0,16000,1,,,,1,test
background_noise_0154,background_noise_0154.wav,C:\Users\Afzal Compters\Desktop\Sonic-sentinal-AI\audio_dataset\originals\background_noise\background_noise_0154.wav,background_noise,3.0,16000,1,,,,1,test
machinery_fault_0013,machinery_fault_0013.wav,C:\Users\Afzal Compters\Desktop\Sonic-sentinal-AI\audio_dataset\originals\machinery_fault\machinery_fault_0013.wav,machinery_fault,3.0,16000,1,,,,1,test
aggression_0160,aggression_0160.wav,C:\Users\Afzal Compters\Desktop\Sonic-sentinal-AI\audio_dataset\originals\aggression\aggression_0160.wav,aggression,3.0,16000,1,,,,1,test
machinery_fault_0244,machinery_fault_0244.wav,C:\Users\Afzal Compters\Desktop\Sonic-sentinal-AI\audio_dataset\originals\machinery_fault\machinery_fault_0244.wav,machinery_fault,3.0,16000,1,,,,1,test
animal_sound_0005,animal_sound_0005.wav,C:\Users\Afzal Compters\Desktop\Sonic-sentinal-AI\audio_dataset\originals\animal_sound\animal_sound_0005.wav,animal_sound,3.0,16000,1,,,,1,test
panic_scream_0251,panic_scream_0251.wav,C:\Users\Afzal Compters\Desktop\Sonic-sentinal-AI\audio_dataset\originals\panic_scream\panic_scream_0251.wav,panic_scream,3.0,16000,1,,,,1,test
aggression_0072,aggression_0072.wav,C:\Users\Afzal Compters\Desktop\Sonic-sentinal-AI\audio_dataset\originals\aggression\aggression_0072.wav,aggression,3.0,16000,1,,,,1,test
vehicle_horn_0007,vehicle_horn_0007.wav,C:\Users\Afzal Compters\Desktop\Sonic-sentinal-AI\audio_dataset\originals\vehicle_horn\vehicle_horn_0007.wav,vehicle_horn,3.0,16000,1,,,,1,test
panic_scream_0190,panic_scream_0190.wav,C:\Users\Afzal Compters\Desktop\Sonic-sentinal-AI\audio_dataset\originals\panic_scream\panic_scream_0190.wav,panic_scream,3.0,16000,1,,,,1,test
vehicle_horn_0153,vehicle_horn_0153.wav,C:\Users\Afzal Compters\Desktop\Sonic-sentinal-AI\audio_dataset\originals\vehicle_horn\vehicle_horn_0153.wav,vehicle_horn,3.0,16000,1,,,,1,test
background_noise_0072,background_noise_0072.wav,C:\Users\Afzal Compters\Desktop\Sonic-sentinal-AI\audio_dataset\originals\background_noise\background_noise_0072.wav,background_noise,3.0,16000,1,,,,1,test
alarm_siren_0175,alarm_siren_0175.wav,C:\Users\Afzal Compters\Desktop\Sonic-sentinal-AI\audio_dataset\originals\alarm_siren\alarm_siren_0175.wav,alarm_siren,3.0,16000,1,,,,1,test
alarm_siren_0182,alarm_siren_0182.wav,C:\Users\Afzal Compters\Desktop\Sonic-sentinal-AI\audio_dataset\originals\alarm_siren\alarm_siren_0182.wav,alarm_siren,3.0,16000,1,,,,1,test
vehicle_horn_0104,vehicle_horn_0104.wav,C:\Users\Afzal Compters\Desktop\Sonic-sentinal-AI\audio_dataset\originals\vehicle_horn\vehicle_horn_0104.wav,vehicle_horn,3.0,16000,1,,,,1,test
animal_sound_0297,animal_sound_0297.wav,C:\Users\Afzal Compters\Desktop\Sonic-sentinal-AI\audio_dataset\originals\animal_sound\animal_sound_0297.wav,animal_sound,3.0,16000,1,,,,1,test
animal_sound_0268,animal_sound_0268.wav,C:\Users\Afzal Compters\Desktop\Sonic-sentinal-AI\audio_dataset\originals\animal_sound\animal_sound_0268.wav,animal_sound,3.0,16000,1,,,,1,test
vehicle_horn_0048,vehicle_horn_0048.wav,C:\Users\Afzal Compters\Desktop\Sonic-sentinal-AI\audio_dataset\originals\vehicle_horn\vehicle_horn_0048.wav,vehicle_horn,3.0,16000,1,,,,1,test
machinery_fault_0276,machinery_fault_0276.wav,C:\Users\Afzal Compters\Desktop\Sonic-sentinal-AI\audio_dataset\originals\machinery_fault\machinery_fault_0276.wav,machinery_fault,3.0,16000,1,,,,1,test
vehicle_horn_0224,vehicle_horn_0224.wav,C:\Users\Afzal Compters\Desktop\Sonic-sentinal-AI\audio_dataset\originals\vehicle_horn\vehicle_horn_0224.wav,vehicle_horn,3.0,16000,1,,,,1,test
machinery_fault_0103,machinery_fault_0103.wav,C:\Users\Afzal Compters\Desktop\Sonic-sentinal-AI\audio_dataset\originals\machinery_fault\machinery_fault_0103.wav,machinery_fault,3.0,16000,1,,,,1,test
gunshot_0025,gunshot_0025.wav,C:\Users\Afzal Compters\Desktop\Sonic-sentinal-AI\audio_dataset\originals\gunshot\gunshot_0025.wav,gunshot,3.0,16000,1,,,,1,test
gunshot_0035,gunshot_0035.wav,C:\Users\Afzal Compters\Desktop\Sonic-sentinal-AI\audio_dataset\originals\gunshot\gunshot_0035.wav,gunshot,3.0,16000,1,,,,1,test
machinery_fault_0297,machinery_fault_0297.wav,C:\Users\Afzal Compters\Desktop\Sonic-sentinal-AI\audio_dataset\originals\machinery_fault\machinery_fault_0297.wav,machinery_fault,3.0,16000,1,,,,1,test
gunshot_0237,gunshot_0237.wav,C:\Users\Afzal Compters\Desktop\Sonic-sentinal-AI\audio_dataset\originals\gunshot\gunshot_0237.wav,gunshot,3.0,16000,1,,,,1,test
glass_breaking_0089,glass_breaking_0089.wav,C:\Users\Afzal Compters\Desktop\Sonic-sentinal-AI\audio_dataset\originals\glass_breaking\glass_breaking_0089.wav,glass_breaking,3.0,16000,1,,,,1,test
alarm_siren_0082,alarm_siren_0082.wav,C:\Users\Afzal Compters\Desktop\Sonic-sentinal-AI\audio_dataset\originals\alarm_siren\alarm_siren_0082.wav,alarm_siren,3.0,16000,1,,,,1,test
background_noise_0284,background_noise_0284.wav,C:\Users\Afzal Compters\Desktop\Sonic-sentinal-AI\audio_dataset\originals\background_noise\background_noise_0284.wav,background_noise,3.0,16000,1,,,,1,test
background_noise_0216,background_noise_0216.wav,C:\Users\Afzal Compters\Desktop\Sonic-sentinal-AI\audio_dataset\originals\background_noise\background_noise_0216.wav,background_noise,3.0,16000,1,,,,1,test
aggression_0201,aggression_0201.wav,C:\Users\Afzal Compters\Desktop\Sonic-sentinal-AI\audio_dataset\originals\aggression\aggression_0201.wav,aggression,3.0,16000,1,,,,1,test
alarm_siren_0094,alarm_siren_0094.wav,C:\Users\Afzal Compters\Desktop\Sonic-sentinal-AI\audio_dataset\originals\alarm_siren\alarm_siren_0094.wav,alarm_siren,3.0,16000,1,,,,1,test
gunshot_0178,gunshot_0178.wav,C:\Users\Afzal Compters\Desktop\Sonic-sentinal-AI\audio_dataset\originals\gunshot\gunshot_0178.wav,gunshot,3.0,16000,1,,,,1,test
panic_scream_0049,panic_scream_0049.wav,C:\Users\Afzal Compters\Desktop\Sonic-sentinal-AI\audio_dataset\originals\panic_scream\panic_scream_0049.wav,panic_scream,3.0,16000,1,,,,1,test
gunshot_0233,gunshot_0233.wav,C:\Users\Afzal Compters\Desktop\Sonic-sentinal-AI\audio_dataset\originals\gunshot\gunshot_0233.wav,gunshot,3.0,16000,1,,,,1,test
machinery_fault_0077,machinery_fault_0077.wav,C:\Users\Afzal Compters\Desktop\Sonic-sentinal-AI\audio_dataset\originals\machinery_fault\machinery_fault_0077.wav,machinery_fault,3.0,16000,1,,,,1,test
animal_sound_0133,animal_sound_0133.wav,C:\Users\Afzal Compters\Desktop\Sonic-sentinal-AI\audio_dataset\originals\animal_sound\animal_sound_0133.wav,animal_sound,3.0,16000,1,,,,1,test
glass_breaking_0202,glass_breaking_0202.wav,C:\Users\Afzal Compters\Desktop\Sonic-sentinal-AI\audio_dataset\originals\glass_breaking\glass_breaking_0202.wav,glass_breaking,3.0,16000,1,,,,1,test
panic_scream_0014,panic_scream_0014.wav,C:\Users\Afzal Compters\Desktop\Sonic-sentinal-AI\audio_dataset\originals\panic_scream\panic_scream_0014.wav,panic_scream,3.0,16000,1,,,,1,test
glass_breaking_0152,glass_breaking_0152.wav,C:\Users\Afzal Compters\Desktop\Sonic-sentinal-AI\audio_dataset\originals\glass_breaking\glass_breaking_0152.wav,glass_breaking,3.0,16000,1,,,,1,test
aggression_0044,aggression_0044.wav,C:\Users\Afzal Compters\Desktop\Sonic-sentinal-AI\audio_dataset\originals\aggression\aggression_0044.wav,aggression,3.0,16000,1,,,,1,test
panic_scream_0093,panic_scream_0093.wav,C:\Users\Afzal Compters\Desktop\Sonic-sentinal-AI\audio_dataset\originals\panic_scream\panic_scream_0093.wav,panic_scream,3.0,16000,1,,,,1,test
aggression_0093,aggression_0093.wav,C:\Users\Afzal Compters\Desktop\Sonic-sentinal-AI\audio_dataset\originals\aggression\aggression_0093.wav,aggression,3.0,16000,1,,,,1,test
alarm_siren_0085,alarm_siren_0085.wav,C:\Users\Afzal Compters\Desktop\Sonic-sentinal-AI\audio_dataset\originals\alarm_siren\alarm_siren_0085.wav,alarm_siren,3.0,16000,1,,,,1,test
vehicle_horn_0193,vehicle_horn_0193.wav,C:\Users\Afzal Compters\Desktop\Sonic-sentinal-AI\audio_dataset\originals\vehicle_horn\vehicle_horn_0193.wav,vehicle_horn,3.0,16000,1,,,,1,test
background_noise_0295,background_noise_0295.wav,C:\Users\Afzal Compters\Desktop\Sonic-sentinal-AI\audio_dataset\originals\background_noise\background_noise_0295.wav,background_noise,3.0,16000,1,,,,1,test
vehicle_horn_0202,vehicle_horn_0202.wav,C:\Users\Afzal Compters\Desktop\Sonic-sentinal-AI\audio_dataset\originals\vehicle_horn\vehicle_horn_0202.wav,vehicle_horn,3.0,16000,1,,,,1,test
alarm_siren_0234,alarm_siren_0234.wav,C:\Users\Afzal Compters\Desktop\Sonic-sentinal-AI\audio_dataset\originals\alarm_siren\alarm_siren_0234.wav,alarm_siren,3.0,16000,1,,,,1,test
gunshot_0011,gunshot_0011.wav,C:\Users\Afzal Compters\Desktop\Sonic-sentinal-AI\audio_dataset\originals\gunshot\gunshot_0011.wav,gunshot,3.0,16000,1,,,,1,test
machinery_fault_0066,machinery_fault_0066.wav,C:\Users\Afzal Compters\Desktop\Sonic-sentinal-AI\audio_dataset\originals\machinery_fault\machinery_fault_0066.wav,machinery_fault,3.0,16000,1,,,,1,test
machinery_fault_0152,machinery_fault_0152.wav,C:\Users\Afzal Compters\Desktop\Sonic-sentinal-AI\audio_dataset\originals\machinery_fault\machinery_fault_0152.wav,machinery_fault,3.0,16000,1,,,,1,test
aggression_0251,aggression_0251.wav,C:\Users\Afzal Compters\Desktop\Sonic-sentinal-AI\audio_dataset\originals\aggression\aggression_0251.wav,aggression,3.0,16000,1,,,,1,test
machinery_fault_0203,machinery_fault_0203.wav,C:\Users\Afzal Compters\Desktop\Sonic-sentinal-AI\audio_dataset\originals\machinery_fault\machinery_fault_0203.wav,machinery_fault,3.0,16000,1,,,,1,test
alarm_siren_0179,alarm_siren_0179.wav,C:\Users\Afzal Compters\Desktop\Sonic-sentinal-AI\audio_dataset\originals\alarm_siren\alarm_siren_0179.wav,alarm_siren,3.0,16000,1,,,,1,test
panic_scream_0216,panic_scream_0216.wav,C:\Users\Afzal Compters\Desktop\Sonic-sentinal-AI\audio_dataset\originals\panic_scream\panic_scream_0216.wav,panic_scream,3.0,16000,1,,,,1,test
machinery_fault_0148,machinery_fault_0148.wav,C:\Users\Afzal Compters\Desktop\Sonic-sentinal-AI\audio_dataset\originals\machinery_fault\machinery_fault_0148.wav,machinery_fault,3.0,16000,1,,,,1,test
glass_breaking_0151,glass_breaking_0151.wav,C:\Users\Afzal Compters\Desktop\Sonic-sentinal-AI\audio_dataset\originals\glass_breaking\glass_breaking_0151.wav,glass_breaking,3.0,16000,1,,,,1,test
alarm_siren_0069,alarm_siren_0069.wav,C:\Users\Afzal Compters\Desktop\Sonic-sentinal-AI\audio_dataset\originals\alarm_siren\alarm_siren_0069.wav,alarm_siren,3.0,16000,1,,,,1,test
vehicle_horn_0122,vehicle_horn_0122.wav,C:\Users\Afzal Compters\Desktop\Sonic-sentinal-AI\audio_dataset\originals\vehicle_horn\vehicle_horn_0122.wav,vehicle_horn,3.0,16000,1,,,,1,test
gunshot_0104,gunshot_0104.wav,C:\Users\Afzal Compters\Desktop\Sonic-sentinal-AI\audio_dataset\originals\gunshot\gunshot_0104.wav,gunshot,3.0,16000,1,,,,1,test
gunshot_0026,gunshot_0026.wav,C:\Users\Afzal Compters\Desktop\Sonic-sentinal-AI\audio_dataset\originals\gunshot\gunshot_0026.wav,gunshot,3.0,16000,1,,,,1,test
aggression_0152,aggression_0152.wav,C:\Users\Afzal Compters\Desktop\Sonic-sentinal-AI\audio_dataset\originals\aggression\aggression_0152.wav,aggression,3.0,16000,1,,,,1,test
background_noise_0269,background_noise_0269.wav,C:\Users\Afzal Compters\Desktop\Sonic-sentinal-AI\audio_dataset\originals\background_noise\background_noise_0269.wav,background_noise,3.0,16000,1,,,,1,test
glass_breaking_0019,glass_breaking_0019.wav,C:\Users\Afzal Compters\Desktop\Sonic-sentinal-AI\audio_dataset\originals\glass_breaking\glass_breaking_0019.wav,glass_breaking,3.0,16000,1,,,,1,test
gunshot_0107,gunshot_0107.wav,C:\Users\Afzal Compters\Desktop\Sonic-sentinal-AI\audio_dataset\originals\gunshot\gunshot_0107.wav,gunshot,3.0,16000,1,,,,1,test
animal_sound_0074,animal_sound_0074.wav,C:\Users\Afzal Compters\Desktop\Sonic-sentinal-AI\audio_dataset\originals\animal_sound\animal_sound_0074.wav,animal_sound,3.0,16000,1,,,,1,test
gunshot_0055,gunshot_0055.wav,C:\Users\Afzal Compters\Desktop\Sonic-sentinal-AI\audio_dataset\originals\gunshot\gunshot_0055.wav,gunshot,3.0,16000,1,,,,1,test
vehicle_horn_0015,vehicle_horn_0015.wav,C:\Users\Afzal Compters\Desktop\Sonic-sentinal-AI\audio_dataset\originals\vehicle_horn\vehicle_horn_0015.wav,vehicle_horn,3.0,16000,1,,,,1,test
gunshot_0126,gunshot_0126.wav,C:\Users\Afzal Compters\Desktop\Sonic-sentinal-AI\audio_dataset\originals\gunshot\gunshot_0126.wav,gunshot,3.0,16000,1,,,,1,test
panic_scream_0223,panic_scream_0223.wav,C:\Users\Afzal Compters\Desktop\Sonic-sentinal-AI\audio_dataset\originals\panic_scream\panic_scream_0223.wav,panic_scream,3.0,16000,1,,,,1,test
animal_sound_0026,animal_sound_0026.wav,C:\Users\Afzal Compters\Desktop\Sonic-sentinal-AI\audio_dataset\originals\animal_sound\animal_sound_0026.wav,animal_sound,3.0,16000,1,,,,1,test
aggression_0049,aggression_0049.wav,C:\Users\Afzal Compters\Desktop\Sonic-sentinal-AI\audio_dataset\originals\aggression\aggression_0049.wav,aggression,3.0,16000,1,,,,1,test
animal_sound_0034,animal_sound_0034.wav,C:\Users\Afzal Compters\Desktop\Sonic-sentinal-AI\audio_dataset\originals\animal_sound\animal_sound_0034.wav,animal_sound,3.0,16000,1,,,,1,test
panic_scream_0113,panic_scream_0113.wav,C:\Users\Afzal Compters\Desktop\Sonic-sentinal-AI\audio_dataset\originals\panic_scream\panic_scream_0113.wav,panic_scream,3.0,16000,1,,,,1,test
alarm_siren_0104,alarm_siren_0104.wav,C:\Users\Afzal Compters\Desktop\Sonic-sentinal-AI\audio_dataset\originals\alarm_siren\alarm_siren_0104.wav,alarm_siren,3.0,16000,1,,,,1,test
machinery_fault_0006,machinery_fault_0006.wav,C:\Users\Afzal Compters\Desktop\Sonic-sentinal-AI\audio_dataset\originals\machinery_fault\machinery_fault_0006.wav,machinery_fault,3.0,16000,1,,,,1,test
machinery_fault_0129,machinery_fault_0129.wav,C:\Users\Afzal Compters\Desktop\Sonic-sentinal-AI\audio_dataset\originals\machinery_fault\machinery_fault_0129.wav,machinery_fault,3.0,16000,1,,,,1,test
aggression_0125,aggression_0125.wav,C:\Users\Afzal Compters\Desktop\Sonic-sentinal-AI\audio_dataset\originals\aggression\aggression_0125.wav,aggression,3.0,16000,1,,,,1,test
panic_scream_0178,panic_scream_0178.wav,C:\Users\Afzal Compters\Desktop\Sonic-sentinal-AI\audio_dataset\originals\panic_scream\panic_scream_0178.wav,panic_scream,3.0,16000,1,,,,1,test
machinery_fault_0248,machinery_fault_0248.wav,C:\Users\Afzal Compters\Desktop\Sonic-sentinal-AI\audio_dataset\originals\machinery_fault\machinery_fault_0248.wav,machinery_fault,3.0,16000,1,,,,1,test
animal_sound_0204,animal_sound_0204.wav,C:\Users\Afzal Compters\Desktop\Sonic-sentinal-AI\audio_dataset\originals\animal_sound\animal_sound_0204.wav,animal_sound,3.0,16000,1,,,,1,test
glass_breaking_0287,glass_breaking_0287.wav,C:\Users\Afzal Compters\Desktop\Sonic-sentinal-AI\audio_dataset\originals\glass_breaking\glass_breaking_0287.wav,glass_breaking,3.0,16000,1,,,,1,test
gunshot_0014,gunshot_0014.wav,C:\Users\Afzal Compters\Desktop\Sonic-sentinal-AI\audio_dataset\originals\gunshot\gunshot_0014.wav,gunshot,3.0,16000,1,,,,1,test
vehicle_horn_0035,vehicle_horn_0035.wav,C:\Users\Afzal Compters\Desktop\Sonic-sentinal-AI\audio_dataset\originals\vehicle_horn\vehicle_horn_0035.wav,vehicle_horn,3.0,16000,1,,,,1,test
aggression_0021,aggression_0021.wav,C:\Users\Afzal Compters\Desktop\Sonic-sentinal-AI\audio_dataset\originals\aggression\aggression_0021.wav,aggression,3.0,16000,1,,,,1,test
panic_scream_0011,panic_scream_0011.wav,C:\Users\Afzal Compters\Desktop\Sonic-sentinal-AI\audio_dataset\originals\panic_scream\panic_scream_0011.wav,panic_scream,3.0,16000,1,,,,1,test
background_noise_0282,background_noise_0282.wav,C:\Users\Afzal Compters\Desktop\Sonic-sentinal-AI\audio_dataset\originals\background_noise\background_noise_0282.wav,background_noise,3.0,16000,1,,,,1,test
glass_breaking_0175,glass_breaking_0175.wav,C:\Users\Afzal Compters\Desktop\Sonic-sentinal-AI\audio_dataset\originals\glass_breaking\glass_breaking_0175.wav,glass_breaking,3.0,16000,1,,,,1,test
alarm_siren_0084,alarm_siren_0084.wav,C:\Users\Afzal Compters\Desktop\Sonic-sentinal-AI\audio_dataset\originals\alarm_siren\alarm_siren_0084.wav,alarm_siren,3.0,16000,1,,,,1,test
animal_sound_0162,animal_sound_0162.wav,C:\Users\Afzal Compters\Desktop\Sonic-sentinal-AI\audio_dataset\originals\animal_sound\animal_sound_0162.wav,animal_sound,3.0,16000,1,,,,1,test
gunshot_0245,gunshot_0245.wav,C:\Users\Afzal Compters\Desktop\Sonic-sentinal-AI\audio_dataset\originals\gunshot\gunshot_0245.wav,gunshot,3.0,16000,1,,,,1,test
panic_scream_0137,panic_scream_0137.wav,C:\Users\Afzal Compters\Desktop\Sonic-sentinal-AI\audio_dataset\originals\panic_scream\panic_scream_0137.wav,panic_scream,3.0,16000,1,,,,1,test
vehicle_horn_0168,vehicle_horn_0168.wav,C:\Users\Afzal Compters\Desktop\Sonic-sentinal-AI\audio_dataset\originals\vehicle_horn\vehicle_horn_0168.wav,vehicle_horn,3.0,16000,1,,,,1,test
glass_breaking_0290,glass_breaking_0290.wav,C:\Users\Afzal Compters\Desktop\Sonic-sentinal-AI\audio_dataset\originals\glass_breaking\glass_breaking_0290.wav,glass_breaking,3.0,16000,1,,,,1,test
aggression_0048,aggression_0048.wav,C:\Users\Afzal Compters\Desktop\Sonic-sentinal-AI\audio_dataset\originals\aggression\aggression_0048.wav,aggression,3.0,16000,1,,,,1,test
gunshot_0221,gunshot_0221.wav,C:\Users\Afzal Compters\Desktop\Sonic-sentinal-AI\audio_dataset\originals\gunshot\gunshot_0221.wav,gunshot,3.0,16000,1,,,,1,test
aggression_0054,aggression_0054.wav,C:\Users\Afzal Compters\Desktop\Sonic-sentinal-AI\audio_dataset\originals\aggression\aggression_0054.wav,aggression,3.0,16000,1,,,,1,test
animal_sound_0252,animal_sound_0252.wav,C:\Users\Afzal Compters\Desktop\Sonic-sentinal-AI\audio_dataset\originals\animal_sound\animal_sound_0252.wav,animal_sound,3.0,16000,1,,,,1,test
aggression_0094,aggression_0094.wav,C:\Users\Afzal Compters\Desktop\Sonic-sentinal-AI\audio_dataset\originals\aggression\aggression_0094.wav,aggression,3.0,16000,1,,,,1,test
gunshot_0250,gunshot_0250.wav,C:\Users\Afzal Compters\Desktop\Sonic-sentinal-AI\audio_dataset\originals\gunshot\gunshot_0250.wav,gunshot,3.0,16000,1,,,,1,test
machinery_fault_0138,machinery_fault_0138.wav,C:\Users\Afzal Compters\Desktop\Sonic-sentinal-AI\audio_dataset\originals\machinery_fault\machinery_fault_0138.wav,machinery_fault,3.0,16000,1,,,,1,test
background_noise_0026,background_noise_0026.wav,C:\Users\Afzal Compters\Desktop\Sonic-sentinal-AI\audio_dataset\originals\background_noise\background_noise_0026.wav,background_noise,3.0,16000,1,,,,1,test
animal_sound_0273,animal_sound_0273.wav,C:\Users\Afzal Compters\Desktop\Sonic-sentinal-AI\audio_dataset\originals\animal_sound\animal_sound_0273.wav,animal_sound,3.0,16000,1,,,,1,test
gunshot_0249,gunshot_0249.wav,C:\Users\Afzal Compters\Desktop\Sonic-sentinal-AI\audio_dataset\originals\gunshot\gunshot_0249.wav,gunshot,3.0,16000,1,,,,1,test
machinery_fault_0149,machinery_fault_0149.wav,C:\Users\Afzal Compters\Desktop\Sonic-sentinal-AI\audio_dataset\originals\machinery_fault\machinery_fault_0149.wav,machinery_fault,3.0,16000,1,,,,1,test
background_noise_0086,background_noise_0086.wav,C:\Users\Afzal Compters\Desktop\Sonic-sentinal-AI\audio_dataset\originals\background_noise\background_noise_0086.wav,background_noise,3.0,16000,1,,,,1,test
vehicle_horn_0024,vehicle_horn_0024.wav,C:\Users\Afzal Compters\Desktop\Sonic-sentinal-AI\audio_dataset\originals\vehicle_horn\vehicle_horn_0024.wav,vehicle_horn,3.0,16000,1,,,,1,test
animal_sound_0229,animal_sound_0229.wav,C:\Users\Afzal Compters\Desktop\Sonic-sentinal-AI\audio_dataset\originals\animal_sound\animal_sound_0229.wav,animal_sound,3.0,16000,1,,,,1,test
aggression_0120,aggression_0120.wav,C:\Users\Afzal Compters\Desktop\Sonic-sentinal-AI\audio_dataset\originals\aggression\aggression_0120.wav,aggression,3.0,16000,1,,,,1,test
gunshot_0044,gunshot_0044.wav,C:\Users\Afzal Compters\Desktop\Sonic-sentinal-AI\audio_dataset\originals\gunshot\gunshot_0044.wav,gunshot,3.0,16000,1,,,,1,test
background_noise_0299,background_noise_0299.wav,C:\Users\Afzal Compters\Desktop\Sonic-sentinal-AI\audio_dataset\originals\background_noise\background_noise_0299.wav,background_noise,3.0,16000,1,,,,1,test
glass_breaking_0265,glass_breaking_0265.wav,C:\Users\Afzal Compters\Desktop\Sonic-sentinal-AI\audio_dataset\originals\glass_breaking\glass_breaking_0265.wav,glass_breaking,3.0,16000,1,,,,1,test
gunshot_0146,gunshot_0146.wav,C:\Users\Afzal Compters\Desktop\Sonic-sentinal-AI\audio_dataset\originals\gunshot\gunshot_0146.wav,gunshot,3.0,16000,1,,,,1,test
background_noise_0075,background_noise_0075.wav,C:\Users\Afzal Compters\Desktop\Sonic-sentinal-AI\audio_dataset\originals\background_noise\background_noise_0075.wav,background_noise,3.0,16000,1,,,,1,test
glass_breaking_0200,glass_breaking_0200.wav,C:\Users\Afzal Compters\Desktop\Sonic-sentinal-AI\audio_dataset\originals\glass_breaking\glass_breaking_0200.wav,glass_breaking,3.0,16000,1,,,,1,test
machinery_fault_0281,machinery_fault_0281.wav,C:\Users\Afzal Compters\Desktop\Sonic-sentinal-AI\audio_dataset\originals\machinery_fault\machinery_fault_0281.wav,machinery_fault,3.0,16000,1,,,,1,test
animal_sound_0106,animal_sound_0106.wav,C:\Users\Afzal Compters\Desktop\Sonic-sentinal-AI\audio_dataset\originals\animal_sound\animal_sound_0106.wav,animal_sound,3.0,16000,1,,,,1,test
machinery_fault_0035,machinery_fault_0035.wav,C:\Users\Afzal Compters\Desktop\Sonic-sentinal-AI\audio_dataset\originals\machinery_fault\machinery_fault_0035.wav,machinery_fault,3.0,16000,1,,,,1,test
machinery_fault_0200,machinery_fault_0200.wav,C:\Users\Afzal Compters\Desktop\Sonic-sentinal-AI\audio_dataset\originals\machinery_fault\machinery_fault_0200.wav,machinery_fault,3.0,16000,1,,,,1,test
animal_sound_0170,animal_sound_0170.wav,C:\Users\Afzal Compters\Desktop\Sonic-sentinal-AI\audio_dataset\originals\animal_sound\animal_sound_0170.wav,animal_sound,3.0,16000,1,,,,1,test
aggression_0113,aggression_0113.wav,C:\Users\Afzal Compters\Desktop\Sonic-sentinal-AI\audio_dataset\originals\aggression\aggression_0113.wav,aggression,3.0,16000,1,,,,1,test
glass_breaking_0081,glass_breaking_0081.wav,C:\Users\Afzal Compters\Desktop\Sonic-sentinal-AI\audio_dataset\originals\glass_breaking\glass_breaking_0081.wav,glass_breaking,3.0,16000,1,,,,1,test
background_noise_0005,background_noise_0005.wav,C:\Users\Afzal Compters\Desktop\Sonic-sentinal-AI\audio_dataset\originals\background_noise\background_noise_0005.wav,background_noise,3.0,16000,1,,,,1,test
alarm_siren_0081,alarm_siren_0081.wav,C:\Users\Afzal Compters\Desktop\Sonic-sentinal-AI\audio_dataset\originals\alarm_siren\alarm_siren_0081.wav,alarm_siren,3.0,16000,1,,,,1,test
aggression_0252,aggression_0252.wav,C:\Users\Afzal Compters\Desktop\Sonic-sentinal-AI\audio_dataset\originals\aggression\aggression_0252.wav,aggression,3.0,16000,1,,,,1,test
panic_scream_0136,panic_scream_0136.wav,C:\Users\Afzal Compters\Desktop\Sonic-sentinal-AI\audio_dataset\originals\panic_scream\panic_scream_0136.wav,panic_scream,3.0,16000,1,,,,1,test
glass_breaking_0251,glass_breaking_0251.wav,C:\Users\Afzal Compters\Desktop\Sonic-sentinal-AI\audio_dataset\originals\glass_breaking\glass_breaking_0251.wav,glass_breaking,3.0,16000,1,,,,1,test
vehicle_horn_0041,vehicle_horn_0041.wav,C:\Users\Afzal Compters\Desktop\Sonic-sentinal-AI\audio_dataset\originals\vehicle_horn\vehicle_horn_0041.wav,vehicle_horn,3.0,16000,1,,,,1,test
glass_breaking_0214,glass_breaking_0214.wav,C:\Users\Afzal Compters\Desktop\Sonic-sentinal-AI\audio_dataset\originals\glass_breaking\glass_breaking_0214.wav,glass_breaking,3.0,16000,1,,,,1,test
panic_scream_0041,panic_scream_0041.wav,C:\Users\Afzal Compters\Desktop\Sonic-sentinal-AI\audio_dataset\originals\panic_scream\panic_scream_0041.wav,panic_scream,3.0,16000,1,,,,1,test
gunshot_0195,gunshot_0195.wav,C:\Users\Afzal Compters\Desktop\Sonic-sentinal-AI\audio_dataset\originals\gunshot\gunshot_0195.wav,gunshot,3.0,16000,1,,,,1,test
aggression_0234,aggression_0234.wav,C:\Users\Afzal Compters\Desktop\Sonic-sentinal-AI\audio_dataset\originals\aggression\aggression_0234.wav,aggression,3.0,16000,1,,,,1,test
gunshot_0021,gunshot_0021.wav,C:\Users\Afzal Compters\Desktop\Sonic-sentinal-AI\audio_dataset\originals\gunshot\gunshot_0021.wav,gunshot,3.0,16000,1,,,,1,test
alarm_siren_0181,alarm_siren_0181.wav,C:\Users\Afzal Compters\Desktop\Sonic-sentinal-AI\audio_dataset\originals\alarm_siren\alarm_siren_0181.wav,alarm_siren,3.0,16000,1,,,,1,test
glass_breaking_0153,glass_breaking_0153.wav,C:\Users\Afzal Compters\Desktop\Sonic-sentinal-AI\audio_dataset\originals\glass_breaking\glass_breaking_0153.wav,glass_breaking,3.0,16000,1,,,,1,test
panic_scream_0210,panic_scream_0210.wav,C:\Users\Afzal Compters\Desktop\Sonic-sentinal-AI\audio_dataset\originals\panic_scream\panic_scream_0210.wav,panic_scream,3.0,16000,1,,,,1,test
animal_sound_0192,animal_sound_0192.wav,C:\Users\Afzal Compters\Desktop\Sonic-sentinal-AI\audio_dataset\originals\animal_sound\animal_sound_0192.wav,animal_sound,3.0,16000,1,,,,1,test
alarm_siren_0114,alarm_siren_0114.wav,C:\Users\Afzal Compters\Desktop\Sonic-sentinal-AI\audio_dataset\originals\alarm_siren\alarm_siren_0114.wav,alarm_siren,3.0,16000,1,,,,1,test
glass_breaking_0137,glass_breaking_0137.wav,C:\Users\Afzal Compters\Desktop\Sonic-sentinal-AI\audio_dataset\originals\glass_breaking\glass_breaking_0137.wav,glass_breaking,3.0,16000,1,,,,1,test
panic_scream_0170,panic_scream_0170.wav,C:\Users\Afzal Compters\Desktop\Sonic-sentinal-AI\audio_dataset\originals\panic_scream\panic_scream_0170.wav,panic_scream,3.0,16000,1,,,,1,test
gunshot_0148,gunshot_0148.wav,C:\Users\Afzal Compters\Desktop\Sonic-sentinal-AI\audio_dataset\originals\gunshot\gunshot_0148.wav,gunshot,3.0,16000,1,,,,1,test
machinery_fault_0002,machinery_fault_0002.wav,C:\Users\Afzal Compters\Desktop\Sonic-sentinal-AI\audio_dataset\originals\machinery_fault\machinery_fault_0002.wav,machinery_fault,3.0,16000,1,,,,1,test
panic_scream_0255,panic_scream_0255.wav,C:\Users\Afzal Compters\Desktop\Sonic-sentinal-AI\audio_dataset\originals\panic_scream\panic_scream_0255.wav,panic_scream,3.0,16000,1,,,,1,test
animal_sound_0266,animal_sound_0266.wav,C:\Users\Afzal Compters\Desktop\Sonic-sentinal-AI\audio_dataset\originals\animal_sound\animal_sound_0266.wav,animal_sound,3.0,16000,1,,,,1,test
panic_scream_0045,panic_scream_0045.wav,C:\Users\Afzal Compters\Desktop\Sonic-sentinal-AI\audio_dataset\originals\panic_scream\panic_scream_0045.wav,panic_scream,3.0,16000,1,,,,1,test
vehicle_horn_0240,vehicle_horn_0240.wav,C:\Users\Afzal Compters\Desktop\Sonic-sentinal-AI\audio_dataset\originals\vehicle_horn\vehicle_horn_0240.wav,vehicle_horn,3.0,16000,1,,,,1,test
gunshot_0031,gunshot_0031.wav,C:\Users\Afzal Compters\Desktop\Sonic-sentinal-AI\audio_dataset\originals\gunshot\gunshot_0031.wav,gunshot,3.0,16000,1,,,,1,test
animal_sound_0213,animal_sound_0213.wav,C:\Users\Afzal Compters\Desktop\Sonic-sentinal-AI\audio_dataset\originals\animal_sound\animal_sound_0213.wav,animal_sound,3.0,16000,1,,,,1,test
machinery_fault_0143,machinery_fault_0143.wav,C:\Users\Afzal Compters\Desktop\Sonic-sentinal-AI\audio_dataset\originals\machinery_fault\machinery_fault_0143.wav,machinery_fault,3.0,16000,1,,,,1,test
background_noise_0111,background_noise_0111.wav,C:\Users\Afzal Compters\Desktop\Sonic-sentinal-AI\audio_dataset\originals\background_noise\background_noise_0111.wav,background_noise,3.0,16000,1,,,,1,test
background_noise_0027,background_noise_0027.wav,C:\Users\Afzal Compters\Desktop\Sonic-sentinal-AI\audio_dataset\originals\background_noise\background_noise_0027.wav,background_noise,3.0,16000,1,,,,1,test
panic_scream_0078,panic_scream_0078.wav,C:\Users\Afzal Compters\Desktop\Sonic-sentinal-AI\audio_dataset\originals\panic_scream\panic_scream_0078.wav,panic_scream,3.0,16000,1,,,,1,test
background_noise_0211,background_noise_0211.wav,C:\Users\Afzal Compters\Desktop\Sonic-sentinal-AI\audio_dataset\originals\background_noise\background_noise_0211.wav,background_noise,3.0,16000,1,,,,1,test
glass_breaking_0172,glass_breaking_0172.wav,C:\Users\Afzal Compters\Desktop\Sonic-sentinal-AI\audio_dataset\originals\glass_breaking\glass_breaking_0172.wav,glass_breaking,3.0,16000,1,,,,1,test
machinery_fault_0145,machinery_fault_0145.wav,C:\Users\Afzal Compters\Desktop\Sonic-sentinal-AI\audio_dataset\originals\machinery_fault\machinery_fault_0145.wav,machinery_fault,3.0,16000,1,,,,1,test
gunshot_0280,gunshot_0280.wav,C:\Users\Afzal Compters\Desktop\Sonic-sentinal-AI\audio_dataset\originals\gunshot\gunshot_0280.wav,gunshot,3.0,16000,1,,,,1,test
machinery_fault_0168,machinery_fault_0168.wav,C:\Users\Afzal Compters\Desktop\Sonic-sentinal-AI\audio_dataset\originals\machinery_fault\machinery_fault_0168.wav,machinery_fault,3.0,16000,1,,,,1,test
panic_scream_0245,panic_scream_0245.wav,C:\Users\Afzal Compters\Desktop\Sonic-sentinal-AI\audio_dataset\originals\panic_scream\panic_scream_0245.wav,panic_scream,3.0,16000,1,,,,1,test
glass_breaking_0020,glass_breaking_0020.wav,C:\Users\Afzal Compters\Desktop\Sonic-sentinal-AI\audio_dataset\originals\glass_breaking\glass_breaking_0020.wav,glass_breaking,3.0,16000,1,,,,1,test
aggression_0230,aggression_0230.wav,C:\Users\Afzal Compters\Desktop\Sonic-sentinal-AI\audio_dataset\originals\aggression\aggression_0230.wav,aggression,3.0,16000,1,,,,1,test
vehicle_horn_0274,vehicle_horn_0274.wav,C:\Users\Afzal Compters\Desktop\Sonic-sentinal-AI\audio_dataset\originals\vehicle_horn\vehicle_horn_0274.wav,vehicle_horn,3.0,16000,1,,,,1,test
animal_sound_0053,animal_sound_0053.wav,C:\Users\Afzal Compters\Desktop\Sonic-sentinal-AI\audio_dataset\originals\animal_sound\animal_sound_0053.wav,animal_sound,3.0,16000,1,,,,1,test
aggression_0233,aggression_0233.wav,C:\Users\Afzal Compters\Desktop\Sonic-sentinal-AI\audio_dataset\originals\aggression\aggression_0233.wav,aggression,3.0,16000,1,,,,1,test
alarm_siren_0229,alarm_siren_0229.wav,C:\Users\Afzal Compters\Desktop\Sonic-sentinal-AI\audio_dataset\originals\alarm_siren\alarm_siren_0229.wav,alarm_siren,3.0,16000,1,,,,1,test
panic_scream_0007,panic_scream_0007.wav,C:\Users\Afzal Compters\Desktop\Sonic-sentinal-AI\audio_dataset\originals\panic_scream\panic_scream_0007.wav,panic_scream,3.0,16000,1,,,,1,test
background_noise_0296,background_noise_0296.wav,C:\Users\Afzal Compters\Desktop\Sonic-sentinal-AI\audio_dataset\originals\background_noise\background_noise_0296.wav,background_noise,3.0,16000,1,,,,1,test
vehicle_horn_0207,vehicle_horn_0207.wav,C:\Users\Afzal Compters\Desktop\Sonic-sentinal-AI\audio_dataset\originals\vehicle_horn\vehicle_horn_0207.wav,vehicle_horn,3.0,16000,1,,,,1,test
machinery_fault_0172,machinery_fault_0172.wav,C:\Users\Afzal Compters\Desktop\Sonic-sentinal-AI\audio_dataset\originals\machinery_fault\machinery_fault_0172.wav,machinery_fault,3.0,16000,1,,,,1,test
vehicle_horn_0084,vehicle_horn_0084.wav,C:\Users\Afzal Compters\Desktop\Sonic-sentinal-AI\audio_dataset\originals\vehicle_horn\vehicle_horn_0084.wav,vehicle_horn,3.0,16000,1,,,,1,test
animal_sound_0140,animal_sound_0140.wav,C:\Users\Afzal Compters\Desktop\Sonic-sentinal-AI\audio_dataset\originals\animal_sound\animal_sound_0140.wav,animal_sound,3.0,16000,1,,,,1,test
machinery_fault_0068,machinery_fault_0068.wav,C:\Users\Afzal Compters\Desktop\Sonic-sentinal-AI\audio_dataset\originals\machinery_fault\machinery_fault_0068.wav,machinery_fault,3.0,16000,1,,,,1,test
gunshot_0082,gunshot_0082.wav,C:\Users\Afzal Compters\Desktop\Sonic-sentinal-AI\audio_dataset\originals\gunshot\gunshot_0082.wav,gunshot,3.0,16000,1,,,,1,test
alarm_siren_0088,alarm_siren_0088.wav,C:\Users\Afzal Compters\Desktop\Sonic-sentinal-AI\audio_dataset\originals\alarm_siren\alarm_siren_0088.wav,alarm_siren,3.0,16000,1,,,,1,test
background_noise_0164,background_noise_0164.wav,C:\Users\Afzal Compters\Desktop\Sonic-sentinal-AI\audio_dataset\originals\background_noise\background_noise_0164.wav,background_noise,3.0,16000,1,,,,1,test
vehicle_horn_0075,vehicle_horn_0075.wav,C:\Users\Afzal Compters\Desktop\Sonic-sentinal-AI\audio_dataset\originals\vehicle_horn\vehicle_horn_0075.wav,vehicle_horn,3.0,16000,1,,,,1,test
animal_sound_0079,animal_sound_0079.wav,C:\Users\Afzal Compters\Desktop\Sonic-sentinal-AI\audio_dataset\originals\animal_sound\animal_sound_0079.wav,animal_sound,3.0,16000,1,,,,1,test
background_noise_0062,background_noise_0062.wav,C:\Users\Afzal Compters\Desktop\Sonic-sentinal-AI\audio_dataset\originals\background_noise\background_noise_0062.wav,background_noise,3.0,16000,1,,,,1,test
animal_sound_0001,animal_sound_0001.wav,C:\Users\Afzal Compters\Desktop\Sonic-sentinal-AI\audio_dataset\originals\animal_sound\animal_sound_0001.wav,animal_sound,3.0,16000,1,,,,1,test
panic_scream_0112,panic_scream_0112.wav,C:\Users\Afzal Compters\Desktop\Sonic-sentinal-AI\audio_dataset\originals\panic_scream\panic_scream_0112.wav,panic_scream,3.0,16000,1,,,,1,test
aggression_0202,aggression_0202.wav,C:\Users\Afzal Compters\Desktop\Sonic-sentinal-AI\audio_dataset\originals\aggression\aggression_0202.wav,aggression,3.0,16000,1,,,,1,test
aggression_0026,aggression_0026.wav,C:\Users\Afzal Compters\Desktop\Sonic-sentinal-AI\audio_dataset\originals\aggression\aggression_0026.wav,aggression,3.0,16000,1,,,,1,test
panic_scream_0267,panic_scream_0267.wav,C:\Users\Afzal Compters\Desktop\Sonic-sentinal-AI\audio_dataset\originals\panic_scream\panic_scream_0267.wav,panic_scream,3.0,16000,1,,,,1,test
background_noise_0249,background_noise_0249.wav,C:\Users\Afzal Compters\Desktop\Sonic-sentinal-AI\audio_dataset\originals\background_noise\background_noise_0249.wav,background_noise,3.0,16000,1,,,,1,test
panic_scream_0138,panic_scream_0138.wav,C:\Users\Afzal Compters\Desktop\Sonic-sentinal-AI\audio_dataset\originals\panic_scream\panic_scream_0138.wav,panic_scream,3.0,16000,1,,,,1,test
background_noise_0236,background_noise_0236.wav,C:\Users\Afzal Compters\Desktop\Sonic-sentinal-AI\audio_dataset\originals\background_noise\background_noise_0236.wav,background_noise,3.0,16000,1,,,,1,test
panic_scream_0273,panic_scream_0273.wav,C:\Users\Afzal Compters\Desktop\Sonic-sentinal-AI\audio_dataset\originals\panic_scream\panic_scream_0273.wav,panic_scream,3.0,16000,1,,,,1,test
animal_sound_0041,animal_sound_0041.wav,C:\Users\Afzal Compters\Desktop\Sonic-sentinal-AI\audio_dataset\originals\animal_sound\animal_sound_0041.wav,animal_sound,3.0,16000,1,,,,1,test
vehicle_horn_0171,vehicle_horn_0171.wav,C:\Users\Afzal Compters\Desktop\Sonic-sentinal-AI\audio_dataset\originals\vehicle_horn\vehicle_horn_0171.wav,vehicle_horn,3.0,16000,1,,,,1,test
panic_scream_0175,panic_scream_0175.wav,C:\Users\Afzal Compters\Desktop\Sonic-sentinal-AI\audio_dataset\originals\panic_scream\panic_scream_0175.wav,panic_scream,3.0,16000,1,,,,1,test
aggression_0212,aggression_0212.wav,C:\Users\Afzal Compters\Desktop\Sonic-sentinal-AI\audio_dataset\originals\aggression\aggression_0212.wav,aggression,3.0,16000,1,,,,1,test
gunshot_0139,gunshot_0139.wav,C:\Users\Afzal Compters\Desktop\Sonic-sentinal-AI\audio_dataset\originals\gunshot\gunshot_0139.wav,gunshot,3.0,16000,1,,,,1,test
vehicle_horn_0117,vehicle_horn_0117.wav,C:\Users\Afzal Compters\Desktop\Sonic-sentinal-AI\audio_dataset\originals\vehicle_horn\vehicle_horn_0117.wav,vehicle_horn,3.0,16000,1,,,,1,test
glass_breaking_0033,glass_breaking_0033.wav,C:\Users\Afzal Compters\Desktop\Sonic-sentinal-AI\audio_dataset\originals\glass_breaking\glass_breaking_0033.wav,glass_breaking,3.0,16000,1,,,,1,test
background_noise_0231,background_noise_0231.wav,C:\Users\Afzal Compters\Desktop\Sonic-sentinal-AI\audio_dataset\originals\background_noise\background_noise_0231.wav,background_noise,3.0,16000,1,,,,1,test
vehicle_horn_0154,vehicle_horn_0154.wav,C:\Users\Afzal Compters\Desktop\Sonic-sentinal-AI\audio_dataset\originals\vehicle_horn\vehicle_horn_0154.wav,vehicle_horn,3.0,16000,1,,,,1,test
panic_scream_0185,panic_scream_0185.wav,C:\Users\Afzal Compters\Desktop\Sonic-sentinal-AI\audio_dataset\originals\panic_scream\panic_scream_0185.wav,panic_scream,3.0,16000,1,,,,1,test
animal_sound_0230,animal_sound_0230.wav,C:\Users\Afzal Compters\Desktop\Sonic-sentinal-AI\audio_dataset\originals\animal_sound\animal_sound_0230.wav,animal_sound,3.0,16000,1,,,,1,test
panic_scream_0252,panic_scream_0252.wav,C:\Users\Afzal Compters\Desktop\Sonic-sentinal-AI\audio_dataset\originals\panic_scream\panic_scream_0252.wav,panic_scream,3.0,16000,1,,,,1,test
alarm_siren_0087,alarm_siren_0087.wav,C:\Users\Afzal Compters\Desktop\Sonic-sentinal-AI\audio_dataset\originals\alarm_siren\alarm_siren_0087.wav,alarm_siren,3.0,16000,1,,,,1,test
animal_sound_0122,animal_sound_0122.wav,C:\Users\Afzal Compters\Desktop\Sonic-sentinal-AI\audio_dataset\originals\animal_sound\animal_sound_0122.wav,animal_sound,3.0,16000,1,,,,1,test
alarm_siren_0029,alarm_siren_0029.wav,C:\Users\Afzal Compters\Desktop\Sonic-sentinal-AI\audio_dataset\originals\alarm_siren\alarm_siren_0029.wav,alarm_siren,3.0,16000,1,,,,1,test
panic_scream_0130,panic_scream_0130.wav,C:\Users\Afzal Compters\Desktop\Sonic-sentinal-AI\audio_dataset\originals\panic_scream\panic_scream_0130.wav,panic_scream,3.0,16000,1,,,,1,test
machinery_fault_0185,machinery_fault_0185.wav,C:\Users\Afzal Compters\Desktop\Sonic-sentinal-AI\audio_dataset\originals\machinery_fault\machinery_fault_0185.wav,machinery_fault,3.0,16000,1,,,,1,test
glass_breaking_0181,glass_breaking_0181.wav,C:\Users\Afzal Compters\Desktop\Sonic-sentinal-AI\audio_dataset\originals\glass_breaking\glass_breaking_0181.wav,glass_breaking,3.0,16000,1,,,,1,test
vehicle_horn_0013,vehicle_horn_0013.wav,C:\Users\Afzal Compters\Desktop\Sonic-sentinal-AI\audio_dataset\originals\vehicle_horn\vehicle_horn_0013.wav,vehicle_horn,3.0,16000,1,,,,1,test
animal_sound_0067,animal_sound_0067.wav,C:\Users\Afzal Compters\Desktop\Sonic-sentinal-AI\audio_dataset\originals\animal_sound\animal_sound_0067.wav,animal_sound,3.0,16000,1,,,,1,test
alarm_siren_0063,alarm_siren_0063.wav,C:\Users\Afzal Compters\Desktop\Sonic-sentinal-AI\audio_dataset\originals\alarm_siren\alarm_siren_0063.wav,alarm_siren,3.0,16000,1,,,,1,test
vehicle_horn_0182,vehicle_horn_0182.wav,C:\Users\Afzal Compters\Desktop\Sonic-sentinal-AI\audio_dataset\originals\vehicle_horn\vehicle_horn_0182.wav,vehicle_horn,3.0,16000,1,,,,1,test
alarm_siren_0293,alarm_siren_0293.wav,C:\Users\Afzal Compters\Desktop\Sonic-sentinal-AI\audio_dataset\originals\alarm_siren\alarm_siren_0293.wav,alarm_siren,3.0,16000,1,,,,1,test
vehicle_horn_0245,vehicle_horn_0245.wav,C:\Users\Afzal Compters\Desktop\Sonic-sentinal-AI\audio_dataset\originals\vehicle_horn\vehicle_horn_0245.wav,vehicle_horn,3.0,16000,1,,,,1,test
vehicle_horn_0005,vehicle_horn_0005.wav,C:\Users\Afzal Compters\Desktop\Sonic-sentinal-AI\audio_dataset\originals\vehicle_horn\vehicle_horn_0005.wav,vehicle_horn,3.0,16000,1,,,,1,test
vehicle_horn_0062,vehicle_horn_0062.wav,C:\Users\Afzal Compters\Desktop\Sonic-sentinal-AI\audio_dataset\originals\vehicle_horn\vehicle_horn_0062.wav,vehicle_horn,3.0,16000,1,,,,1,test
gunshot_0145,gunshot_0145.wav,C:\Users\Afzal Compters\Desktop\Sonic-sentinal-AI\audio_dataset\originals\gunshot\gunshot_0145.wav,gunshot,3.0,16000,1,,,,1,test
background_noise_0157,background_noise_0157.wav,C:\Users\Afzal Compters\Desktop\Sonic-sentinal-AI\audio_dataset\originals\background_noise\background_noise_0157.wav,background_noise,3.0,16000,1,,,,1,test
panic_scream_0298,panic_scream_0298.wav,C:\Users\Afzal Compters\Desktop\Sonic-sentinal-AI\audio_dataset\originals\panic_scream\panic_scream_0298.wav,panic_scream,3.0,16000,1,,,,1,test
background_noise_0150,background_noise_0150.wav,C:\Users\Afzal Compters\Desktop\Sonic-sentinal-AI\audio_dataset\originals\background_noise\background_noise_0150.wav,background_noise,3.0,16000,1,,,,1,test
background_noise_0162,background_noise_0162.wav,C:\Users\Afzal Compters\Desktop\Sonic-sentinal-AI\audio_dataset\originals\background_noise\background_noise_0162.wav,background_noise,3.0,16000,1,,,,1,test
machinery_fault_0092,machinery_fault_0092.wav,C:\Users\Afzal Compters\Desktop\Sonic-sentinal-AI\audio_dataset\originals\machinery_fault\machinery_fault_0092.wav,machinery_fault,3.0,16000,1,,,,1,test
panic_scream_0076,panic_scream_0076.wav,C:\Users\Afzal Compters\Desktop\Sonic-sentinal-AI\audio_dataset\originals\panic_scream\panic_scream_0076.wav,panic_scream,3.0,16000,1,,,,1,test
panic_scream_0268,panic_scream_0268.wav,C:\Users\Afzal Compters\Desktop\Sonic-sentinal-AI\audio_dataset\originals\panic_scream\panic_scream_0268.wav,panic_scream,3.0,16000,1,,,,1,test
panic_scream_0280,panic_scream_0280.wav,C:\Users\Afzal Compters\Desktop\Sonic-sentinal-AI\audio_dataset\originals\panic_scream\panic_scream_0280.wav,panic_scream,3.0,16000,1,,,,1,test
vehicle_horn_0034,vehicle_horn_0034.wav,C:\Users\Afzal Compters\Desktop\Sonic-sentinal-AI\audio_dataset\originals\vehicle_horn\vehicle_horn_0034.wav,vehicle_horn,3.0,16000,1,,,,1,test
gunshot_0070,gunshot_0070.wav,C:\Users\Afzal Compters\Desktop\Sonic-sentinal-AI\audio_dataset\originals\gunshot\gunshot_0070.wav,gunshot,3.0,16000,1,,,,1,test
background_noise_0105,background_noise_0105.wav,C:\Users\Afzal Compters\Desktop\Sonic-sentinal-AI\audio_dataset\originals\background_noise\background_noise_0105.wav,background_noise,3.0,16000,1,,,,1,test
machinery_fault_0175,machinery_fault_0175.wav,C:\Users\Afzal Compters\Desktop\Sonic-sentinal-AI\audio_dataset\originals\machinery_fault\machinery_fault_0175.wav,machinery_fault,3.0,16000,1,,,,1,test
aggression_0074,aggression_0074.wav,C:\Users\Afzal Compters\Desktop\Sonic-sentinal-AI\audio_dataset\originals\aggression\aggression_0074.wav,aggression,3.0,16000,1,,,,1,test
alarm_siren_0276,alarm_siren_0276.wav,C:\Users\Afzal Compters\Desktop\Sonic-sentinal-AI\audio_dataset\originals\alarm_siren\alarm_siren_0276.wav,alarm_siren,3.0,16000,1,,,,1,test
alarm_siren_0035,alarm_siren_0035.wav,C:\Users\Afzal Compters\Desktop\Sonic-sentinal-AI\audio_dataset\originals\alarm_siren\alarm_siren_0035.wav,alarm_siren,3.0,16000,1,,,,1,test
vehicle_horn_0004,vehicle_horn_0004.wav,C:\Users\Afzal Compters\Desktop\Sonic-sentinal-AI\audio_dataset\originals\vehicle_horn\vehicle_horn_0004.wav,vehicle_horn,3.0,16000,1,,,,1,test
alarm_siren_0256,alarm_siren_0256.wav,C:\Users\Afzal Compters\Desktop\Sonic-sentinal-AI\audio_dataset\originals\alarm_siren\alarm_siren_0256.wav,alarm_siren,3.0,16000,1,,,,1,test
vehicle_horn_0086,vehicle_horn_0086.wav,C:\Users\Afzal Compters\Desktop\Sonic-sentinal-AI\audio_dataset\originals\vehicle_horn\vehicle_horn_0086.wav,vehicle_horn,3.0,16000,1,,,,1,test
machinery_fault_0234,machinery_fault_0234.wav,C:\Users\Afzal Compters\Desktop\Sonic-sentinal-AI\audio_dataset\originals\machinery_fault\machinery_fault_0234.wav,machinery_fault,3.0,16000,1,,,,1,test
background_noise_0240,background_noise_0240.wav,C:\Users\Afzal Compters\Desktop\Sonic-sentinal-AI\audio_dataset\originals\background_noise\background_noise_0240.wav,background_noise,3.0,16000,1,,,,1,test
background_noise_0113,background_noise_0113.wav,C:\Users\Afzal Compters\Desktop\Sonic-sentinal-AI\audio_dataset\originals\background_noise\background_noise_0113.wav,background_noise,3.0,16000,1,,,,1,test
background_noise_0278,background_noise_0278.wav,C:\Users\Afzal Compters\Desktop\Sonic-sentinal-AI\audio_dataset\originals\background_noise\background_noise_0278.wav,background_noise,3.0,16000,1,,,,1,test
glass_breaking_0195,glass_breaking_0195.wav,C:\Users\Afzal Compters\Desktop\Sonic-sentinal-AI\audio_dataset\originals\glass_breaking\glass_breaking_0195.wav,glass_breaking,3.0,16000,1,,,,1,test
glass_breaking_0278,glass_breaking_0278.wav,C:\Users\Afzal Compters\Desktop\Sonic-sentinal-AI\audio_dataset\originals\glass_breaking\glass_breaking_0278.wav,glass_breaking,3.0,16000,1,,,,1,test
machinery_fault_0144,machinery_fault_0144.wav,C:\Users\Afzal Compters\Desktop\Sonic-sentinal-AI\audio_dataset\originals\machinery_fault\machinery_fault_0144.wav,machinery_fault,3.0,16000,1,,,,1,test
machinery_fault_0106,machinery_fault_0106.wav,C:\Users\Afzal Compters\Desktop\Sonic-sentinal-AI\audio_dataset\originals\machinery_fault\machinery_fault_0106.wav,machinery_fault,3.0,16000,1,,,,1,test
glass_breaking_0127,glass_breaking_0127.wav,C:\Users\Afzal Compters\Desktop\Sonic-sentinal-AI\audio_dataset\originals\glass_breaking\glass_breaking_0127.wav,glass_breaking,3.0,16000,1,,,,1,test
vehicle_horn_0051,vehicle_horn_0051.wav,C:\Users\Afzal Compters\Desktop\Sonic-sentinal-AI\audio_dataset\originals\vehicle_horn\vehicle_horn_0051.wav,vehicle_horn,3.0,16000,1,,,,1,test
vehicle_horn_0246,vehicle_horn_0246.wav,C:\Users\Afzal Compters\Desktop\Sonic-sentinal-AI\audio_dataset\originals\vehicle_horn\vehicle_horn_0246.wav,vehicle_horn,3.0,16000,1,,,,1,test
aggression_0193,aggression_0193.wav,C:\Users\Afzal Compters\Desktop\Sonic-sentinal-AI\audio_dataset\originals\aggression\aggression_0193.wav,aggression,3.0,16000,1,,,,1,test
glass_breaking_0213,glass_breaking_0213.wav,C:\Users\Afzal Compters\Desktop\Sonic-sentinal-AI\audio_dataset\originals\glass_breaking\glass_breaking_0213.wav,glass_breaking,3.0,16000,1,,,,1,test
glass_breaking_0171,glass_breaking_0171.wav,C:\Users\Afzal Compters\Desktop\Sonic-sentinal-AI\audio_dataset\originals\glass_breaking\glass_breaking_0171.wav,glass_breaking,3.0,16000,1,,,,1,test
animal_sound_0179,animal_sound_0179.wav,C:\Users\Afzal Compters\Desktop\Sonic-sentinal-AI\audio_dataset\originals\animal_sound\animal_sound_0179.wav,animal_sound,3.0,16000,1,,,,1,test
glass_breaking_0242,glass_breaking_0242.wav,C:\Users\Afzal Compters\Desktop\Sonic-sentinal-AI\audio_dataset\originals\glass_breaking\glass_breaking_0242.wav,glass_breaking,3.0,16000,1,,,,1,test
background_noise_0197,background_noise_0197.wav,C:\Users\Afzal Compters\Desktop\Sonic-sentinal-AI\audio_dataset\originals\background_noise\background_noise_0197.wav,background_noise,3.0,16000,1,,,,1,test
vehicle_horn_0260,vehicle_horn_0260.wav,C:\Users\Afzal Compters\Desktop\Sonic-sentinal-AI\audio_dataset\originals\vehicle_horn\vehicle_horn_0260.wav,vehicle_horn,3.0,16000,1,,,,1,test
glass_breaking_0245,glass_breaking_0245.wav,C:\Users\Afzal Compters\Desktop\Sonic-sentinal-AI\audio_dataset\originals\glass_breaking\glass_breaking_0245.wav,glass_breaking,3.0,16000,1,,,,1,test
gunshot_0069,gunshot_0069.wav,C:\Users\Afzal Compters\Desktop\Sonic-sentinal-AI\audio_dataset\originals\gunshot\gunshot_0069.wav,gunshot,3.0,16000,1,,,,1,test
gunshot_0103,gunshot_0103.wav,C:\Users\Afzal Compters\Desktop\Sonic-sentinal-AI\audio_dataset\originals\gunshot\gunshot_0103.wav,gunshot,3.0,16000,1,,,,1,test
background_noise_0227,background_noise_0227.wav,C:\Users\Afzal Compters\Desktop\Sonic-sentinal-AI\audio_dataset\originals\background_noise\background_noise_0227.wav,background_noise,3.0,16000,1,,,,1,test
glass_breaking_0156,glass_breaking_0156.wav,C:\Users\Afzal Compters\Desktop\Sonic-sentinal-AI\audio_dataset\originals\glass_breaking\glass_breaking_0156.wav,glass_breaking,3.0,16000,1,,,,1,test
machinery_fault_0262,machinery_fault_0262.wav,C:\Users\Afzal Compters\Desktop\Sonic-sentinal-AI\audio_dataset\originals\machinery_fault\machinery_fault_0262.wav,machinery_fault,3.0,16000,1,,,,1,test
panic_scream_0033,panic_scream_0033.wav,C:\Users\Afzal Compters\Desktop\Sonic-sentinal-AI\audio_dataset\originals\panic_scream\panic_scream_0033.wav,panic_scream,3.0,16000,1,,,,1,test
gunshot_0046,gunshot_0046.wav,C:\Users\Afzal Compters\Desktop\Sonic-sentinal-AI\audio_dataset\originals\gunshot\gunshot_0046.wav,gunshot,3.0,16000,1,,,,1,test
alarm_siren_0153,alarm_siren_0153.wav,C:\Users\Afzal Compters\Desktop\Sonic-sentinal-AI\audio_dataset\originals\alarm_siren\alarm_siren_0153.wav,alarm_siren,3.0,16000,1,,,,1,test
panic_scream_0177,panic_scream_0177.wav,C:\Users\Afzal Compters\Desktop\Sonic-sentinal-AI\audio_dataset\originals\panic_scream\panic_scream_0177.wav,panic_scream,3.0,16000,1,,,,1,test
animal_sound_0240,animal_sound_0240.wav,C:\Users\Afzal Compters\Desktop\Sonic-sentinal-AI\audio_dataset\originals\animal_sound\animal_sound_0240.wav,animal_sound,3.0,16000,1,,,,1,test
vehicle_horn_0276,vehicle_horn_0276.wav,C:\Users\Afzal Compters\Desktop\Sonic-sentinal-AI\audio_dataset\originals\vehicle_horn\vehicle_horn_0276.wav,vehicle_horn,3.0,16000,1,,,,1,test
animal_sound_0078,animal_sound_0078.wav,C:\Users\Afzal Compters\Desktop\Sonic-sentinal-AI\audio_dataset\originals\animal_sound\animal_sound_0078.wav,animal_sound,3.0,16000,1,,,,1,test
machinery_fault_0189,machinery_fault_0189.wav,C:\Users\Afzal Compters\Desktop\Sonic-sentinal-AI\audio_dataset\originals\machinery_fault\machinery_fault_0189.wav,machinery_fault,3.0,16000,1,,,,1,test
gunshot_0067,gunshot_0067.wav,C:\Users\Afzal Compters\Desktop\Sonic-sentinal-AI\audio_dataset\originals\gunshot\gunshot_0067.wav,gunshot,3.0,16000,1,,,,1,test
aggression_0225,aggression_0225.wav,C:\Users\Afzal Compters\Desktop\Sonic-sentinal-AI\audio_dataset\originals\aggression\aggression_0225.wav,aggression,3.0,16000,1,,,,1,test
gunshot_0057,gunshot_0057.wav,C:\Users\Afzal Compters\Desktop\Sonic-sentinal-AI\audio_dataset\originals\gunshot\gunshot_0057.wav,gunshot,3.0,16000,1,,,,1,test
panic_scream_0020,panic_scream_0020.wav,C:\Users\Afzal Compters\Desktop\Sonic-sentinal-AI\audio_dataset\originals\panic_scream\panic_scream_0020.wav,panic_scream,3.0,16000,1,,,,1,test
alarm_siren_0130,alarm_siren_0130.wav,C:\Users\Afzal Compters\Desktop\Sonic-sentinal-AI\audio_dataset\originals\alarm_siren\alarm_siren_0130.wav,alarm_siren,3.0,16000,1,,,,1,test
gunshot_0211,gunshot_0211.wav,C:\Users\Afzal Compters\Desktop\Sonic-sentinal-AI\audio_dataset\originals\gunshot\gunshot_0211.wav,gunshot,3.0,16000,1,,,,1,test
panic_scream_0101,panic_scream_0101.wav,C:\Users\Afzal Compters\Desktop\Sonic-sentinal-AI\audio_dataset\originals\panic_scream\panic_scream_0101.wav,panic_scream,3.0,16000,1,,,,1,test
alarm_siren_0225,alarm_siren_0225.wav,C:\Users\Afzal Compters\Desktop\Sonic-sentinal-AI\audio_dataset\originals\alarm_siren\alarm_siren_0225.wav,alarm_siren,3.0,16000,1,,,,1,test
vehicle_horn_0150,vehicle_horn_0150.wav,C:\Users\Afzal Compters\Desktop\Sonic-sentinal-AI\audio_dataset\originals\vehicle_horn\vehicle_horn_0150.wav,vehicle_horn,3.0,16000,1,,,,1,test
glass_breaking_0005,glass_breaking_0005.wav,C:\Users\Afzal Compters\Desktop\Sonic-sentinal-AI\audio_dataset\originals\glass_breaking\glass_breaking_0005.wav,glass_breaking,3.0,16000,1,,,,1,test
gunshot_0017,gunshot_0017.wav,C:\Users\Afzal Compters\Desktop\Sonic-sentinal-AI\audio_dataset\originals\gunshot\gunshot_0017.wav,gunshot,3.0,16000,1,,,,1,test
background_noise_0037,background_noise_0037.wav,C:\Users\Afzal Compters\Desktop\Sonic-sentinal-AI\audio_dataset\originals\background_noise\background_noise_0037.wav,background_noise,3.0,16000,1,,,,1,test
background_noise_0087,background_noise_0087.wav,C:\Users\Afzal Compters\Desktop\Sonic-sentinal-AI\audio_dataset\originals\background_noise\background_noise_0087.wav,background_noise,3.0,16000,1,,,,1,test
animal_sound_0152,animal_sound_0152.wav,C:\Users\Afzal Compters\Desktop\Sonic-sentinal-AI\audio_dataset\originals\animal_sound\animal_sound_0152.wav,animal_sound,3.0,16000,1,,,,1,test
